
	/* ------------- BESTOFFICES ---------------- */ 
INSERT INTO BESTOFFICES (LOCATION, NUMBEREMPLOYEES, NAME, ID) VALUES ('A', 'A', 'A', 1);
INSERT INTO BESTOFFICES (LOCATION, NUMBEREMPLOYEES, NAME, ID) VALUES ('B', 'B', 'B', 2);
INSERT INTO BESTOFFICES (LOCATION, NUMBEREMPLOYEES, NAME, ID) VALUES ('C', 'C', 'C', 3);
INSERT INTO BESTOFFICES (LOCATION, NUMBEREMPLOYEES, NAME, ID) VALUES ('D', 'D', 'D', 4);
INSERT INTO BESTOFFICES (LOCATION, NUMBEREMPLOYEES, NAME, ID) VALUES ('E', 'E', 'E', 5);
INSERT INTO BESTOFFICES (LOCATION, NUMBEREMPLOYEES, NAME, ID) VALUES ('F', 'F', 'F', 6);
INSERT INTO BESTOFFICES (LOCATION, NUMBEREMPLOYEES, NAME, ID) VALUES ('G', 'G', 'G', 7);
INSERT INTO BESTOFFICES (LOCATION, NUMBEREMPLOYEES, NAME, ID) VALUES ('H', 'H', 'H', 8);
INSERT INTO BESTOFFICES (LOCATION, NUMBEREMPLOYEES, NAME, ID) VALUES ('I', 'I', 'I', 9);
INSERT INTO BESTOFFICES (LOCATION, NUMBEREMPLOYEES, NAME, ID) VALUES ('J', 'J', 'J', 10);
INSERT INTO BESTOFFICES (LOCATION, NUMBEREMPLOYEES, NAME, ID) VALUES ('K', 'K', 'K', 11);
INSERT INTO BESTOFFICES (LOCATION, NUMBEREMPLOYEES, NAME, ID) VALUES ('L', 'L', 'L', 12);
INSERT INTO BESTOFFICES (LOCATION, NUMBEREMPLOYEES, NAME, ID) VALUES ('M', 'M', 'M', 13);
INSERT INTO BESTOFFICES (LOCATION, NUMBEREMPLOYEES, NAME, ID) VALUES ('N', 'N', 'N', 14);
INSERT INTO BESTOFFICES (LOCATION, NUMBEREMPLOYEES, NAME, ID) VALUES ('O', 'O', 'O', 15);
INSERT INTO BESTOFFICES (LOCATION, NUMBEREMPLOYEES, NAME, ID) VALUES ('P', 'P', 'P', 16);
INSERT INTO BESTOFFICES (LOCATION, NUMBEREMPLOYEES, NAME, ID) VALUES ('Q', 'Q', 'Q', 17);
INSERT INTO BESTOFFICES (LOCATION, NUMBEREMPLOYEES, NAME, ID) VALUES ('R', 'R', 'R', 18);
INSERT INTO BESTOFFICES (LOCATION, NUMBEREMPLOYEES, NAME, ID) VALUES ('S', 'S', 'S', 19);
INSERT INTO BESTOFFICES (LOCATION, NUMBEREMPLOYEES, NAME, ID) VALUES ('T', 'T', 'T', 20);
INSERT INTO BESTOFFICES (LOCATION, NUMBEREMPLOYEES, NAME, ID) VALUES ('U', 'U', 'U', 21);
INSERT INTO BESTOFFICES (LOCATION, NUMBEREMPLOYEES, NAME, ID) VALUES ('V', 'V', 'V', 22);
INSERT INTO BESTOFFICES (LOCATION, NUMBEREMPLOYEES, NAME, ID) VALUES ('W', 'W', 'W', 23);
INSERT INTO BESTOFFICES (LOCATION, NUMBEREMPLOYEES, NAME, ID) VALUES ('X', 'X', 'X', 24);
INSERT INTO BESTOFFICES (LOCATION, NUMBEREMPLOYEES, NAME, ID) VALUES ('Y', 'Y', 'Y', 25);
INSERT INTO BESTOFFICES (LOCATION, NUMBEREMPLOYEES, NAME, ID) VALUES ('Z', 'Z', 'Z', 26);
INSERT INTO BESTOFFICES (LOCATION, NUMBEREMPLOYEES, NAME, ID) VALUES ('AA', 'AA', 'AA', 27);
INSERT INTO BESTOFFICES (LOCATION, NUMBEREMPLOYEES, NAME, ID) VALUES ('BBB', 'BBB', 'BBB', 28);
INSERT INTO BESTOFFICES (LOCATION, NUMBEREMPLOYEES, NAME, ID) VALUES ('CCCC', 'CCCC', 'CCCC', 29);
INSERT INTO BESTOFFICES (LOCATION, NUMBEREMPLOYEES, NAME, ID) VALUES ('DDDDD', 'DDDDD', 'DDDDD', 30);
INSERT INTO BESTOFFICES (LOCATION, NUMBEREMPLOYEES, NAME, ID) VALUES ('EEEEEE', 'EEEEEE', 'EEEEEE', 31);
INSERT INTO BESTOFFICES (LOCATION, NUMBEREMPLOYEES, NAME, ID) VALUES ('FFFFFFF', 'FFFFFFF', 'FFFFFFF', 32);
INSERT INTO BESTOFFICES (LOCATION, NUMBEREMPLOYEES, NAME, ID) VALUES ('GGGGGGGG', 'GGGGGGGG', 'GGGGGGGG', 33);
INSERT INTO BESTOFFICES (LOCATION, NUMBEREMPLOYEES, NAME, ID) VALUES ('HHHHHHHHH', 'HHHHHHHHH', 'HHHHHHHHH', 34);
INSERT INTO BESTOFFICES (LOCATION, NUMBEREMPLOYEES, NAME, ID) VALUES ('IIIIIIIIII', 'IIIIIIIIII', 'IIIIIIIIII', 35);
INSERT INTO BESTOFFICES (LOCATION, NUMBEREMPLOYEES, NAME, ID) VALUES ('JJJJJJJJJJJ', 'JJJJJJJJJJJ', 'JJJJJJJJJJJ', 36);
INSERT INTO BESTOFFICES (LOCATION, NUMBEREMPLOYEES, NAME, ID) VALUES ('KKKKKKKKKKKK', 'KKKKKKKKKKKK', 'KKKKKKKKKKKK', 37);
INSERT INTO BESTOFFICES (LOCATION, NUMBEREMPLOYEES, NAME, ID) VALUES ('LLLLLLLLLLLLL', 'LLLLLLLLLLLLL', 'LLLLLLLLLLLLL', 38);
INSERT INTO BESTOFFICES (LOCATION, NUMBEREMPLOYEES, NAME, ID) VALUES ('MMMMMMMMMMMMMM', 'MMMMMMMMMMMMMM', 'MMMMMMMMMMMMMM', 39);
INSERT INTO BESTOFFICES (LOCATION, NUMBEREMPLOYEES, NAME, ID) VALUES ('NNNNNNNNNNNNNNN', 'NNNNNNNNNNNNNNN', 'NNNNNNNNNNNNNNN', 40);
INSERT INTO BESTOFFICES (LOCATION, NUMBEREMPLOYEES, NAME, ID) VALUES ('OOOOOOOOOOOOOOOO', 'OOOOOOOOOOOOOOOO', 'OOOOOOOOOOOOOOOO', 41);
INSERT INTO BESTOFFICES (LOCATION, NUMBEREMPLOYEES, NAME, ID) VALUES ('PPPPPPPPPPPPPPPPP', 'PPPPPPPPPPPPPPPPP', 'PPPPPPPPPPPPPPPPP', 42);
INSERT INTO BESTOFFICES (LOCATION, NUMBEREMPLOYEES, NAME, ID) VALUES ('QQQQQQQQQQQQQQQQQQ', 'QQQQQQQQQQQQQQQQQQ', 'QQQQQQQQQQQQQQQQQQ', 43);
INSERT INTO BESTOFFICES (LOCATION, NUMBEREMPLOYEES, NAME, ID) VALUES ('RRRRRRRRRRRRRRRRRRR', 'RRRRRRRRRRRRRRRRRRR', 'RRRRRRRRRRRRRRRRRRR', 44);
INSERT INTO BESTOFFICES (LOCATION, NUMBEREMPLOYEES, NAME, ID) VALUES ('SSSSSSSSSSSSSSSSSSSS', 'SSSSSSSSSSSSSSSSSSSS', 'SSSSSSSSSSSSSSSSSSSS', 45);
INSERT INTO BESTOFFICES (LOCATION, NUMBEREMPLOYEES, NAME, ID) VALUES ('TTTTTTTTTTTTTTTTTTTTT', 'TTTTTTTTTTTTTTTTTTTTT', 'TTTTTTTTTTTTTTTTTTTTT', 46);
INSERT INTO BESTOFFICES (LOCATION, NUMBEREMPLOYEES, NAME, ID) VALUES ('UUUUUUUUUUUUUUUUUUUUUU', 'UUUUUUUUUUUUUUUUUUUUUU', 'UUUUUUUUUUUUUUUUUUUUUU', 47);
INSERT INTO BESTOFFICES (LOCATION, NUMBEREMPLOYEES, NAME, ID) VALUES ('VVVVVVVVVVVVVVVVVVVVVVV', 'VVVVVVVVVVVVVVVVVVVVVVV', 'VVVVVVVVVVVVVVVVVVVVVVV', 48);
INSERT INTO BESTOFFICES (LOCATION, NUMBEREMPLOYEES, NAME, ID) VALUES ('WWWWWWWWWWWWWWWWWWWWWWWW', 'WWWWWWWWWWWWWWWWWWWWWWWW', 'WWWWWWWWWWWWWWWWWWWWWWWW', 49);
INSERT INTO BESTOFFICES (LOCATION, NUMBEREMPLOYEES, NAME, ID) VALUES ('XXXXXXXXXXXXXXXXXXXXXXXXX', 'XXXXXXXXXXXXXXXXXXXXXXXXX', 'XXXXXXXXXXXXXXXXXXXXXXXXX', 50);
INSERT INTO BESTOFFICES (LOCATION, NUMBEREMPLOYEES, NAME, ID) VALUES ('YYYYYYYYYYYYYYYYYYYYYYYYYY', 'YYYYYYYYYYYYYYYYYYYYYYYYYY', 'YYYYYYYYYYYYYYYYYYYYYYYYYY', 51);
INSERT INTO BESTOFFICES (LOCATION, NUMBEREMPLOYEES, NAME, ID) VALUES ('AA_', 'AA_', 'AA_', 52);
INSERT INTO BESTOFFICES (LOCATION, NUMBEREMPLOYEES, NAME, ID) VALUES ('AAA', 'AAA', 'AAA', 53);
INSERT INTO BESTOFFICES (LOCATION, NUMBEREMPLOYEES, NAME, ID) VALUES ('BBBB', 'BBBB', 'BBBB', 54);
INSERT INTO BESTOFFICES (LOCATION, NUMBEREMPLOYEES, NAME, ID) VALUES ('CCCCC', 'CCCCC', 'CCCCC', 55);
INSERT INTO BESTOFFICES (LOCATION, NUMBEREMPLOYEES, NAME, ID) VALUES ('DDDDDD', 'DDDDDD', 'DDDDDD', 56);
INSERT INTO BESTOFFICES (LOCATION, NUMBEREMPLOYEES, NAME, ID) VALUES ('EEEEEEE', 'EEEEEEE', 'EEEEEEE', 57);
INSERT INTO BESTOFFICES (LOCATION, NUMBEREMPLOYEES, NAME, ID) VALUES ('FFFFFFFF', 'FFFFFFFF', 'FFFFFFFF', 58);
INSERT INTO BESTOFFICES (LOCATION, NUMBEREMPLOYEES, NAME, ID) VALUES ('GGGGGGGGG', 'GGGGGGGGG', 'GGGGGGGGG', 59);
INSERT INTO BESTOFFICES (LOCATION, NUMBEREMPLOYEES, NAME, ID) VALUES ('HHHHHHHHHH', 'HHHHHHHHHH', 'HHHHHHHHHH', 60);
INSERT INTO BESTOFFICES (LOCATION, NUMBEREMPLOYEES, NAME, ID) VALUES ('IIIIIIIIIII', 'IIIIIIIIIII', 'IIIIIIIIIII', 61);
INSERT INTO BESTOFFICES (LOCATION, NUMBEREMPLOYEES, NAME, ID) VALUES ('JJJJJJJJJJJJ', 'JJJJJJJJJJJJ', 'JJJJJJJJJJJJ', 62);
INSERT INTO BESTOFFICES (LOCATION, NUMBEREMPLOYEES, NAME, ID) VALUES ('KKKKKKKKKKKKK', 'KKKKKKKKKKKKK', 'KKKKKKKKKKKKK', 63);
INSERT INTO BESTOFFICES (LOCATION, NUMBEREMPLOYEES, NAME, ID) VALUES ('LLLLLLLLLLLLLL', 'LLLLLLLLLLLLLL', 'LLLLLLLLLLLLLL', 64);
INSERT INTO BESTOFFICES (LOCATION, NUMBEREMPLOYEES, NAME, ID) VALUES ('MMMMMMMMMMMMMMM', 'MMMMMMMMMMMMMMM', 'MMMMMMMMMMMMMMM', 65);
INSERT INTO BESTOFFICES (LOCATION, NUMBEREMPLOYEES, NAME, ID) VALUES ('NNNNNNNNNNNNNNNN', 'NNNNNNNNNNNNNNNN', 'NNNNNNNNNNNNNNNN', 66);
INSERT INTO BESTOFFICES (LOCATION, NUMBEREMPLOYEES, NAME, ID) VALUES ('OOOOOOOOOOOOOOOOO', 'OOOOOOOOOOOOOOOOO', 'OOOOOOOOOOOOOOOOO', 67);
INSERT INTO BESTOFFICES (LOCATION, NUMBEREMPLOYEES, NAME, ID) VALUES ('PPPPPPPPPPPPPPPPPP', 'PPPPPPPPPPPPPPPPPP', 'PPPPPPPPPPPPPPPPPP', 68);
INSERT INTO BESTOFFICES (LOCATION, NUMBEREMPLOYEES, NAME, ID) VALUES ('QQQQQQQQQQQQQQQQQQQ', 'QQQQQQQQQQQQQQQQQQQ', 'QQQQQQQQQQQQQQQQQQQ', 69);
INSERT INTO BESTOFFICES (LOCATION, NUMBEREMPLOYEES, NAME, ID) VALUES ('RRRRRRRRRRRRRRRRRRRR', 'RRRRRRRRRRRRRRRRRRRR', 'RRRRRRRRRRRRRRRRRRRR', 70);
INSERT INTO BESTOFFICES (LOCATION, NUMBEREMPLOYEES, NAME, ID) VALUES ('SSSSSSSSSSSSSSSSSSSSS', 'SSSSSSSSSSSSSSSSSSSSS', 'SSSSSSSSSSSSSSSSSSSSS', 71);
INSERT INTO BESTOFFICES (LOCATION, NUMBEREMPLOYEES, NAME, ID) VALUES ('TTTTTTTTTTTTTTTTTTTTTT', 'TTTTTTTTTTTTTTTTTTTTTT', 'TTTTTTTTTTTTTTTTTTTTTT', 72);
INSERT INTO BESTOFFICES (LOCATION, NUMBEREMPLOYEES, NAME, ID) VALUES ('UUUUUUUUUUUUUUUUUUUUUUU', 'UUUUUUUUUUUUUUUUUUUUUUU', 'UUUUUUUUUUUUUUUUUUUUUUU', 73);
INSERT INTO BESTOFFICES (LOCATION, NUMBEREMPLOYEES, NAME, ID) VALUES ('VVVVVVVVVVVVVVVVVVVVVVVV', 'VVVVVVVVVVVVVVVVVVVVVVVV', 'VVVVVVVVVVVVVVVVVVVVVVVV', 74);
INSERT INTO BESTOFFICES (LOCATION, NUMBEREMPLOYEES, NAME, ID) VALUES ('WWWWWWWWWWWWWWWWWWWWWWWWW', 'WWWWWWWWWWWWWWWWWWWWWWWWW', 'WWWWWWWWWWWWWWWWWWWWWWWWW', 75);
INSERT INTO BESTOFFICES (LOCATION, NUMBEREMPLOYEES, NAME, ID) VALUES ('XXXXXXXXXXXXXXXXXXXXXXXXXX', 'XXXXXXXXXXXXXXXXXXXXXXXXXX', 'XXXXXXXXXXXXXXXXXXXXXXXXXX', 76);
INSERT INTO BESTOFFICES (LOCATION, NUMBEREMPLOYEES, NAME, ID) VALUES ('YYYYYYYYYYYYYYYYYYYYYYYYYYY', 'YYYYYYYYYYYYYYYYYYYYYYYYYYY', 'YYYYYYYYYYYYYYYYYYYYYYYYYYY', 77);
INSERT INTO BESTOFFICES (LOCATION, NUMBEREMPLOYEES, NAME, ID) VALUES ('AAA_', 'AAA_', 'AAA_', 78);
INSERT INTO BESTOFFICES (LOCATION, NUMBEREMPLOYEES, NAME, ID) VALUES ('AAAA', 'AAAA', 'AAAA', 79);
INSERT INTO BESTOFFICES (LOCATION, NUMBEREMPLOYEES, NAME, ID) VALUES ('BBBBB', 'BBBBB', 'BBBBB', 80);
INSERT INTO BESTOFFICES (LOCATION, NUMBEREMPLOYEES, NAME, ID) VALUES ('CCCCCC', 'CCCCCC', 'CCCCCC', 81);
INSERT INTO BESTOFFICES (LOCATION, NUMBEREMPLOYEES, NAME, ID) VALUES ('DDDDDDD', 'DDDDDDD', 'DDDDDDD', 82);
INSERT INTO BESTOFFICES (LOCATION, NUMBEREMPLOYEES, NAME, ID) VALUES ('EEEEEEEE', 'EEEEEEEE', 'EEEEEEEE', 83);
INSERT INTO BESTOFFICES (LOCATION, NUMBEREMPLOYEES, NAME, ID) VALUES ('FFFFFFFFF', 'FFFFFFFFF', 'FFFFFFFFF', 84);
INSERT INTO BESTOFFICES (LOCATION, NUMBEREMPLOYEES, NAME, ID) VALUES ('GGGGGGGGGG', 'GGGGGGGGGG', 'GGGGGGGGGG', 85);
INSERT INTO BESTOFFICES (LOCATION, NUMBEREMPLOYEES, NAME, ID) VALUES ('HHHHHHHHHHH', 'HHHHHHHHHHH', 'HHHHHHHHHHH', 86);
INSERT INTO BESTOFFICES (LOCATION, NUMBEREMPLOYEES, NAME, ID) VALUES ('IIIIIIIIIIII', 'IIIIIIIIIIII', 'IIIIIIIIIIII', 87);
INSERT INTO BESTOFFICES (LOCATION, NUMBEREMPLOYEES, NAME, ID) VALUES ('JJJJJJJJJJJJJ', 'JJJJJJJJJJJJJ', 'JJJJJJJJJJJJJ', 88);
INSERT INTO BESTOFFICES (LOCATION, NUMBEREMPLOYEES, NAME, ID) VALUES ('KKKKKKKKKKKKKK', 'KKKKKKKKKKKKKK', 'KKKKKKKKKKKKKK', 89);
INSERT INTO BESTOFFICES (LOCATION, NUMBEREMPLOYEES, NAME, ID) VALUES ('LLLLLLLLLLLLLLL', 'LLLLLLLLLLLLLLL', 'LLLLLLLLLLLLLLL', 90);
INSERT INTO BESTOFFICES (LOCATION, NUMBEREMPLOYEES, NAME, ID) VALUES ('MMMMMMMMMMMMMMMM', 'MMMMMMMMMMMMMMMM', 'MMMMMMMMMMMMMMMM', 91);
INSERT INTO BESTOFFICES (LOCATION, NUMBEREMPLOYEES, NAME, ID) VALUES ('NNNNNNNNNNNNNNNNN', 'NNNNNNNNNNNNNNNNN', 'NNNNNNNNNNNNNNNNN', 92);
INSERT INTO BESTOFFICES (LOCATION, NUMBEREMPLOYEES, NAME, ID) VALUES ('OOOOOOOOOOOOOOOOOO', 'OOOOOOOOOOOOOOOOOO', 'OOOOOOOOOOOOOOOOOO', 93);
INSERT INTO BESTOFFICES (LOCATION, NUMBEREMPLOYEES, NAME, ID) VALUES ('PPPPPPPPPPPPPPPPPPP', 'PPPPPPPPPPPPPPPPPPP', 'PPPPPPPPPPPPPPPPPPP', 94);
INSERT INTO BESTOFFICES (LOCATION, NUMBEREMPLOYEES, NAME, ID) VALUES ('QQQQQQQQQQQQQQQQQQQQ', 'QQQQQQQQQQQQQQQQQQQQ', 'QQQQQQQQQQQQQQQQQQQQ', 95);
INSERT INTO BESTOFFICES (LOCATION, NUMBEREMPLOYEES, NAME, ID) VALUES ('RRRRRRRRRRRRRRRRRRRRR', 'RRRRRRRRRRRRRRRRRRRRR', 'RRRRRRRRRRRRRRRRRRRRR', 96);
INSERT INTO BESTOFFICES (LOCATION, NUMBEREMPLOYEES, NAME, ID) VALUES ('SSSSSSSSSSSSSSSSSSSSSS', 'SSSSSSSSSSSSSSSSSSSSSS', 'SSSSSSSSSSSSSSSSSSSSSS', 97);
INSERT INTO BESTOFFICES (LOCATION, NUMBEREMPLOYEES, NAME, ID) VALUES ('TTTTTTTTTTTTTTTTTTTTTTT', 'TTTTTTTTTTTTTTTTTTTTTTT', 'TTTTTTTTTTTTTTTTTTTTTTT', 98);
INSERT INTO BESTOFFICES (LOCATION, NUMBEREMPLOYEES, NAME, ID) VALUES ('UUUUUUUUUUUUUUUUUUUUUUUU', 'UUUUUUUUUUUUUUUUUUUUUUUU', 'UUUUUUUUUUUUUUUUUUUUUUUU', 99);
INSERT INTO BESTOFFICES (LOCATION, NUMBEREMPLOYEES, NAME, ID) VALUES ('VVVVVVVVVVVVVVVVVVVVVVVVV', 'VVVVVVVVVVVVVVVVVVVVVVVVV', 'VVVVVVVVVVVVVVVVVVVVVVVVV', 100);
/* ------------- COUNTRIES ---------------- */ 
INSERT INTO COUNTRIES (REGION_ID, COUNTRY_ID, CITY, REGION_NAME, POSTAL_CODE, STATE_PROVINCE, COUNTRY_NAME, LOCATION_ID, STREET_ADDRESS) VALUES (1, 1, 'A', 'A', 'A', 'A', 'A', 1, 'A');
INSERT INTO COUNTRIES (REGION_ID, COUNTRY_ID, CITY, REGION_NAME, POSTAL_CODE, STATE_PROVINCE, COUNTRY_NAME, LOCATION_ID, STREET_ADDRESS) VALUES (2, 2, 'B', 'B', 'B', 'B', 'B', 2, 'B');
INSERT INTO COUNTRIES (REGION_ID, COUNTRY_ID, CITY, REGION_NAME, POSTAL_CODE, STATE_PROVINCE, COUNTRY_NAME, LOCATION_ID, STREET_ADDRESS) VALUES (3, 3, 'C', 'C', 'C', 'C', 'C', 3, 'C');
INSERT INTO COUNTRIES (REGION_ID, COUNTRY_ID, CITY, REGION_NAME, POSTAL_CODE, STATE_PROVINCE, COUNTRY_NAME, LOCATION_ID, STREET_ADDRESS) VALUES (4, 4, 'D', 'D', 'D', 'D', 'D', 4, 'D');
INSERT INTO COUNTRIES (REGION_ID, COUNTRY_ID, CITY, REGION_NAME, POSTAL_CODE, STATE_PROVINCE, COUNTRY_NAME, LOCATION_ID, STREET_ADDRESS) VALUES (5, 5, 'E', 'E', 'E', 'E', 'E', 5, 'E');
INSERT INTO COUNTRIES (REGION_ID, COUNTRY_ID, CITY, REGION_NAME, POSTAL_CODE, STATE_PROVINCE, COUNTRY_NAME, LOCATION_ID, STREET_ADDRESS) VALUES (6, 6, 'F', 'F', 'F', 'F', 'F', 6, 'F');
INSERT INTO COUNTRIES (REGION_ID, COUNTRY_ID, CITY, REGION_NAME, POSTAL_CODE, STATE_PROVINCE, COUNTRY_NAME, LOCATION_ID, STREET_ADDRESS) VALUES (7, 7, 'G', 'G', 'G', 'G', 'G', 7, 'G');
INSERT INTO COUNTRIES (REGION_ID, COUNTRY_ID, CITY, REGION_NAME, POSTAL_CODE, STATE_PROVINCE, COUNTRY_NAME, LOCATION_ID, STREET_ADDRESS) VALUES (8, 8, 'H', 'H', 'H', 'H', 'H', 8, 'H');
INSERT INTO COUNTRIES (REGION_ID, COUNTRY_ID, CITY, REGION_NAME, POSTAL_CODE, STATE_PROVINCE, COUNTRY_NAME, LOCATION_ID, STREET_ADDRESS) VALUES (9, 9, 'I', 'I', 'I', 'I', 'I', 9, 'I');
INSERT INTO COUNTRIES (REGION_ID, COUNTRY_ID, CITY, REGION_NAME, POSTAL_CODE, STATE_PROVINCE, COUNTRY_NAME, LOCATION_ID, STREET_ADDRESS) VALUES (10, 10, 'J', 'J', 'J', 'J', 'J', 10, 'J');
INSERT INTO COUNTRIES (REGION_ID, COUNTRY_ID, CITY, REGION_NAME, POSTAL_CODE, STATE_PROVINCE, COUNTRY_NAME, LOCATION_ID, STREET_ADDRESS) VALUES (11, 11, 'K', 'K', 'K', 'K', 'K', 11, 'K');
INSERT INTO COUNTRIES (REGION_ID, COUNTRY_ID, CITY, REGION_NAME, POSTAL_CODE, STATE_PROVINCE, COUNTRY_NAME, LOCATION_ID, STREET_ADDRESS) VALUES (12, 12, 'L', 'L', 'L', 'L', 'L', 12, 'L');
INSERT INTO COUNTRIES (REGION_ID, COUNTRY_ID, CITY, REGION_NAME, POSTAL_CODE, STATE_PROVINCE, COUNTRY_NAME, LOCATION_ID, STREET_ADDRESS) VALUES (13, 13, 'M', 'M', 'M', 'M', 'M', 13, 'M');
INSERT INTO COUNTRIES (REGION_ID, COUNTRY_ID, CITY, REGION_NAME, POSTAL_CODE, STATE_PROVINCE, COUNTRY_NAME, LOCATION_ID, STREET_ADDRESS) VALUES (14, 14, 'N', 'N', 'N', 'N', 'N', 14, 'N');
INSERT INTO COUNTRIES (REGION_ID, COUNTRY_ID, CITY, REGION_NAME, POSTAL_CODE, STATE_PROVINCE, COUNTRY_NAME, LOCATION_ID, STREET_ADDRESS) VALUES (15, 15, 'O', 'O', 'O', 'O', 'O', 15, 'O');
INSERT INTO COUNTRIES (REGION_ID, COUNTRY_ID, CITY, REGION_NAME, POSTAL_CODE, STATE_PROVINCE, COUNTRY_NAME, LOCATION_ID, STREET_ADDRESS) VALUES (16, 16, 'P', 'P', 'P', 'P', 'P', 16, 'P');
INSERT INTO COUNTRIES (REGION_ID, COUNTRY_ID, CITY, REGION_NAME, POSTAL_CODE, STATE_PROVINCE, COUNTRY_NAME, LOCATION_ID, STREET_ADDRESS) VALUES (17, 17, 'Q', 'Q', 'Q', 'Q', 'Q', 17, 'Q');
INSERT INTO COUNTRIES (REGION_ID, COUNTRY_ID, CITY, REGION_NAME, POSTAL_CODE, STATE_PROVINCE, COUNTRY_NAME, LOCATION_ID, STREET_ADDRESS) VALUES (18, 18, 'R', 'R', 'R', 'R', 'R', 18, 'R');
INSERT INTO COUNTRIES (REGION_ID, COUNTRY_ID, CITY, REGION_NAME, POSTAL_CODE, STATE_PROVINCE, COUNTRY_NAME, LOCATION_ID, STREET_ADDRESS) VALUES (19, 19, 'S', 'S', 'S', 'S', 'S', 19, 'S');
INSERT INTO COUNTRIES (REGION_ID, COUNTRY_ID, CITY, REGION_NAME, POSTAL_CODE, STATE_PROVINCE, COUNTRY_NAME, LOCATION_ID, STREET_ADDRESS) VALUES (20, 20, 'T', 'T', 'T', 'T', 'T', 20, 'T');
INSERT INTO COUNTRIES (REGION_ID, COUNTRY_ID, CITY, REGION_NAME, POSTAL_CODE, STATE_PROVINCE, COUNTRY_NAME, LOCATION_ID, STREET_ADDRESS) VALUES (21, 21, 'U', 'U', 'U', 'U', 'U', 21, 'U');
INSERT INTO COUNTRIES (REGION_ID, COUNTRY_ID, CITY, REGION_NAME, POSTAL_CODE, STATE_PROVINCE, COUNTRY_NAME, LOCATION_ID, STREET_ADDRESS) VALUES (22, 22, 'V', 'V', 'V', 'V', 'V', 22, 'V');
INSERT INTO COUNTRIES (REGION_ID, COUNTRY_ID, CITY, REGION_NAME, POSTAL_CODE, STATE_PROVINCE, COUNTRY_NAME, LOCATION_ID, STREET_ADDRESS) VALUES (23, 23, 'W', 'W', 'W', 'W', 'W', 23, 'W');
INSERT INTO COUNTRIES (REGION_ID, COUNTRY_ID, CITY, REGION_NAME, POSTAL_CODE, STATE_PROVINCE, COUNTRY_NAME, LOCATION_ID, STREET_ADDRESS) VALUES (24, 24, 'X', 'X', 'X', 'X', 'X', 24, 'X');
INSERT INTO COUNTRIES (REGION_ID, COUNTRY_ID, CITY, REGION_NAME, POSTAL_CODE, STATE_PROVINCE, COUNTRY_NAME, LOCATION_ID, STREET_ADDRESS) VALUES (25, 25, 'Y', 'Y', 'Y', 'Y', 'Y', 25, 'Y');
INSERT INTO COUNTRIES (REGION_ID, COUNTRY_ID, CITY, REGION_NAME, POSTAL_CODE, STATE_PROVINCE, COUNTRY_NAME, LOCATION_ID, STREET_ADDRESS) VALUES (26, 26, 'Z', 'Z', 'Z', 'Z', 'Z', 26, 'Z');
INSERT INTO COUNTRIES (REGION_ID, COUNTRY_ID, CITY, REGION_NAME, POSTAL_CODE, STATE_PROVINCE, COUNTRY_NAME, LOCATION_ID, STREET_ADDRESS) VALUES (27, 27, 'AA', 'AA', 'AA', 'AA', 'AA', 27, 'AA');
INSERT INTO COUNTRIES (REGION_ID, COUNTRY_ID, CITY, REGION_NAME, POSTAL_CODE, STATE_PROVINCE, COUNTRY_NAME, LOCATION_ID, STREET_ADDRESS) VALUES (28, 28, 'BBB', 'BBB', 'BBB', 'BBB', 'BBB', 28, 'BBB');
INSERT INTO COUNTRIES (REGION_ID, COUNTRY_ID, CITY, REGION_NAME, POSTAL_CODE, STATE_PROVINCE, COUNTRY_NAME, LOCATION_ID, STREET_ADDRESS) VALUES (29, 29, 'CCCC', 'CCCC', 'CCCC', 'CCCC', 'CCCC', 29, 'CCCC');
INSERT INTO COUNTRIES (REGION_ID, COUNTRY_ID, CITY, REGION_NAME, POSTAL_CODE, STATE_PROVINCE, COUNTRY_NAME, LOCATION_ID, STREET_ADDRESS) VALUES (30, 30, 'DDDDD', 'DDDDD', 'DDDDD', 'DDDDD', 'DDDDD', 30, 'DDDDD');
INSERT INTO COUNTRIES (REGION_ID, COUNTRY_ID, CITY, REGION_NAME, POSTAL_CODE, STATE_PROVINCE, COUNTRY_NAME, LOCATION_ID, STREET_ADDRESS) VALUES (31, 31, 'EEEEEE', 'EEEEEE', 'EEEEEE', 'EEEEEE', 'EEEEEE', 31, 'EEEEEE');
INSERT INTO COUNTRIES (REGION_ID, COUNTRY_ID, CITY, REGION_NAME, POSTAL_CODE, STATE_PROVINCE, COUNTRY_NAME, LOCATION_ID, STREET_ADDRESS) VALUES (32, 32, 'FFFFFFF', 'FFFFFFF', 'FFFFFFF', 'FFFFFFF', 'FFFFFFF', 32, 'FFFFFFF');
INSERT INTO COUNTRIES (REGION_ID, COUNTRY_ID, CITY, REGION_NAME, POSTAL_CODE, STATE_PROVINCE, COUNTRY_NAME, LOCATION_ID, STREET_ADDRESS) VALUES (33, 33, 'GGGGGGGG', 'GGGGGGGG', 'GGGGGGGG', 'GGGGGGGG', 'GGGGGGGG', 33, 'GGGGGGGG');
INSERT INTO COUNTRIES (REGION_ID, COUNTRY_ID, CITY, REGION_NAME, POSTAL_CODE, STATE_PROVINCE, COUNTRY_NAME, LOCATION_ID, STREET_ADDRESS) VALUES (34, 34, 'HHHHHHHHH', 'HHHHHHHHH', 'HHHHHHHHH', 'HHHHHHHHH', 'HHHHHHHHH', 34, 'HHHHHHHHH');
INSERT INTO COUNTRIES (REGION_ID, COUNTRY_ID, CITY, REGION_NAME, POSTAL_CODE, STATE_PROVINCE, COUNTRY_NAME, LOCATION_ID, STREET_ADDRESS) VALUES (35, 35, 'IIIIIIIIII', 'IIIIIIIIII', 'IIIIIIIIII', 'IIIIIIIIII', 'IIIIIIIIII', 35, 'IIIIIIIIII');
INSERT INTO COUNTRIES (REGION_ID, COUNTRY_ID, CITY, REGION_NAME, POSTAL_CODE, STATE_PROVINCE, COUNTRY_NAME, LOCATION_ID, STREET_ADDRESS) VALUES (36, 36, 'JJJJJJJJJJJ', 'JJJJJJJJJJJ', 'JJJJJJJJJJJ', 'JJJJJJJJJJJ', 'JJJJJJJJJJJ', 36, 'JJJJJJJJJJJ');
INSERT INTO COUNTRIES (REGION_ID, COUNTRY_ID, CITY, REGION_NAME, POSTAL_CODE, STATE_PROVINCE, COUNTRY_NAME, LOCATION_ID, STREET_ADDRESS) VALUES (37, 37, 'KKKKKKKKKKKK', 'KKKKKKKKKKKK', 'KKKKKKKKKKKK', 'KKKKKKKKKKKK', 'KKKKKKKKKKKK', 37, 'KKKKKKKKKKKK');
INSERT INTO COUNTRIES (REGION_ID, COUNTRY_ID, CITY, REGION_NAME, POSTAL_CODE, STATE_PROVINCE, COUNTRY_NAME, LOCATION_ID, STREET_ADDRESS) VALUES (38, 38, 'LLLLLLLLLLLLL', 'LLLLLLLLLLLLL', 'LLLLLLLLLLLLL', 'LLLLLLLLLLLLL', 'LLLLLLLLLLLLL', 38, 'LLLLLLLLLLLLL');
INSERT INTO COUNTRIES (REGION_ID, COUNTRY_ID, CITY, REGION_NAME, POSTAL_CODE, STATE_PROVINCE, COUNTRY_NAME, LOCATION_ID, STREET_ADDRESS) VALUES (39, 39, 'MMMMMMMMMMMMMM', 'MMMMMMMMMMMMMM', 'MMMMMMMMMMMMMM', 'MMMMMMMMMMMMMM', 'MMMMMMMMMMMMMM', 39, 'MMMMMMMMMMMMMM');
INSERT INTO COUNTRIES (REGION_ID, COUNTRY_ID, CITY, REGION_NAME, POSTAL_CODE, STATE_PROVINCE, COUNTRY_NAME, LOCATION_ID, STREET_ADDRESS) VALUES (40, 40, 'NNNNNNNNNNNNNNN', 'NNNNNNNNNNNNNNN', 'NNNNNNNNNNNNNNN', 'NNNNNNNNNNNNNNN', 'NNNNNNNNNNNNNNN', 40, 'NNNNNNNNNNNNNNN');
INSERT INTO COUNTRIES (REGION_ID, COUNTRY_ID, CITY, REGION_NAME, POSTAL_CODE, STATE_PROVINCE, COUNTRY_NAME, LOCATION_ID, STREET_ADDRESS) VALUES (41, 41, 'OOOOOOOOOOOOOOOO', 'OOOOOOOOOOOOOOOO', 'OOOOOOOOOOOOOOOO', 'OOOOOOOOOOOOOOOO', 'OOOOOOOOOOOOOOOO', 41, 'OOOOOOOOOOOOOOOO');
INSERT INTO COUNTRIES (REGION_ID, COUNTRY_ID, CITY, REGION_NAME, POSTAL_CODE, STATE_PROVINCE, COUNTRY_NAME, LOCATION_ID, STREET_ADDRESS) VALUES (42, 42, 'PPPPPPPPPPPPPPPPP', 'PPPPPPPPPPPPPPPPP', 'PPPPPPPPPPPPPPPPP', 'PPPPPPPPPPPPPPPPP', 'PPPPPPPPPPPPPPPPP', 42, 'PPPPPPPPPPPPPPPPP');
INSERT INTO COUNTRIES (REGION_ID, COUNTRY_ID, CITY, REGION_NAME, POSTAL_CODE, STATE_PROVINCE, COUNTRY_NAME, LOCATION_ID, STREET_ADDRESS) VALUES (43, 43, 'QQQQQQQQQQQQQQQQQQ', 'QQQQQQQQQQQQQQQQQQ', 'QQQQQQQQQQQQQQQQQQ', 'QQQQQQQQQQQQQQQQQQ', 'QQQQQQQQQQQQQQQQQQ', 43, 'QQQQQQQQQQQQQQQQQQ');
INSERT INTO COUNTRIES (REGION_ID, COUNTRY_ID, CITY, REGION_NAME, POSTAL_CODE, STATE_PROVINCE, COUNTRY_NAME, LOCATION_ID, STREET_ADDRESS) VALUES (44, 44, 'RRRRRRRRRRRRRRRRRRR', 'RRRRRRRRRRRRRRRRRRR', 'RRRRRRRRRRRRRRRRRRR', 'RRRRRRRRRRRRRRRRRRR', 'RRRRRRRRRRRRRRRRRRR', 44, 'RRRRRRRRRRRRRRRRRRR');
INSERT INTO COUNTRIES (REGION_ID, COUNTRY_ID, CITY, REGION_NAME, POSTAL_CODE, STATE_PROVINCE, COUNTRY_NAME, LOCATION_ID, STREET_ADDRESS) VALUES (45, 45, 'SSSSSSSSSSSSSSSSSSSS', 'SSSSSSSSSSSSSSSSSSSS', 'SSSSSSSSSSSSSSSSSSSS', 'SSSSSSSSSSSSSSSSSSSS', 'SSSSSSSSSSSSSSSSSSSS', 45, 'SSSSSSSSSSSSSSSSSSSS');
INSERT INTO COUNTRIES (REGION_ID, COUNTRY_ID, CITY, REGION_NAME, POSTAL_CODE, STATE_PROVINCE, COUNTRY_NAME, LOCATION_ID, STREET_ADDRESS) VALUES (46, 46, 'TTTTTTTTTTTTTTTTTTTTT', 'TTTTTTTTTTTTTTTTTTTTT', 'TTTTTTTTTTTTTTTTTTTTT', 'TTTTTTTTTTTTTTTTTTTTT', 'TTTTTTTTTTTTTTTTTTTTT', 46, 'TTTTTTTTTTTTTTTTTTTTT');
INSERT INTO COUNTRIES (REGION_ID, COUNTRY_ID, CITY, REGION_NAME, POSTAL_CODE, STATE_PROVINCE, COUNTRY_NAME, LOCATION_ID, STREET_ADDRESS) VALUES (47, 47, 'UUUUUUUUUUUUUUUUUUUUUU', 'UUUUUUUUUUUUUUUUUUUUUU', 'UUUUUUUUUUUUUUUUUUUUUU', 'UUUUUUUUUUUUUUUUUUUUUU', 'UUUUUUUUUUUUUUUUUUUUUU', 47, 'UUUUUUUUUUUUUUUUUUUUUU');
INSERT INTO COUNTRIES (REGION_ID, COUNTRY_ID, CITY, REGION_NAME, POSTAL_CODE, STATE_PROVINCE, COUNTRY_NAME, LOCATION_ID, STREET_ADDRESS) VALUES (48, 48, 'VVVVVVVVVVVVVVVVVVVVVVV', 'VVVVVVVVVVVVVVVVVVVVVVV', 'VVVVVVVVVVVVVVVVVVVVVVV', 'VVVVVVVVVVVVVVVVVVVVVVV', 'VVVVVVVVVVVVVVVVVVVVVVV', 48, 'VVVVVVVVVVVVVVVVVVVVVVV');
INSERT INTO COUNTRIES (REGION_ID, COUNTRY_ID, CITY, REGION_NAME, POSTAL_CODE, STATE_PROVINCE, COUNTRY_NAME, LOCATION_ID, STREET_ADDRESS) VALUES (49, 49, 'WWWWWWWWWWWWWWWWWWWWWWWW', 'WWWWWWWWWWWWWWWWWWWWWWWW', 'WWWWWWWWWWWWWWWWWWWWWWWW', 'WWWWWWWWWWWWWWWWWWWWWWWW', 'WWWWWWWWWWWWWWWWWWWWWWWW', 49, 'WWWWWWWWWWWWWWWWWWWWWWWW');
INSERT INTO COUNTRIES (REGION_ID, COUNTRY_ID, CITY, REGION_NAME, POSTAL_CODE, STATE_PROVINCE, COUNTRY_NAME, LOCATION_ID, STREET_ADDRESS) VALUES (50, 50, 'XXXXXXXXXXXXXXXXXXXXXXXXX', 'XXXXXXXXXXXXXXXXXXXXXXXXX', 'XXXXXXXXXXXXXXXXXXXXXXXXX', 'XXXXXXXXXXXXXXXXXXXXXXXXX', 'XXXXXXXXXXXXXXXXXXXXXXXXX', 50, 'XXXXXXXXXXXXXXXXXXXXXXXXX');
INSERT INTO COUNTRIES (REGION_ID, COUNTRY_ID, CITY, REGION_NAME, POSTAL_CODE, STATE_PROVINCE, COUNTRY_NAME, LOCATION_ID, STREET_ADDRESS) VALUES (51, 51, 'YYYYYYYYYYYYYYYYYYYYYYYYYY', 'YYYYYYYYYYYYYYYYYYYYYYYYYY', 'YYYYYYYYYYYYYYYYYYYYYYYYYY', 'YYYYYYYYYYYYYYYYYYYYYYYYYY', 'YYYYYYYYYYYYYYYYYYYYYYYYYY', 51, 'YYYYYYYYYYYYYYYYYYYYYYYYYY');
INSERT INTO COUNTRIES (REGION_ID, COUNTRY_ID, CITY, REGION_NAME, POSTAL_CODE, STATE_PROVINCE, COUNTRY_NAME, LOCATION_ID, STREET_ADDRESS) VALUES (52, 52, 'AA_', 'AA_', 'AA_', 'AA_', 'AA_', 52, 'AA_');
INSERT INTO COUNTRIES (REGION_ID, COUNTRY_ID, CITY, REGION_NAME, POSTAL_CODE, STATE_PROVINCE, COUNTRY_NAME, LOCATION_ID, STREET_ADDRESS) VALUES (53, 53, 'AAA', 'AAA', 'AAA', 'AAA', 'AAA', 53, 'AAA');
INSERT INTO COUNTRIES (REGION_ID, COUNTRY_ID, CITY, REGION_NAME, POSTAL_CODE, STATE_PROVINCE, COUNTRY_NAME, LOCATION_ID, STREET_ADDRESS) VALUES (54, 54, 'BBBB', 'BBBB', 'BBBB', 'BBBB', 'BBBB', 54, 'BBBB');
INSERT INTO COUNTRIES (REGION_ID, COUNTRY_ID, CITY, REGION_NAME, POSTAL_CODE, STATE_PROVINCE, COUNTRY_NAME, LOCATION_ID, STREET_ADDRESS) VALUES (55, 55, 'CCCCC', 'CCCCC', 'CCCCC', 'CCCCC', 'CCCCC', 55, 'CCCCC');
INSERT INTO COUNTRIES (REGION_ID, COUNTRY_ID, CITY, REGION_NAME, POSTAL_CODE, STATE_PROVINCE, COUNTRY_NAME, LOCATION_ID, STREET_ADDRESS) VALUES (56, 56, 'DDDDDD', 'DDDDDD', 'DDDDDD', 'DDDDDD', 'DDDDDD', 56, 'DDDDDD');
INSERT INTO COUNTRIES (REGION_ID, COUNTRY_ID, CITY, REGION_NAME, POSTAL_CODE, STATE_PROVINCE, COUNTRY_NAME, LOCATION_ID, STREET_ADDRESS) VALUES (57, 57, 'EEEEEEE', 'EEEEEEE', 'EEEEEEE', 'EEEEEEE', 'EEEEEEE', 57, 'EEEEEEE');
INSERT INTO COUNTRIES (REGION_ID, COUNTRY_ID, CITY, REGION_NAME, POSTAL_CODE, STATE_PROVINCE, COUNTRY_NAME, LOCATION_ID, STREET_ADDRESS) VALUES (58, 58, 'FFFFFFFF', 'FFFFFFFF', 'FFFFFFFF', 'FFFFFFFF', 'FFFFFFFF', 58, 'FFFFFFFF');
INSERT INTO COUNTRIES (REGION_ID, COUNTRY_ID, CITY, REGION_NAME, POSTAL_CODE, STATE_PROVINCE, COUNTRY_NAME, LOCATION_ID, STREET_ADDRESS) VALUES (59, 59, 'GGGGGGGGG', 'GGGGGGGGG', 'GGGGGGGGG', 'GGGGGGGGG', 'GGGGGGGGG', 59, 'GGGGGGGGG');
INSERT INTO COUNTRIES (REGION_ID, COUNTRY_ID, CITY, REGION_NAME, POSTAL_CODE, STATE_PROVINCE, COUNTRY_NAME, LOCATION_ID, STREET_ADDRESS) VALUES (60, 60, 'HHHHHHHHHH', 'HHHHHHHHHH', 'HHHHHHHHHH', 'HHHHHHHHHH', 'HHHHHHHHHH', 60, 'HHHHHHHHHH');
INSERT INTO COUNTRIES (REGION_ID, COUNTRY_ID, CITY, REGION_NAME, POSTAL_CODE, STATE_PROVINCE, COUNTRY_NAME, LOCATION_ID, STREET_ADDRESS) VALUES (61, 61, 'IIIIIIIIIII', 'IIIIIIIIIII', 'IIIIIIIIIII', 'IIIIIIIIIII', 'IIIIIIIIIII', 61, 'IIIIIIIIIII');
INSERT INTO COUNTRIES (REGION_ID, COUNTRY_ID, CITY, REGION_NAME, POSTAL_CODE, STATE_PROVINCE, COUNTRY_NAME, LOCATION_ID, STREET_ADDRESS) VALUES (62, 62, 'JJJJJJJJJJJJ', 'JJJJJJJJJJJJ', 'JJJJJJJJJJJJ', 'JJJJJJJJJJJJ', 'JJJJJJJJJJJJ', 62, 'JJJJJJJJJJJJ');
INSERT INTO COUNTRIES (REGION_ID, COUNTRY_ID, CITY, REGION_NAME, POSTAL_CODE, STATE_PROVINCE, COUNTRY_NAME, LOCATION_ID, STREET_ADDRESS) VALUES (63, 63, 'KKKKKKKKKKKKK', 'KKKKKKKKKKKKK', 'KKKKKKKKKKKKK', 'KKKKKKKKKKKKK', 'KKKKKKKKKKKKK', 63, 'KKKKKKKKKKKKK');
INSERT INTO COUNTRIES (REGION_ID, COUNTRY_ID, CITY, REGION_NAME, POSTAL_CODE, STATE_PROVINCE, COUNTRY_NAME, LOCATION_ID, STREET_ADDRESS) VALUES (64, 64, 'LLLLLLLLLLLLLL', 'LLLLLLLLLLLLLL', 'LLLLLLLLLLLLLL', 'LLLLLLLLLLLLLL', 'LLLLLLLLLLLLLL', 64, 'LLLLLLLLLLLLLL');
INSERT INTO COUNTRIES (REGION_ID, COUNTRY_ID, CITY, REGION_NAME, POSTAL_CODE, STATE_PROVINCE, COUNTRY_NAME, LOCATION_ID, STREET_ADDRESS) VALUES (65, 65, 'MMMMMMMMMMMMMMM', 'MMMMMMMMMMMMMMM', 'MMMMMMMMMMMMMMM', 'MMMMMMMMMMMMMMM', 'MMMMMMMMMMMMMMM', 65, 'MMMMMMMMMMMMMMM');
INSERT INTO COUNTRIES (REGION_ID, COUNTRY_ID, CITY, REGION_NAME, POSTAL_CODE, STATE_PROVINCE, COUNTRY_NAME, LOCATION_ID, STREET_ADDRESS) VALUES (66, 66, 'NNNNNNNNNNNNNNNN', 'NNNNNNNNNNNNNNNN', 'NNNNNNNNNNNNNNNN', 'NNNNNNNNNNNNNNNN', 'NNNNNNNNNNNNNNNN', 66, 'NNNNNNNNNNNNNNNN');
INSERT INTO COUNTRIES (REGION_ID, COUNTRY_ID, CITY, REGION_NAME, POSTAL_CODE, STATE_PROVINCE, COUNTRY_NAME, LOCATION_ID, STREET_ADDRESS) VALUES (67, 67, 'OOOOOOOOOOOOOOOOO', 'OOOOOOOOOOOOOOOOO', 'OOOOOOOOOOOOOOOOO', 'OOOOOOOOOOOOOOOOO', 'OOOOOOOOOOOOOOOOO', 67, 'OOOOOOOOOOOOOOOOO');
INSERT INTO COUNTRIES (REGION_ID, COUNTRY_ID, CITY, REGION_NAME, POSTAL_CODE, STATE_PROVINCE, COUNTRY_NAME, LOCATION_ID, STREET_ADDRESS) VALUES (68, 68, 'PPPPPPPPPPPPPPPPPP', 'PPPPPPPPPPPPPPPPPP', 'PPPPPPPPPPPPPPPPPP', 'PPPPPPPPPPPPPPPPPP', 'PPPPPPPPPPPPPPPPPP', 68, 'PPPPPPPPPPPPPPPPPP');
INSERT INTO COUNTRIES (REGION_ID, COUNTRY_ID, CITY, REGION_NAME, POSTAL_CODE, STATE_PROVINCE, COUNTRY_NAME, LOCATION_ID, STREET_ADDRESS) VALUES (69, 69, 'QQQQQQQQQQQQQQQQQQQ', 'QQQQQQQQQQQQQQQQQQQ', 'QQQQQQQQQQQQQQQQQQQ', 'QQQQQQQQQQQQQQQQQQQ', 'QQQQQQQQQQQQQQQQQQQ', 69, 'QQQQQQQQQQQQQQQQQQQ');
INSERT INTO COUNTRIES (REGION_ID, COUNTRY_ID, CITY, REGION_NAME, POSTAL_CODE, STATE_PROVINCE, COUNTRY_NAME, LOCATION_ID, STREET_ADDRESS) VALUES (70, 70, 'RRRRRRRRRRRRRRRRRRRR', 'RRRRRRRRRRRRRRRRRRRR', 'RRRRRRRRRRRRRRRRRRRR', 'RRRRRRRRRRRRRRRRRRRR', 'RRRRRRRRRRRRRRRRRRRR', 70, 'RRRRRRRRRRRRRRRRRRRR');
INSERT INTO COUNTRIES (REGION_ID, COUNTRY_ID, CITY, REGION_NAME, POSTAL_CODE, STATE_PROVINCE, COUNTRY_NAME, LOCATION_ID, STREET_ADDRESS) VALUES (71, 71, 'SSSSSSSSSSSSSSSSSSSSS', 'SSSSSSSSSSSSSSSSSSSSS', 'SSSSSSSSSSSSSSSSSSSSS', 'SSSSSSSSSSSSSSSSSSSSS', 'SSSSSSSSSSSSSSSSSSSSS', 71, 'SSSSSSSSSSSSSSSSSSSSS');
INSERT INTO COUNTRIES (REGION_ID, COUNTRY_ID, CITY, REGION_NAME, POSTAL_CODE, STATE_PROVINCE, COUNTRY_NAME, LOCATION_ID, STREET_ADDRESS) VALUES (72, 72, 'TTTTTTTTTTTTTTTTTTTTTT', 'TTTTTTTTTTTTTTTTTTTTTT', 'TTTTTTTTTTTTTTTTTTTTTT', 'TTTTTTTTTTTTTTTTTTTTTT', 'TTTTTTTTTTTTTTTTTTTTTT', 72, 'TTTTTTTTTTTTTTTTTTTTTT');
INSERT INTO COUNTRIES (REGION_ID, COUNTRY_ID, CITY, REGION_NAME, POSTAL_CODE, STATE_PROVINCE, COUNTRY_NAME, LOCATION_ID, STREET_ADDRESS) VALUES (73, 73, 'UUUUUUUUUUUUUUUUUUUUUUU', 'UUUUUUUUUUUUUUUUUUUUUUU', 'UUUUUUUUUUUUUUUUUUUUUUU', 'UUUUUUUUUUUUUUUUUUUUUUU', 'UUUUUUUUUUUUUUUUUUUUUUU', 73, 'UUUUUUUUUUUUUUUUUUUUUUU');
INSERT INTO COUNTRIES (REGION_ID, COUNTRY_ID, CITY, REGION_NAME, POSTAL_CODE, STATE_PROVINCE, COUNTRY_NAME, LOCATION_ID, STREET_ADDRESS) VALUES (74, 74, 'VVVVVVVVVVVVVVVVVVVVVVVV', 'VVVVVVVVVVVVVVVVVVVVVVVV', 'VVVVVVVVVVVVVVVVVVVVVVVV', 'VVVVVVVVVVVVVVVVVVVVVVVV', 'VVVVVVVVVVVVVVVVVVVVVVVV', 74, 'VVVVVVVVVVVVVVVVVVVVVVVV');
INSERT INTO COUNTRIES (REGION_ID, COUNTRY_ID, CITY, REGION_NAME, POSTAL_CODE, STATE_PROVINCE, COUNTRY_NAME, LOCATION_ID, STREET_ADDRESS) VALUES (75, 75, 'WWWWWWWWWWWWWWWWWWWWWWWWW', 'WWWWWWWWWWWWWWWWWWWWWWWWW', 'WWWWWWWWWWWWWWWWWWWWWWWWW', 'WWWWWWWWWWWWWWWWWWWWWWWWW', 'WWWWWWWWWWWWWWWWWWWWWWWWW', 75, 'WWWWWWWWWWWWWWWWWWWWWWWWW');
INSERT INTO COUNTRIES (REGION_ID, COUNTRY_ID, CITY, REGION_NAME, POSTAL_CODE, STATE_PROVINCE, COUNTRY_NAME, LOCATION_ID, STREET_ADDRESS) VALUES (76, 76, 'XXXXXXXXXXXXXXXXXXXXXXXXXX', 'XXXXXXXXXXXXXXXXXXXXXXXXXX', 'XXXXXXXXXXXXXXXXXXXXXXXXXX', 'XXXXXXXXXXXXXXXXXXXXXXXXXX', 'XXXXXXXXXXXXXXXXXXXXXXXXXX', 76, 'XXXXXXXXXXXXXXXXXXXXXXXXXX');
INSERT INTO COUNTRIES (REGION_ID, COUNTRY_ID, CITY, REGION_NAME, POSTAL_CODE, STATE_PROVINCE, COUNTRY_NAME, LOCATION_ID, STREET_ADDRESS) VALUES (77, 77, 'YYYYYYYYYYYYYYYYYYYYYYYYYYY', 'YYYYYYYYYYYYYYYYYYYYYYYYYYY', 'YYYYYYYYYYYYYYYYYYYYYYYYYYY', 'YYYYYYYYYYYYYYYYYYYYYYYYYYY', 'YYYYYYYYYYYYYYYYYYYYYYYYYYY', 77, 'YYYYYYYYYYYYYYYYYYYYYYYYYYY');
INSERT INTO COUNTRIES (REGION_ID, COUNTRY_ID, CITY, REGION_NAME, POSTAL_CODE, STATE_PROVINCE, COUNTRY_NAME, LOCATION_ID, STREET_ADDRESS) VALUES (78, 78, 'AAA_', 'AAA_', 'AAA_', 'AAA_', 'AAA_', 78, 'AAA_');
INSERT INTO COUNTRIES (REGION_ID, COUNTRY_ID, CITY, REGION_NAME, POSTAL_CODE, STATE_PROVINCE, COUNTRY_NAME, LOCATION_ID, STREET_ADDRESS) VALUES (79, 79, 'AAAA', 'AAAA', 'AAAA', 'AAAA', 'AAAA', 79, 'AAAA');
INSERT INTO COUNTRIES (REGION_ID, COUNTRY_ID, CITY, REGION_NAME, POSTAL_CODE, STATE_PROVINCE, COUNTRY_NAME, LOCATION_ID, STREET_ADDRESS) VALUES (80, 80, 'BBBBB', 'BBBBB', 'BBBBB', 'BBBBB', 'BBBBB', 80, 'BBBBB');
INSERT INTO COUNTRIES (REGION_ID, COUNTRY_ID, CITY, REGION_NAME, POSTAL_CODE, STATE_PROVINCE, COUNTRY_NAME, LOCATION_ID, STREET_ADDRESS) VALUES (81, 81, 'CCCCCC', 'CCCCCC', 'CCCCCC', 'CCCCCC', 'CCCCCC', 81, 'CCCCCC');
INSERT INTO COUNTRIES (REGION_ID, COUNTRY_ID, CITY, REGION_NAME, POSTAL_CODE, STATE_PROVINCE, COUNTRY_NAME, LOCATION_ID, STREET_ADDRESS) VALUES (82, 82, 'DDDDDDD', 'DDDDDDD', 'DDDDDDD', 'DDDDDDD', 'DDDDDDD', 82, 'DDDDDDD');
INSERT INTO COUNTRIES (REGION_ID, COUNTRY_ID, CITY, REGION_NAME, POSTAL_CODE, STATE_PROVINCE, COUNTRY_NAME, LOCATION_ID, STREET_ADDRESS) VALUES (83, 83, 'EEEEEEEE', 'EEEEEEEE', 'EEEEEEEE', 'EEEEEEEE', 'EEEEEEEE', 83, 'EEEEEEEE');
INSERT INTO COUNTRIES (REGION_ID, COUNTRY_ID, CITY, REGION_NAME, POSTAL_CODE, STATE_PROVINCE, COUNTRY_NAME, LOCATION_ID, STREET_ADDRESS) VALUES (84, 84, 'FFFFFFFFF', 'FFFFFFFFF', 'FFFFFFFFF', 'FFFFFFFFF', 'FFFFFFFFF', 84, 'FFFFFFFFF');
INSERT INTO COUNTRIES (REGION_ID, COUNTRY_ID, CITY, REGION_NAME, POSTAL_CODE, STATE_PROVINCE, COUNTRY_NAME, LOCATION_ID, STREET_ADDRESS) VALUES (85, 85, 'GGGGGGGGGG', 'GGGGGGGGGG', 'GGGGGGGGGG', 'GGGGGGGGGG', 'GGGGGGGGGG', 85, 'GGGGGGGGGG');
INSERT INTO COUNTRIES (REGION_ID, COUNTRY_ID, CITY, REGION_NAME, POSTAL_CODE, STATE_PROVINCE, COUNTRY_NAME, LOCATION_ID, STREET_ADDRESS) VALUES (86, 86, 'HHHHHHHHHHH', 'HHHHHHHHHHH', 'HHHHHHHHHHH', 'HHHHHHHHHHH', 'HHHHHHHHHHH', 86, 'HHHHHHHHHHH');
INSERT INTO COUNTRIES (REGION_ID, COUNTRY_ID, CITY, REGION_NAME, POSTAL_CODE, STATE_PROVINCE, COUNTRY_NAME, LOCATION_ID, STREET_ADDRESS) VALUES (87, 87, 'IIIIIIIIIIII', 'IIIIIIIIIIII', 'IIIIIIIIIIII', 'IIIIIIIIIIII', 'IIIIIIIIIIII', 87, 'IIIIIIIIIIII');
INSERT INTO COUNTRIES (REGION_ID, COUNTRY_ID, CITY, REGION_NAME, POSTAL_CODE, STATE_PROVINCE, COUNTRY_NAME, LOCATION_ID, STREET_ADDRESS) VALUES (88, 88, 'JJJJJJJJJJJJJ', 'JJJJJJJJJJJJJ', 'JJJJJJJJJJJJJ', 'JJJJJJJJJJJJJ', 'JJJJJJJJJJJJJ', 88, 'JJJJJJJJJJJJJ');
INSERT INTO COUNTRIES (REGION_ID, COUNTRY_ID, CITY, REGION_NAME, POSTAL_CODE, STATE_PROVINCE, COUNTRY_NAME, LOCATION_ID, STREET_ADDRESS) VALUES (89, 89, 'KKKKKKKKKKKKKK', 'KKKKKKKKKKKKKK', 'KKKKKKKKKKKKKK', 'KKKKKKKKKKKKKK', 'KKKKKKKKKKKKKK', 89, 'KKKKKKKKKKKKKK');
INSERT INTO COUNTRIES (REGION_ID, COUNTRY_ID, CITY, REGION_NAME, POSTAL_CODE, STATE_PROVINCE, COUNTRY_NAME, LOCATION_ID, STREET_ADDRESS) VALUES (90, 90, 'LLLLLLLLLLLLLLL', 'LLLLLLLLLLLLLLL', 'LLLLLLLLLLLLLLL', 'LLLLLLLLLLLLLLL', 'LLLLLLLLLLLLLLL', 90, 'LLLLLLLLLLLLLLL');
INSERT INTO COUNTRIES (REGION_ID, COUNTRY_ID, CITY, REGION_NAME, POSTAL_CODE, STATE_PROVINCE, COUNTRY_NAME, LOCATION_ID, STREET_ADDRESS) VALUES (91, 91, 'MMMMMMMMMMMMMMMM', 'MMMMMMMMMMMMMMMM', 'MMMMMMMMMMMMMMMM', 'MMMMMMMMMMMMMMMM', 'MMMMMMMMMMMMMMMM', 91, 'MMMMMMMMMMMMMMMM');
INSERT INTO COUNTRIES (REGION_ID, COUNTRY_ID, CITY, REGION_NAME, POSTAL_CODE, STATE_PROVINCE, COUNTRY_NAME, LOCATION_ID, STREET_ADDRESS) VALUES (92, 92, 'NNNNNNNNNNNNNNNNN', 'NNNNNNNNNNNNNNNNN', 'NNNNNNNNNNNNNNNNN', 'NNNNNNNNNNNNNNNNN', 'NNNNNNNNNNNNNNNNN', 92, 'NNNNNNNNNNNNNNNNN');
INSERT INTO COUNTRIES (REGION_ID, COUNTRY_ID, CITY, REGION_NAME, POSTAL_CODE, STATE_PROVINCE, COUNTRY_NAME, LOCATION_ID, STREET_ADDRESS) VALUES (93, 93, 'OOOOOOOOOOOOOOOOOO', 'OOOOOOOOOOOOOOOOOO', 'OOOOOOOOOOOOOOOOOO', 'OOOOOOOOOOOOOOOOOO', 'OOOOOOOOOOOOOOOOOO', 93, 'OOOOOOOOOOOOOOOOOO');
INSERT INTO COUNTRIES (REGION_ID, COUNTRY_ID, CITY, REGION_NAME, POSTAL_CODE, STATE_PROVINCE, COUNTRY_NAME, LOCATION_ID, STREET_ADDRESS) VALUES (94, 94, 'PPPPPPPPPPPPPPPPPPP', 'PPPPPPPPPPPPPPPPPPP', 'PPPPPPPPPPPPPPPPPPP', 'PPPPPPPPPPPPPPPPPPP', 'PPPPPPPPPPPPPPPPPPP', 94, 'PPPPPPPPPPPPPPPPPPP');
INSERT INTO COUNTRIES (REGION_ID, COUNTRY_ID, CITY, REGION_NAME, POSTAL_CODE, STATE_PROVINCE, COUNTRY_NAME, LOCATION_ID, STREET_ADDRESS) VALUES (95, 95, 'QQQQQQQQQQQQQQQQQQQQ', 'QQQQQQQQQQQQQQQQQQQQ', 'QQQQQQQQQQQQQQQQQQQQ', 'QQQQQQQQQQQQQQQQQQQQ', 'QQQQQQQQQQQQQQQQQQQQ', 95, 'QQQQQQQQQQQQQQQQQQQQ');
INSERT INTO COUNTRIES (REGION_ID, COUNTRY_ID, CITY, REGION_NAME, POSTAL_CODE, STATE_PROVINCE, COUNTRY_NAME, LOCATION_ID, STREET_ADDRESS) VALUES (96, 96, 'RRRRRRRRRRRRRRRRRRRRR', 'RRRRRRRRRRRRRRRRRRRRR', 'RRRRRRRRRRRRRRRRRRRRR', 'RRRRRRRRRRRRRRRRRRRRR', 'RRRRRRRRRRRRRRRRRRRRR', 96, 'RRRRRRRRRRRRRRRRRRRRR');
INSERT INTO COUNTRIES (REGION_ID, COUNTRY_ID, CITY, REGION_NAME, POSTAL_CODE, STATE_PROVINCE, COUNTRY_NAME, LOCATION_ID, STREET_ADDRESS) VALUES (97, 97, 'SSSSSSSSSSSSSSSSSSSSSS', 'SSSSSSSSSSSSSSSSSSSSSS', 'SSSSSSSSSSSSSSSSSSSSSS', 'SSSSSSSSSSSSSSSSSSSSSS', 'SSSSSSSSSSSSSSSSSSSSSS', 97, 'SSSSSSSSSSSSSSSSSSSSSS');
INSERT INTO COUNTRIES (REGION_ID, COUNTRY_ID, CITY, REGION_NAME, POSTAL_CODE, STATE_PROVINCE, COUNTRY_NAME, LOCATION_ID, STREET_ADDRESS) VALUES (98, 98, 'TTTTTTTTTTTTTTTTTTTTTTT', 'TTTTTTTTTTTTTTTTTTTTTTT', 'TTTTTTTTTTTTTTTTTTTTTTT', 'TTTTTTTTTTTTTTTTTTTTTTT', 'TTTTTTTTTTTTTTTTTTTTTTT', 98, 'TTTTTTTTTTTTTTTTTTTTTTT');
INSERT INTO COUNTRIES (REGION_ID, COUNTRY_ID, CITY, REGION_NAME, POSTAL_CODE, STATE_PROVINCE, COUNTRY_NAME, LOCATION_ID, STREET_ADDRESS) VALUES (99, 99, 'UUUUUUUUUUUUUUUUUUUUUUUU', 'UUUUUUUUUUUUUUUUUUUUUUUU', 'UUUUUUUUUUUUUUUUUUUUUUUU', 'UUUUUUUUUUUUUUUUUUUUUUUU', 'UUUUUUUUUUUUUUUUUUUUUUUU', 99, 'UUUUUUUUUUUUUUUUUUUUUUUU');
INSERT INTO COUNTRIES (REGION_ID, COUNTRY_ID, CITY, REGION_NAME, POSTAL_CODE, STATE_PROVINCE, COUNTRY_NAME, LOCATION_ID, STREET_ADDRESS) VALUES (100, 100, 'VVVVVVVVVVVVVVVVVVVVVVVVV', 'VVVVVVVVVVVVVVVVVVVVVVVVV', 'VVVVVVVVVVVVVVVVVVVVVVVVV', 'VVVVVVVVVVVVVVVVVVVVVVVVV', 'VVVVVVVVVVVVVVVVVVVVVVVVV', 100, 'VVVVVVVVVVVVVVVVVVVVVVVVV');

/* ------------- CUSTOMER ---------------- */ 
INSERT INTO CUSTOMER (CURRENT_LOCATION, CUSTOMER_ID, DRIVER_ID, LOCATION_NAME, OVERALL_RATING) VALUES ('A', 1, 1, 'A', 'A');
INSERT INTO CUSTOMER (CURRENT_LOCATION, CUSTOMER_ID, DRIVER_ID, LOCATION_NAME, OVERALL_RATING) VALUES ('B', 2, 2, 'B', 'B');
INSERT INTO CUSTOMER (CURRENT_LOCATION, CUSTOMER_ID, DRIVER_ID, LOCATION_NAME, OVERALL_RATING) VALUES ('C', 3, 3, 'C', 'C');
INSERT INTO CUSTOMER (CURRENT_LOCATION, CUSTOMER_ID, DRIVER_ID, LOCATION_NAME, OVERALL_RATING) VALUES ('D', 4, 4, 'D', 'D');
INSERT INTO CUSTOMER (CURRENT_LOCATION, CUSTOMER_ID, DRIVER_ID, LOCATION_NAME, OVERALL_RATING) VALUES ('E', 5, 5, 'E', 'E');
INSERT INTO CUSTOMER (CURRENT_LOCATION, CUSTOMER_ID, DRIVER_ID, LOCATION_NAME, OVERALL_RATING) VALUES ('F', 6, 6, 'F', 'F');
INSERT INTO CUSTOMER (CURRENT_LOCATION, CUSTOMER_ID, DRIVER_ID, LOCATION_NAME, OVERALL_RATING) VALUES ('G', 7, 7, 'G', 'G');
INSERT INTO CUSTOMER (CURRENT_LOCATION, CUSTOMER_ID, DRIVER_ID, LOCATION_NAME, OVERALL_RATING) VALUES ('H', 8, 8, 'H', 'H');
INSERT INTO CUSTOMER (CURRENT_LOCATION, CUSTOMER_ID, DRIVER_ID, LOCATION_NAME, OVERALL_RATING) VALUES ('I', 9, 9, 'I', 'I');
INSERT INTO CUSTOMER (CURRENT_LOCATION, CUSTOMER_ID, DRIVER_ID, LOCATION_NAME, OVERALL_RATING) VALUES ('J', 10, 10, 'J', 'J');
INSERT INTO CUSTOMER (CURRENT_LOCATION, CUSTOMER_ID, DRIVER_ID, LOCATION_NAME, OVERALL_RATING) VALUES ('K', 11, 11, 'K', 'K');
INSERT INTO CUSTOMER (CURRENT_LOCATION, CUSTOMER_ID, DRIVER_ID, LOCATION_NAME, OVERALL_RATING) VALUES ('L', 12, 12, 'L', 'L');
INSERT INTO CUSTOMER (CURRENT_LOCATION, CUSTOMER_ID, DRIVER_ID, LOCATION_NAME, OVERALL_RATING) VALUES ('M', 13, 13, 'M', 'M');
INSERT INTO CUSTOMER (CURRENT_LOCATION, CUSTOMER_ID, DRIVER_ID, LOCATION_NAME, OVERALL_RATING) VALUES ('N', 14, 14, 'N', 'N');
INSERT INTO CUSTOMER (CURRENT_LOCATION, CUSTOMER_ID, DRIVER_ID, LOCATION_NAME, OVERALL_RATING) VALUES ('O', 15, 15, 'O', 'O');
INSERT INTO CUSTOMER (CURRENT_LOCATION, CUSTOMER_ID, DRIVER_ID, LOCATION_NAME, OVERALL_RATING) VALUES ('P', 16, 16, 'P', 'P');
INSERT INTO CUSTOMER (CURRENT_LOCATION, CUSTOMER_ID, DRIVER_ID, LOCATION_NAME, OVERALL_RATING) VALUES ('Q', 17, 17, 'Q', 'Q');
INSERT INTO CUSTOMER (CURRENT_LOCATION, CUSTOMER_ID, DRIVER_ID, LOCATION_NAME, OVERALL_RATING) VALUES ('R', 18, 18, 'R', 'R');
INSERT INTO CUSTOMER (CURRENT_LOCATION, CUSTOMER_ID, DRIVER_ID, LOCATION_NAME, OVERALL_RATING) VALUES ('S', 19, 19, 'S', 'S');
INSERT INTO CUSTOMER (CURRENT_LOCATION, CUSTOMER_ID, DRIVER_ID, LOCATION_NAME, OVERALL_RATING) VALUES ('T', 20, 20, 'T', 'T');
INSERT INTO CUSTOMER (CURRENT_LOCATION, CUSTOMER_ID, DRIVER_ID, LOCATION_NAME, OVERALL_RATING) VALUES ('U', 21, 21, 'U', 'U');
INSERT INTO CUSTOMER (CURRENT_LOCATION, CUSTOMER_ID, DRIVER_ID, LOCATION_NAME, OVERALL_RATING) VALUES ('V', 22, 22, 'V', 'V');
INSERT INTO CUSTOMER (CURRENT_LOCATION, CUSTOMER_ID, DRIVER_ID, LOCATION_NAME, OVERALL_RATING) VALUES ('W', 23, 23, 'W', 'W');
INSERT INTO CUSTOMER (CURRENT_LOCATION, CUSTOMER_ID, DRIVER_ID, LOCATION_NAME, OVERALL_RATING) VALUES ('X', 24, 24, 'X', 'X');
INSERT INTO CUSTOMER (CURRENT_LOCATION, CUSTOMER_ID, DRIVER_ID, LOCATION_NAME, OVERALL_RATING) VALUES ('Y', 25, 25, 'Y', 'Y');
INSERT INTO CUSTOMER (CURRENT_LOCATION, CUSTOMER_ID, DRIVER_ID, LOCATION_NAME, OVERALL_RATING) VALUES ('Z', 26, 26, 'Z', 'Z');
INSERT INTO CUSTOMER (CURRENT_LOCATION, CUSTOMER_ID, DRIVER_ID, LOCATION_NAME, OVERALL_RATING) VALUES ('AA', 27, 27, 'AA', 'AA');
INSERT INTO CUSTOMER (CURRENT_LOCATION, CUSTOMER_ID, DRIVER_ID, LOCATION_NAME, OVERALL_RATING) VALUES ('BBB', 28, 28, 'BBB', 'BBB');
INSERT INTO CUSTOMER (CURRENT_LOCATION, CUSTOMER_ID, DRIVER_ID, LOCATION_NAME, OVERALL_RATING) VALUES ('CCCC', 29, 29, 'CCCC', 'CCCC');
INSERT INTO CUSTOMER (CURRENT_LOCATION, CUSTOMER_ID, DRIVER_ID, LOCATION_NAME, OVERALL_RATING) VALUES ('DDDDD', 30, 30, 'DDDDD', 'DDDDD');
INSERT INTO CUSTOMER (CURRENT_LOCATION, CUSTOMER_ID, DRIVER_ID, LOCATION_NAME, OVERALL_RATING) VALUES ('EEEEEE', 31, 31, 'EEEEEE', 'EEEEEE');
INSERT INTO CUSTOMER (CURRENT_LOCATION, CUSTOMER_ID, DRIVER_ID, LOCATION_NAME, OVERALL_RATING) VALUES ('FFFFFFF', 32, 32, 'FFFFFFF', 'FFFFFFF');
INSERT INTO CUSTOMER (CURRENT_LOCATION, CUSTOMER_ID, DRIVER_ID, LOCATION_NAME, OVERALL_RATING) VALUES ('GGGGGGGG', 33, 33, 'GGGGGGGG', 'GGGGGGGG');
INSERT INTO CUSTOMER (CURRENT_LOCATION, CUSTOMER_ID, DRIVER_ID, LOCATION_NAME, OVERALL_RATING) VALUES ('HHHHHHHHH', 34, 34, 'HHHHHHHHH', 'HHHHHHHHH');
INSERT INTO CUSTOMER (CURRENT_LOCATION, CUSTOMER_ID, DRIVER_ID, LOCATION_NAME, OVERALL_RATING) VALUES ('IIIIIIIIII', 35, 35, 'IIIIIIIIII', 'IIIIIIIIII');
INSERT INTO CUSTOMER (CURRENT_LOCATION, CUSTOMER_ID, DRIVER_ID, LOCATION_NAME, OVERALL_RATING) VALUES ('JJJJJJJJJJJ', 36, 36, 'JJJJJJJJJJJ', 'JJJJJJJJJJJ');
INSERT INTO CUSTOMER (CURRENT_LOCATION, CUSTOMER_ID, DRIVER_ID, LOCATION_NAME, OVERALL_RATING) VALUES ('KKKKKKKKKKKK', 37, 37, 'KKKKKKKKKKKK', 'KKKKKKKKKKKK');
INSERT INTO CUSTOMER (CURRENT_LOCATION, CUSTOMER_ID, DRIVER_ID, LOCATION_NAME, OVERALL_RATING) VALUES ('LLLLLLLLLLLLL', 38, 38, 'LLLLLLLLLLLLL', 'LLLLLLLLLLLLL');
INSERT INTO CUSTOMER (CURRENT_LOCATION, CUSTOMER_ID, DRIVER_ID, LOCATION_NAME, OVERALL_RATING) VALUES ('MMMMMMMMMMMMMM', 39, 39, 'MMMMMMMMMMMMMM', 'MMMMMMMMMMMMMM');
INSERT INTO CUSTOMER (CURRENT_LOCATION, CUSTOMER_ID, DRIVER_ID, LOCATION_NAME, OVERALL_RATING) VALUES ('NNNNNNNNNNNNNNN', 40, 40, 'NNNNNNNNNNNNNNN', 'NNNNNNNNNNNNNNN');
INSERT INTO CUSTOMER (CURRENT_LOCATION, CUSTOMER_ID, DRIVER_ID, LOCATION_NAME, OVERALL_RATING) VALUES ('OOOOOOOOOOOOOOOO', 41, 41, 'OOOOOOOOOOOOOOOO', 'OOOOOOOOOOOOOOOO');
INSERT INTO CUSTOMER (CURRENT_LOCATION, CUSTOMER_ID, DRIVER_ID, LOCATION_NAME, OVERALL_RATING) VALUES ('PPPPPPPPPPPPPPPPP', 42, 42, 'PPPPPPPPPPPPPPPPP', 'PPPPPPPPPPPPPPPPP');
INSERT INTO CUSTOMER (CURRENT_LOCATION, CUSTOMER_ID, DRIVER_ID, LOCATION_NAME, OVERALL_RATING) VALUES ('QQQQQQQQQQQQQQQQQQ', 43, 43, 'QQQQQQQQQQQQQQQQQQ', 'QQQQQQQQQQQQQQQQQQ');
INSERT INTO CUSTOMER (CURRENT_LOCATION, CUSTOMER_ID, DRIVER_ID, LOCATION_NAME, OVERALL_RATING) VALUES ('RRRRRRRRRRRRRRRRRRR', 44, 44, 'RRRRRRRRRRRRRRRRRRR', 'RRRRRRRRRRRRRRRRRRR');
INSERT INTO CUSTOMER (CURRENT_LOCATION, CUSTOMER_ID, DRIVER_ID, LOCATION_NAME, OVERALL_RATING) VALUES ('SSSSSSSSSSSSSSSSSSSS', 45, 45, 'SSSSSSSSSSSSSSSSSSSS', 'SSSSSSSSSSSSSSSSSSSS');
INSERT INTO CUSTOMER (CURRENT_LOCATION, CUSTOMER_ID, DRIVER_ID, LOCATION_NAME, OVERALL_RATING) VALUES ('TTTTTTTTTTTTTTTTTTTTT', 46, 46, 'TTTTTTTTTTTTTTTTTTTTT', 'TTTTTTTTTTTTTTTTTTTTT');
INSERT INTO CUSTOMER (CURRENT_LOCATION, CUSTOMER_ID, DRIVER_ID, LOCATION_NAME, OVERALL_RATING) VALUES ('UUUUUUUUUUUUUUUUUUUUUU', 47, 47, 'UUUUUUUUUUUUUUUUUUUUUU', 'UUUUUUUUUUUUUUUUUUUUUU');
INSERT INTO CUSTOMER (CURRENT_LOCATION, CUSTOMER_ID, DRIVER_ID, LOCATION_NAME, OVERALL_RATING) VALUES ('VVVVVVVVVVVVVVVVVVVVVVV', 48, 48, 'VVVVVVVVVVVVVVVVVVVVVVV', 'VVVVVVVVVVVVVVVVVVVVVVV');
INSERT INTO CUSTOMER (CURRENT_LOCATION, CUSTOMER_ID, DRIVER_ID, LOCATION_NAME, OVERALL_RATING) VALUES ('WWWWWWWWWWWWWWWWWWWWWWWW', 49, 49, 'WWWWWWWWWWWWWWWWWWWWWWWW', 'WWWWWWWWWWWWWWWWWWWWWWWW');
INSERT INTO CUSTOMER (CURRENT_LOCATION, CUSTOMER_ID, DRIVER_ID, LOCATION_NAME, OVERALL_RATING) VALUES ('XXXXXXXXXXXXXXXXXXXXXXXXX', 50, 50, 'XXXXXXXXXXXXXXXXXXXXXXXXX', 'XXXXXXXXXXXXXXXXXXXXXXXXX');
INSERT INTO CUSTOMER (CURRENT_LOCATION, CUSTOMER_ID, DRIVER_ID, LOCATION_NAME, OVERALL_RATING) VALUES ('YYYYYYYYYYYYYYYYYYYYYYYYYY', 51, 51, 'YYYYYYYYYYYYYYYYYYYYYYYYYY', 'YYYYYYYYYYYYYYYYYYYYYYYYYY');
INSERT INTO CUSTOMER (CURRENT_LOCATION, CUSTOMER_ID, DRIVER_ID, LOCATION_NAME, OVERALL_RATING) VALUES ('AA_', 52, 52, 'AA_', 'AA_');
INSERT INTO CUSTOMER (CURRENT_LOCATION, CUSTOMER_ID, DRIVER_ID, LOCATION_NAME, OVERALL_RATING) VALUES ('AAA', 53, 53, 'AAA', 'AAA');
INSERT INTO CUSTOMER (CURRENT_LOCATION, CUSTOMER_ID, DRIVER_ID, LOCATION_NAME, OVERALL_RATING) VALUES ('BBBB', 54, 54, 'BBBB', 'BBBB');
INSERT INTO CUSTOMER (CURRENT_LOCATION, CUSTOMER_ID, DRIVER_ID, LOCATION_NAME, OVERALL_RATING) VALUES ('CCCCC', 55, 55, 'CCCCC', 'CCCCC');
INSERT INTO CUSTOMER (CURRENT_LOCATION, CUSTOMER_ID, DRIVER_ID, LOCATION_NAME, OVERALL_RATING) VALUES ('DDDDDD', 56, 56, 'DDDDDD', 'DDDDDD');
INSERT INTO CUSTOMER (CURRENT_LOCATION, CUSTOMER_ID, DRIVER_ID, LOCATION_NAME, OVERALL_RATING) VALUES ('EEEEEEE', 57, 57, 'EEEEEEE', 'EEEEEEE');
INSERT INTO CUSTOMER (CURRENT_LOCATION, CUSTOMER_ID, DRIVER_ID, LOCATION_NAME, OVERALL_RATING) VALUES ('FFFFFFFF', 58, 58, 'FFFFFFFF', 'FFFFFFFF');
INSERT INTO CUSTOMER (CURRENT_LOCATION, CUSTOMER_ID, DRIVER_ID, LOCATION_NAME, OVERALL_RATING) VALUES ('GGGGGGGGG', 59, 59, 'GGGGGGGGG', 'GGGGGGGGG');
INSERT INTO CUSTOMER (CURRENT_LOCATION, CUSTOMER_ID, DRIVER_ID, LOCATION_NAME, OVERALL_RATING) VALUES ('HHHHHHHHHH', 60, 60, 'HHHHHHHHHH', 'HHHHHHHHHH');
INSERT INTO CUSTOMER (CURRENT_LOCATION, CUSTOMER_ID, DRIVER_ID, LOCATION_NAME, OVERALL_RATING) VALUES ('IIIIIIIIIII', 61, 61, 'IIIIIIIIIII', 'IIIIIIIIIII');
INSERT INTO CUSTOMER (CURRENT_LOCATION, CUSTOMER_ID, DRIVER_ID, LOCATION_NAME, OVERALL_RATING) VALUES ('JJJJJJJJJJJJ', 62, 62, 'JJJJJJJJJJJJ', 'JJJJJJJJJJJJ');
INSERT INTO CUSTOMER (CURRENT_LOCATION, CUSTOMER_ID, DRIVER_ID, LOCATION_NAME, OVERALL_RATING) VALUES ('KKKKKKKKKKKKK', 63, 63, 'KKKKKKKKKKKKK', 'KKKKKKKKKKKKK');
INSERT INTO CUSTOMER (CURRENT_LOCATION, CUSTOMER_ID, DRIVER_ID, LOCATION_NAME, OVERALL_RATING) VALUES ('LLLLLLLLLLLLLL', 64, 64, 'LLLLLLLLLLLLLL', 'LLLLLLLLLLLLLL');
INSERT INTO CUSTOMER (CURRENT_LOCATION, CUSTOMER_ID, DRIVER_ID, LOCATION_NAME, OVERALL_RATING) VALUES ('MMMMMMMMMMMMMMM', 65, 65, 'MMMMMMMMMMMMMMM', 'MMMMMMMMMMMMMMM');
INSERT INTO CUSTOMER (CURRENT_LOCATION, CUSTOMER_ID, DRIVER_ID, LOCATION_NAME, OVERALL_RATING) VALUES ('NNNNNNNNNNNNNNNN', 66, 66, 'NNNNNNNNNNNNNNNN', 'NNNNNNNNNNNNNNNN');
INSERT INTO CUSTOMER (CURRENT_LOCATION, CUSTOMER_ID, DRIVER_ID, LOCATION_NAME, OVERALL_RATING) VALUES ('OOOOOOOOOOOOOOOOO', 67, 67, 'OOOOOOOOOOOOOOOOO', 'OOOOOOOOOOOOOOOOO');
INSERT INTO CUSTOMER (CURRENT_LOCATION, CUSTOMER_ID, DRIVER_ID, LOCATION_NAME, OVERALL_RATING) VALUES ('PPPPPPPPPPPPPPPPPP', 68, 68, 'PPPPPPPPPPPPPPPPPP', 'PPPPPPPPPPPPPPPPPP');
INSERT INTO CUSTOMER (CURRENT_LOCATION, CUSTOMER_ID, DRIVER_ID, LOCATION_NAME, OVERALL_RATING) VALUES ('QQQQQQQQQQQQQQQQQQQ', 69, 69, 'QQQQQQQQQQQQQQQQQQQ', 'QQQQQQQQQQQQQQQQQQQ');
INSERT INTO CUSTOMER (CURRENT_LOCATION, CUSTOMER_ID, DRIVER_ID, LOCATION_NAME, OVERALL_RATING) VALUES ('RRRRRRRRRRRRRRRRRRRR', 70, 70, 'RRRRRRRRRRRRRRRRRRRR', 'RRRRRRRRRRRRRRRRRRRR');
INSERT INTO CUSTOMER (CURRENT_LOCATION, CUSTOMER_ID, DRIVER_ID, LOCATION_NAME, OVERALL_RATING) VALUES ('SSSSSSSSSSSSSSSSSSSSS', 71, 71, 'SSSSSSSSSSSSSSSSSSSSS', 'SSSSSSSSSSSSSSSSSSSSS');
INSERT INTO CUSTOMER (CURRENT_LOCATION, CUSTOMER_ID, DRIVER_ID, LOCATION_NAME, OVERALL_RATING) VALUES ('TTTTTTTTTTTTTTTTTTTTTT', 72, 72, 'TTTTTTTTTTTTTTTTTTTTTT', 'TTTTTTTTTTTTTTTTTTTTTT');
INSERT INTO CUSTOMER (CURRENT_LOCATION, CUSTOMER_ID, DRIVER_ID, LOCATION_NAME, OVERALL_RATING) VALUES ('UUUUUUUUUUUUUUUUUUUUUUU', 73, 73, 'UUUUUUUUUUUUUUUUUUUUUUU', 'UUUUUUUUUUUUUUUUUUUUUUU');
INSERT INTO CUSTOMER (CURRENT_LOCATION, CUSTOMER_ID, DRIVER_ID, LOCATION_NAME, OVERALL_RATING) VALUES ('VVVVVVVVVVVVVVVVVVVVVVVV', 74, 74, 'VVVVVVVVVVVVVVVVVVVVVVVV', 'VVVVVVVVVVVVVVVVVVVVVVVV');
INSERT INTO CUSTOMER (CURRENT_LOCATION, CUSTOMER_ID, DRIVER_ID, LOCATION_NAME, OVERALL_RATING) VALUES ('WWWWWWWWWWWWWWWWWWWWWWWWW', 75, 75, 'WWWWWWWWWWWWWWWWWWWWWWWWW', 'WWWWWWWWWWWWWWWWWWWWWWWWW');
INSERT INTO CUSTOMER (CURRENT_LOCATION, CUSTOMER_ID, DRIVER_ID, LOCATION_NAME, OVERALL_RATING) VALUES ('XXXXXXXXXXXXXXXXXXXXXXXXXX', 76, 76, 'XXXXXXXXXXXXXXXXXXXXXXXXXX', 'XXXXXXXXXXXXXXXXXXXXXXXXXX');
INSERT INTO CUSTOMER (CURRENT_LOCATION, CUSTOMER_ID, DRIVER_ID, LOCATION_NAME, OVERALL_RATING) VALUES ('YYYYYYYYYYYYYYYYYYYYYYYYYYY', 77, 77, 'YYYYYYYYYYYYYYYYYYYYYYYYYYY', 'YYYYYYYYYYYYYYYYYYYYYYYYYYY');
INSERT INTO CUSTOMER (CURRENT_LOCATION, CUSTOMER_ID, DRIVER_ID, LOCATION_NAME, OVERALL_RATING) VALUES ('AAA_', 78, 78, 'AAA_', 'AAA_');
INSERT INTO CUSTOMER (CURRENT_LOCATION, CUSTOMER_ID, DRIVER_ID, LOCATION_NAME, OVERALL_RATING) VALUES ('AAAA', 79, 79, 'AAAA', 'AAAA');
INSERT INTO CUSTOMER (CURRENT_LOCATION, CUSTOMER_ID, DRIVER_ID, LOCATION_NAME, OVERALL_RATING) VALUES ('BBBBB', 80, 80, 'BBBBB', 'BBBBB');
INSERT INTO CUSTOMER (CURRENT_LOCATION, CUSTOMER_ID, DRIVER_ID, LOCATION_NAME, OVERALL_RATING) VALUES ('CCCCCC', 81, 81, 'CCCCCC', 'CCCCCC');
INSERT INTO CUSTOMER (CURRENT_LOCATION, CUSTOMER_ID, DRIVER_ID, LOCATION_NAME, OVERALL_RATING) VALUES ('DDDDDDD', 82, 82, 'DDDDDDD', 'DDDDDDD');
INSERT INTO CUSTOMER (CURRENT_LOCATION, CUSTOMER_ID, DRIVER_ID, LOCATION_NAME, OVERALL_RATING) VALUES ('EEEEEEEE', 83, 83, 'EEEEEEEE', 'EEEEEEEE');
INSERT INTO CUSTOMER (CURRENT_LOCATION, CUSTOMER_ID, DRIVER_ID, LOCATION_NAME, OVERALL_RATING) VALUES ('FFFFFFFFF', 84, 84, 'FFFFFFFFF', 'FFFFFFFFF');
INSERT INTO CUSTOMER (CURRENT_LOCATION, CUSTOMER_ID, DRIVER_ID, LOCATION_NAME, OVERALL_RATING) VALUES ('GGGGGGGGGG', 85, 85, 'GGGGGGGGGG', 'GGGGGGGGGG');
INSERT INTO CUSTOMER (CURRENT_LOCATION, CUSTOMER_ID, DRIVER_ID, LOCATION_NAME, OVERALL_RATING) VALUES ('HHHHHHHHHHH', 86, 86, 'HHHHHHHHHHH', 'HHHHHHHHHHH');
INSERT INTO CUSTOMER (CURRENT_LOCATION, CUSTOMER_ID, DRIVER_ID, LOCATION_NAME, OVERALL_RATING) VALUES ('IIIIIIIIIIII', 87, 87, 'IIIIIIIIIIII', 'IIIIIIIIIIII');
INSERT INTO CUSTOMER (CURRENT_LOCATION, CUSTOMER_ID, DRIVER_ID, LOCATION_NAME, OVERALL_RATING) VALUES ('JJJJJJJJJJJJJ', 88, 88, 'JJJJJJJJJJJJJ', 'JJJJJJJJJJJJJ');
INSERT INTO CUSTOMER (CURRENT_LOCATION, CUSTOMER_ID, DRIVER_ID, LOCATION_NAME, OVERALL_RATING) VALUES ('KKKKKKKKKKKKKK', 89, 89, 'KKKKKKKKKKKKKK', 'KKKKKKKKKKKKKK');
INSERT INTO CUSTOMER (CURRENT_LOCATION, CUSTOMER_ID, DRIVER_ID, LOCATION_NAME, OVERALL_RATING) VALUES ('LLLLLLLLLLLLLLL', 90, 90, 'LLLLLLLLLLLLLLL', 'LLLLLLLLLLLLLLL');
INSERT INTO CUSTOMER (CURRENT_LOCATION, CUSTOMER_ID, DRIVER_ID, LOCATION_NAME, OVERALL_RATING) VALUES ('MMMMMMMMMMMMMMMM', 91, 91, 'MMMMMMMMMMMMMMMM', 'MMMMMMMMMMMMMMMM');
INSERT INTO CUSTOMER (CURRENT_LOCATION, CUSTOMER_ID, DRIVER_ID, LOCATION_NAME, OVERALL_RATING) VALUES ('NNNNNNNNNNNNNNNNN', 92, 92, 'NNNNNNNNNNNNNNNNN', 'NNNNNNNNNNNNNNNNN');
INSERT INTO CUSTOMER (CURRENT_LOCATION, CUSTOMER_ID, DRIVER_ID, LOCATION_NAME, OVERALL_RATING) VALUES ('OOOOOOOOOOOOOOOOOO', 93, 93, 'OOOOOOOOOOOOOOOOOO', 'OOOOOOOOOOOOOOOOOO');
INSERT INTO CUSTOMER (CURRENT_LOCATION, CUSTOMER_ID, DRIVER_ID, LOCATION_NAME, OVERALL_RATING) VALUES ('PPPPPPPPPPPPPPPPPPP', 94, 94, 'PPPPPPPPPPPPPPPPPPP', 'PPPPPPPPPPPPPPPPPPP');
INSERT INTO CUSTOMER (CURRENT_LOCATION, CUSTOMER_ID, DRIVER_ID, LOCATION_NAME, OVERALL_RATING) VALUES ('QQQQQQQQQQQQQQQQQQQQ', 95, 95, 'QQQQQQQQQQQQQQQQQQQQ', 'QQQQQQQQQQQQQQQQQQQQ');
INSERT INTO CUSTOMER (CURRENT_LOCATION, CUSTOMER_ID, DRIVER_ID, LOCATION_NAME, OVERALL_RATING) VALUES ('RRRRRRRRRRRRRRRRRRRRR', 96, 96, 'RRRRRRRRRRRRRRRRRRRRR', 'RRRRRRRRRRRRRRRRRRRRR');
INSERT INTO CUSTOMER (CURRENT_LOCATION, CUSTOMER_ID, DRIVER_ID, LOCATION_NAME, OVERALL_RATING) VALUES ('SSSSSSSSSSSSSSSSSSSSSS', 97, 97, 'SSSSSSSSSSSSSSSSSSSSSS', 'SSSSSSSSSSSSSSSSSSSSSS');
INSERT INTO CUSTOMER (CURRENT_LOCATION, CUSTOMER_ID, DRIVER_ID, LOCATION_NAME, OVERALL_RATING) VALUES ('TTTTTTTTTTTTTTTTTTTTTTT', 98, 98, 'TTTTTTTTTTTTTTTTTTTTTTT', 'TTTTTTTTTTTTTTTTTTTTTTT');
INSERT INTO CUSTOMER (CURRENT_LOCATION, CUSTOMER_ID, DRIVER_ID, LOCATION_NAME, OVERALL_RATING) VALUES ('UUUUUUUUUUUUUUUUUUUUUUUU', 99, 99, 'UUUUUUUUUUUUUUUUUUUUUUUU', 'UUUUUUUUUUUUUUUUUUUUUUUU');
INSERT INTO CUSTOMER (CURRENT_LOCATION, CUSTOMER_ID, DRIVER_ID, LOCATION_NAME, OVERALL_RATING) VALUES ('VVVVVVVVVVVVVVVVVVVVVVVVV', 100, 100, 'VVVVVVVVVVVVVVVVVVVVVVVVV', 'VVVVVVVVVVVVVVVVVVVVVVVVV');
/* ------------- DEPARTMENTS ---------------- */ 
INSERT INTO DEPARTMENTS (DEPARTMENT_NAME, JOB_ID, SALARY, DEPARTMENT_ID, LOCATION_ID, MANAGER_ID) VALUES ('A', 1, 'A', 1, 1, 1);
INSERT INTO DEPARTMENTS (DEPARTMENT_NAME, JOB_ID, SALARY, DEPARTMENT_ID, LOCATION_ID, MANAGER_ID) VALUES ('B', 2, 'B', 2, 2, 2);
INSERT INTO DEPARTMENTS (DEPARTMENT_NAME, JOB_ID, SALARY, DEPARTMENT_ID, LOCATION_ID, MANAGER_ID) VALUES ('C', 3, 'C', 3, 3, 3);
INSERT INTO DEPARTMENTS (DEPARTMENT_NAME, JOB_ID, SALARY, DEPARTMENT_ID, LOCATION_ID, MANAGER_ID) VALUES ('D', 4, 'D', 4, 4, 4);
INSERT INTO DEPARTMENTS (DEPARTMENT_NAME, JOB_ID, SALARY, DEPARTMENT_ID, LOCATION_ID, MANAGER_ID) VALUES ('E', 5, 'E', 5, 5, 5);
INSERT INTO DEPARTMENTS (DEPARTMENT_NAME, JOB_ID, SALARY, DEPARTMENT_ID, LOCATION_ID, MANAGER_ID) VALUES ('F', 6, 'F', 6, 6, 6);
INSERT INTO DEPARTMENTS (DEPARTMENT_NAME, JOB_ID, SALARY, DEPARTMENT_ID, LOCATION_ID, MANAGER_ID) VALUES ('G', 7, 'G', 7, 7, 7);
INSERT INTO DEPARTMENTS (DEPARTMENT_NAME, JOB_ID, SALARY, DEPARTMENT_ID, LOCATION_ID, MANAGER_ID) VALUES ('H', 8, 'H', 8, 8, 8);
INSERT INTO DEPARTMENTS (DEPARTMENT_NAME, JOB_ID, SALARY, DEPARTMENT_ID, LOCATION_ID, MANAGER_ID) VALUES ('I', 9, 'I', 9, 9, 9);
INSERT INTO DEPARTMENTS (DEPARTMENT_NAME, JOB_ID, SALARY, DEPARTMENT_ID, LOCATION_ID, MANAGER_ID) VALUES ('J', 10, 'J', 10, 10, 10);
INSERT INTO DEPARTMENTS (DEPARTMENT_NAME, JOB_ID, SALARY, DEPARTMENT_ID, LOCATION_ID, MANAGER_ID) VALUES ('K', 11, 'K', 11, 11, 11);
INSERT INTO DEPARTMENTS (DEPARTMENT_NAME, JOB_ID, SALARY, DEPARTMENT_ID, LOCATION_ID, MANAGER_ID) VALUES ('L', 12, 'L', 12, 12, 12);
INSERT INTO DEPARTMENTS (DEPARTMENT_NAME, JOB_ID, SALARY, DEPARTMENT_ID, LOCATION_ID, MANAGER_ID) VALUES ('M', 13, 'M', 13, 13, 13);
INSERT INTO DEPARTMENTS (DEPARTMENT_NAME, JOB_ID, SALARY, DEPARTMENT_ID, LOCATION_ID, MANAGER_ID) VALUES ('N', 14, 'N', 14, 14, 14);
INSERT INTO DEPARTMENTS (DEPARTMENT_NAME, JOB_ID, SALARY, DEPARTMENT_ID, LOCATION_ID, MANAGER_ID) VALUES ('O', 15, 'O', 15, 15, 15);
INSERT INTO DEPARTMENTS (DEPARTMENT_NAME, JOB_ID, SALARY, DEPARTMENT_ID, LOCATION_ID, MANAGER_ID) VALUES ('P', 16, 'P', 16, 16, 16);
INSERT INTO DEPARTMENTS (DEPARTMENT_NAME, JOB_ID, SALARY, DEPARTMENT_ID, LOCATION_ID, MANAGER_ID) VALUES ('Q', 17, 'Q', 17, 17, 17);
INSERT INTO DEPARTMENTS (DEPARTMENT_NAME, JOB_ID, SALARY, DEPARTMENT_ID, LOCATION_ID, MANAGER_ID) VALUES ('R', 18, 'R', 18, 18, 18);
INSERT INTO DEPARTMENTS (DEPARTMENT_NAME, JOB_ID, SALARY, DEPARTMENT_ID, LOCATION_ID, MANAGER_ID) VALUES ('S', 19, 'S', 19, 19, 19);
INSERT INTO DEPARTMENTS (DEPARTMENT_NAME, JOB_ID, SALARY, DEPARTMENT_ID, LOCATION_ID, MANAGER_ID) VALUES ('T', 20, 'T', 20, 20, 20);
INSERT INTO DEPARTMENTS (DEPARTMENT_NAME, JOB_ID, SALARY, DEPARTMENT_ID, LOCATION_ID, MANAGER_ID) VALUES ('U', 21, 'U', 21, 21, 21);
INSERT INTO DEPARTMENTS (DEPARTMENT_NAME, JOB_ID, SALARY, DEPARTMENT_ID, LOCATION_ID, MANAGER_ID) VALUES ('V', 22, 'V', 22, 22, 22);
INSERT INTO DEPARTMENTS (DEPARTMENT_NAME, JOB_ID, SALARY, DEPARTMENT_ID, LOCATION_ID, MANAGER_ID) VALUES ('W', 23, 'W', 23, 23, 23);
INSERT INTO DEPARTMENTS (DEPARTMENT_NAME, JOB_ID, SALARY, DEPARTMENT_ID, LOCATION_ID, MANAGER_ID) VALUES ('X', 24, 'X', 24, 24, 24);
INSERT INTO DEPARTMENTS (DEPARTMENT_NAME, JOB_ID, SALARY, DEPARTMENT_ID, LOCATION_ID, MANAGER_ID) VALUES ('Y', 25, 'Y', 25, 25, 25);
INSERT INTO DEPARTMENTS (DEPARTMENT_NAME, JOB_ID, SALARY, DEPARTMENT_ID, LOCATION_ID, MANAGER_ID) VALUES ('Z', 26, 'Z', 26, 26, 26);
INSERT INTO DEPARTMENTS (DEPARTMENT_NAME, JOB_ID, SALARY, DEPARTMENT_ID, LOCATION_ID, MANAGER_ID) VALUES ('AA', 27, 'AA', 27, 27, 27);
INSERT INTO DEPARTMENTS (DEPARTMENT_NAME, JOB_ID, SALARY, DEPARTMENT_ID, LOCATION_ID, MANAGER_ID) VALUES ('BBB', 28, 'BBB', 28, 28, 28);
INSERT INTO DEPARTMENTS (DEPARTMENT_NAME, JOB_ID, SALARY, DEPARTMENT_ID, LOCATION_ID, MANAGER_ID) VALUES ('CCCC', 29, 'CCCC', 29, 29, 29);
INSERT INTO DEPARTMENTS (DEPARTMENT_NAME, JOB_ID, SALARY, DEPARTMENT_ID, LOCATION_ID, MANAGER_ID) VALUES ('DDDDD', 30, 'DDDDD', 30, 30, 30);
INSERT INTO DEPARTMENTS (DEPARTMENT_NAME, JOB_ID, SALARY, DEPARTMENT_ID, LOCATION_ID, MANAGER_ID) VALUES ('EEEEEE', 31, 'EEEEEE', 31, 31, 31);
INSERT INTO DEPARTMENTS (DEPARTMENT_NAME, JOB_ID, SALARY, DEPARTMENT_ID, LOCATION_ID, MANAGER_ID) VALUES ('FFFFFFF', 32, 'FFFFFFF', 32, 32, 32);
INSERT INTO DEPARTMENTS (DEPARTMENT_NAME, JOB_ID, SALARY, DEPARTMENT_ID, LOCATION_ID, MANAGER_ID) VALUES ('GGGGGGGG', 33, 'GGGGGGGG', 33, 33, 33);
INSERT INTO DEPARTMENTS (DEPARTMENT_NAME, JOB_ID, SALARY, DEPARTMENT_ID, LOCATION_ID, MANAGER_ID) VALUES ('HHHHHHHHH', 34, 'HHHHHHHHH', 34, 34, 34);
INSERT INTO DEPARTMENTS (DEPARTMENT_NAME, JOB_ID, SALARY, DEPARTMENT_ID, LOCATION_ID, MANAGER_ID) VALUES ('IIIIIIIIII', 35, 'IIIIIIIIII', 35, 35, 35);
INSERT INTO DEPARTMENTS (DEPARTMENT_NAME, JOB_ID, SALARY, DEPARTMENT_ID, LOCATION_ID, MANAGER_ID) VALUES ('JJJJJJJJJJJ', 36, 'JJJJJJJJJJJ', 36, 36, 36);
INSERT INTO DEPARTMENTS (DEPARTMENT_NAME, JOB_ID, SALARY, DEPARTMENT_ID, LOCATION_ID, MANAGER_ID) VALUES ('KKKKKKKKKKKK', 37, 'KKKKKKKKKKKK', 37, 37, 37);
INSERT INTO DEPARTMENTS (DEPARTMENT_NAME, JOB_ID, SALARY, DEPARTMENT_ID, LOCATION_ID, MANAGER_ID) VALUES ('LLLLLLLLLLLLL', 38, 'LLLLLLLLLLLLL', 38, 38, 38);
INSERT INTO DEPARTMENTS (DEPARTMENT_NAME, JOB_ID, SALARY, DEPARTMENT_ID, LOCATION_ID, MANAGER_ID) VALUES ('MMMMMMMMMMMMMM', 39, 'MMMMMMMMMMMMMM', 39, 39, 39);
INSERT INTO DEPARTMENTS (DEPARTMENT_NAME, JOB_ID, SALARY, DEPARTMENT_ID, LOCATION_ID, MANAGER_ID) VALUES ('NNNNNNNNNNNNNNN', 40, 'NNNNNNNNNNNNNNN', 40, 40, 40);
INSERT INTO DEPARTMENTS (DEPARTMENT_NAME, JOB_ID, SALARY, DEPARTMENT_ID, LOCATION_ID, MANAGER_ID) VALUES ('OOOOOOOOOOOOOOOO', 41, 'OOOOOOOOOOOOOOOO', 41, 41, 41);
INSERT INTO DEPARTMENTS (DEPARTMENT_NAME, JOB_ID, SALARY, DEPARTMENT_ID, LOCATION_ID, MANAGER_ID) VALUES ('PPPPPPPPPPPPPPPPP', 42, 'PPPPPPPPPPPPPPPPP', 42, 42, 42);
INSERT INTO DEPARTMENTS (DEPARTMENT_NAME, JOB_ID, SALARY, DEPARTMENT_ID, LOCATION_ID, MANAGER_ID) VALUES ('QQQQQQQQQQQQQQQQQQ', 43, 'QQQQQQQQQQQQQQQQQQ', 43, 43, 43);
INSERT INTO DEPARTMENTS (DEPARTMENT_NAME, JOB_ID, SALARY, DEPARTMENT_ID, LOCATION_ID, MANAGER_ID) VALUES ('RRRRRRRRRRRRRRRRRRR', 44, 'RRRRRRRRRRRRRRRRRRR', 44, 44, 44);
INSERT INTO DEPARTMENTS (DEPARTMENT_NAME, JOB_ID, SALARY, DEPARTMENT_ID, LOCATION_ID, MANAGER_ID) VALUES ('SSSSSSSSSSSSSSSSSSSS', 45, 'SSSSSSSSSSSSSSSSSSSS', 45, 45, 45);
INSERT INTO DEPARTMENTS (DEPARTMENT_NAME, JOB_ID, SALARY, DEPARTMENT_ID, LOCATION_ID, MANAGER_ID) VALUES ('TTTTTTTTTTTTTTTTTTTTT', 46, 'TTTTTTTTTTTTTTTTTTTTT', 46, 46, 46);
INSERT INTO DEPARTMENTS (DEPARTMENT_NAME, JOB_ID, SALARY, DEPARTMENT_ID, LOCATION_ID, MANAGER_ID) VALUES ('UUUUUUUUUUUUUUUUUUUUUU', 47, 'UUUUUUUUUUUUUUUUUUUUUU', 47, 47, 47);
INSERT INTO DEPARTMENTS (DEPARTMENT_NAME, JOB_ID, SALARY, DEPARTMENT_ID, LOCATION_ID, MANAGER_ID) VALUES ('VVVVVVVVVVVVVVVVVVVVVVV', 48, 'VVVVVVVVVVVVVVVVVVVVVVV', 48, 48, 48);
INSERT INTO DEPARTMENTS (DEPARTMENT_NAME, JOB_ID, SALARY, DEPARTMENT_ID, LOCATION_ID, MANAGER_ID) VALUES ('WWWWWWWWWWWWWWWWWWWWWWWW', 49, 'WWWWWWWWWWWWWWWWWWWWWWWW', 49, 49, 49);
INSERT INTO DEPARTMENTS (DEPARTMENT_NAME, JOB_ID, SALARY, DEPARTMENT_ID, LOCATION_ID, MANAGER_ID) VALUES ('XXXXXXXXXXXXXXXXXXXXXXXXX', 50, 'XXXXXXXXXXXXXXXXXXXXXXXXX', 50, 50, 50);
INSERT INTO DEPARTMENTS (DEPARTMENT_NAME, JOB_ID, SALARY, DEPARTMENT_ID, LOCATION_ID, MANAGER_ID) VALUES ('YYYYYYYYYYYYYYYYYYYYYYYYYY', 51, 'YYYYYYYYYYYYYYYYYYYYYYYYYY', 51, 51, 51);
INSERT INTO DEPARTMENTS (DEPARTMENT_NAME, JOB_ID, SALARY, DEPARTMENT_ID, LOCATION_ID, MANAGER_ID) VALUES ('AA_', 52, 'AA_', 52, 52, 52);
INSERT INTO DEPARTMENTS (DEPARTMENT_NAME, JOB_ID, SALARY, DEPARTMENT_ID, LOCATION_ID, MANAGER_ID) VALUES ('AAA', 53, 'AAA', 53, 53, 53);
INSERT INTO DEPARTMENTS (DEPARTMENT_NAME, JOB_ID, SALARY, DEPARTMENT_ID, LOCATION_ID, MANAGER_ID) VALUES ('BBBB', 54, 'BBBB', 54, 54, 54);
INSERT INTO DEPARTMENTS (DEPARTMENT_NAME, JOB_ID, SALARY, DEPARTMENT_ID, LOCATION_ID, MANAGER_ID) VALUES ('CCCCC', 55, 'CCCCC', 55, 55, 55);
INSERT INTO DEPARTMENTS (DEPARTMENT_NAME, JOB_ID, SALARY, DEPARTMENT_ID, LOCATION_ID, MANAGER_ID) VALUES ('DDDDDD', 56, 'DDDDDD', 56, 56, 56);
INSERT INTO DEPARTMENTS (DEPARTMENT_NAME, JOB_ID, SALARY, DEPARTMENT_ID, LOCATION_ID, MANAGER_ID) VALUES ('EEEEEEE', 57, 'EEEEEEE', 57, 57, 57);
INSERT INTO DEPARTMENTS (DEPARTMENT_NAME, JOB_ID, SALARY, DEPARTMENT_ID, LOCATION_ID, MANAGER_ID) VALUES ('FFFFFFFF', 58, 'FFFFFFFF', 58, 58, 58);
INSERT INTO DEPARTMENTS (DEPARTMENT_NAME, JOB_ID, SALARY, DEPARTMENT_ID, LOCATION_ID, MANAGER_ID) VALUES ('GGGGGGGGG', 59, 'GGGGGGGGG', 59, 59, 59);
INSERT INTO DEPARTMENTS (DEPARTMENT_NAME, JOB_ID, SALARY, DEPARTMENT_ID, LOCATION_ID, MANAGER_ID) VALUES ('HHHHHHHHHH', 60, 'HHHHHHHHHH', 60, 60, 60);
INSERT INTO DEPARTMENTS (DEPARTMENT_NAME, JOB_ID, SALARY, DEPARTMENT_ID, LOCATION_ID, MANAGER_ID) VALUES ('IIIIIIIIIII', 61, 'IIIIIIIIIII', 61, 61, 61);
INSERT INTO DEPARTMENTS (DEPARTMENT_NAME, JOB_ID, SALARY, DEPARTMENT_ID, LOCATION_ID, MANAGER_ID) VALUES ('JJJJJJJJJJJJ', 62, 'JJJJJJJJJJJJ', 62, 62, 62);
INSERT INTO DEPARTMENTS (DEPARTMENT_NAME, JOB_ID, SALARY, DEPARTMENT_ID, LOCATION_ID, MANAGER_ID) VALUES ('KKKKKKKKKKKKK', 63, 'KKKKKKKKKKKKK', 63, 63, 63);
INSERT INTO DEPARTMENTS (DEPARTMENT_NAME, JOB_ID, SALARY, DEPARTMENT_ID, LOCATION_ID, MANAGER_ID) VALUES ('LLLLLLLLLLLLLL', 64, 'LLLLLLLLLLLLLL', 64, 64, 64);
INSERT INTO DEPARTMENTS (DEPARTMENT_NAME, JOB_ID, SALARY, DEPARTMENT_ID, LOCATION_ID, MANAGER_ID) VALUES ('MMMMMMMMMMMMMMM', 65, 'MMMMMMMMMMMMMMM', 65, 65, 65);
INSERT INTO DEPARTMENTS (DEPARTMENT_NAME, JOB_ID, SALARY, DEPARTMENT_ID, LOCATION_ID, MANAGER_ID) VALUES ('NNNNNNNNNNNNNNNN', 66, 'NNNNNNNNNNNNNNNN', 66, 66, 66);
INSERT INTO DEPARTMENTS (DEPARTMENT_NAME, JOB_ID, SALARY, DEPARTMENT_ID, LOCATION_ID, MANAGER_ID) VALUES ('OOOOOOOOOOOOOOOOO', 67, 'OOOOOOOOOOOOOOOOO', 67, 67, 67);
INSERT INTO DEPARTMENTS (DEPARTMENT_NAME, JOB_ID, SALARY, DEPARTMENT_ID, LOCATION_ID, MANAGER_ID) VALUES ('PPPPPPPPPPPPPPPPPP', 68, 'PPPPPPPPPPPPPPPPPP', 68, 68, 68);
INSERT INTO DEPARTMENTS (DEPARTMENT_NAME, JOB_ID, SALARY, DEPARTMENT_ID, LOCATION_ID, MANAGER_ID) VALUES ('QQQQQQQQQQQQQQQQQQQ', 69, 'QQQQQQQQQQQQQQQQQQQ', 69, 69, 69);
INSERT INTO DEPARTMENTS (DEPARTMENT_NAME, JOB_ID, SALARY, DEPARTMENT_ID, LOCATION_ID, MANAGER_ID) VALUES ('RRRRRRRRRRRRRRRRRRRR', 70, 'RRRRRRRRRRRRRRRRRRRR', 70, 70, 70);
INSERT INTO DEPARTMENTS (DEPARTMENT_NAME, JOB_ID, SALARY, DEPARTMENT_ID, LOCATION_ID, MANAGER_ID) VALUES ('SSSSSSSSSSSSSSSSSSSSS', 71, 'SSSSSSSSSSSSSSSSSSSSS', 71, 71, 71);
INSERT INTO DEPARTMENTS (DEPARTMENT_NAME, JOB_ID, SALARY, DEPARTMENT_ID, LOCATION_ID, MANAGER_ID) VALUES ('TTTTTTTTTTTTTTTTTTTTTT', 72, 'TTTTTTTTTTTTTTTTTTTTTT', 72, 72, 72);
INSERT INTO DEPARTMENTS (DEPARTMENT_NAME, JOB_ID, SALARY, DEPARTMENT_ID, LOCATION_ID, MANAGER_ID) VALUES ('UUUUUUUUUUUUUUUUUUUUUUU', 73, 'UUUUUUUUUUUUUUUUUUUUUUU', 73, 73, 73);
INSERT INTO DEPARTMENTS (DEPARTMENT_NAME, JOB_ID, SALARY, DEPARTMENT_ID, LOCATION_ID, MANAGER_ID) VALUES ('VVVVVVVVVVVVVVVVVVVVVVVV', 74, 'VVVVVVVVVVVVVVVVVVVVVVVV', 74, 74, 74);
INSERT INTO DEPARTMENTS (DEPARTMENT_NAME, JOB_ID, SALARY, DEPARTMENT_ID, LOCATION_ID, MANAGER_ID) VALUES ('WWWWWWWWWWWWWWWWWWWWWWWWW', 75, 'WWWWWWWWWWWWWWWWWWWWWWWWW', 75, 75, 75);
INSERT INTO DEPARTMENTS (DEPARTMENT_NAME, JOB_ID, SALARY, DEPARTMENT_ID, LOCATION_ID, MANAGER_ID) VALUES ('XXXXXXXXXXXXXXXXXXXXXXXXXX', 76, 'XXXXXXXXXXXXXXXXXXXXXXXXXX', 76, 76, 76);
INSERT INTO DEPARTMENTS (DEPARTMENT_NAME, JOB_ID, SALARY, DEPARTMENT_ID, LOCATION_ID, MANAGER_ID) VALUES ('YYYYYYYYYYYYYYYYYYYYYYYYYYY', 77, 'YYYYYYYYYYYYYYYYYYYYYYYYYYY', 77, 77, 77);
INSERT INTO DEPARTMENTS (DEPARTMENT_NAME, JOB_ID, SALARY, DEPARTMENT_ID, LOCATION_ID, MANAGER_ID) VALUES ('AAA_', 78, 'AAA_', 78, 78, 78);
INSERT INTO DEPARTMENTS (DEPARTMENT_NAME, JOB_ID, SALARY, DEPARTMENT_ID, LOCATION_ID, MANAGER_ID) VALUES ('AAAA', 79, 'AAAA', 79, 79, 79);
INSERT INTO DEPARTMENTS (DEPARTMENT_NAME, JOB_ID, SALARY, DEPARTMENT_ID, LOCATION_ID, MANAGER_ID) VALUES ('BBBBB', 80, 'BBBBB', 80, 80, 80);
INSERT INTO DEPARTMENTS (DEPARTMENT_NAME, JOB_ID, SALARY, DEPARTMENT_ID, LOCATION_ID, MANAGER_ID) VALUES ('CCCCCC', 81, 'CCCCCC', 81, 81, 81);
INSERT INTO DEPARTMENTS (DEPARTMENT_NAME, JOB_ID, SALARY, DEPARTMENT_ID, LOCATION_ID, MANAGER_ID) VALUES ('DDDDDDD', 82, 'DDDDDDD', 82, 82, 82);
INSERT INTO DEPARTMENTS (DEPARTMENT_NAME, JOB_ID, SALARY, DEPARTMENT_ID, LOCATION_ID, MANAGER_ID) VALUES ('EEEEEEEE', 83, 'EEEEEEEE', 83, 83, 83);
INSERT INTO DEPARTMENTS (DEPARTMENT_NAME, JOB_ID, SALARY, DEPARTMENT_ID, LOCATION_ID, MANAGER_ID) VALUES ('FFFFFFFFF', 84, 'FFFFFFFFF', 84, 84, 84);
INSERT INTO DEPARTMENTS (DEPARTMENT_NAME, JOB_ID, SALARY, DEPARTMENT_ID, LOCATION_ID, MANAGER_ID) VALUES ('GGGGGGGGGG', 85, 'GGGGGGGGGG', 85, 85, 85);
INSERT INTO DEPARTMENTS (DEPARTMENT_NAME, JOB_ID, SALARY, DEPARTMENT_ID, LOCATION_ID, MANAGER_ID) VALUES ('HHHHHHHHHHH', 86, 'HHHHHHHHHHH', 86, 86, 86);
INSERT INTO DEPARTMENTS (DEPARTMENT_NAME, JOB_ID, SALARY, DEPARTMENT_ID, LOCATION_ID, MANAGER_ID) VALUES ('IIIIIIIIIIII', 87, 'IIIIIIIIIIII', 87, 87, 87);
INSERT INTO DEPARTMENTS (DEPARTMENT_NAME, JOB_ID, SALARY, DEPARTMENT_ID, LOCATION_ID, MANAGER_ID) VALUES ('JJJJJJJJJJJJJ', 88, 'JJJJJJJJJJJJJ', 88, 88, 88);
INSERT INTO DEPARTMENTS (DEPARTMENT_NAME, JOB_ID, SALARY, DEPARTMENT_ID, LOCATION_ID, MANAGER_ID) VALUES ('KKKKKKKKKKKKKK', 89, 'KKKKKKKKKKKKKK', 89, 89, 89);
INSERT INTO DEPARTMENTS (DEPARTMENT_NAME, JOB_ID, SALARY, DEPARTMENT_ID, LOCATION_ID, MANAGER_ID) VALUES ('LLLLLLLLLLLLLLL', 90, 'LLLLLLLLLLLLLLL', 90, 90, 90);
INSERT INTO DEPARTMENTS (DEPARTMENT_NAME, JOB_ID, SALARY, DEPARTMENT_ID, LOCATION_ID, MANAGER_ID) VALUES ('MMMMMMMMMMMMMMMM', 91, 'MMMMMMMMMMMMMMMM', 91, 91, 91);
INSERT INTO DEPARTMENTS (DEPARTMENT_NAME, JOB_ID, SALARY, DEPARTMENT_ID, LOCATION_ID, MANAGER_ID) VALUES ('NNNNNNNNNNNNNNNNN', 92, 'NNNNNNNNNNNNNNNNN', 92, 92, 92);
INSERT INTO DEPARTMENTS (DEPARTMENT_NAME, JOB_ID, SALARY, DEPARTMENT_ID, LOCATION_ID, MANAGER_ID) VALUES ('OOOOOOOOOOOOOOOOOO', 93, 'OOOOOOOOOOOOOOOOOO', 93, 93, 93);
INSERT INTO DEPARTMENTS (DEPARTMENT_NAME, JOB_ID, SALARY, DEPARTMENT_ID, LOCATION_ID, MANAGER_ID) VALUES ('PPPPPPPPPPPPPPPPPPP', 94, 'PPPPPPPPPPPPPPPPPPP', 94, 94, 94);
INSERT INTO DEPARTMENTS (DEPARTMENT_NAME, JOB_ID, SALARY, DEPARTMENT_ID, LOCATION_ID, MANAGER_ID) VALUES ('QQQQQQQQQQQQQQQQQQQQ', 95, 'QQQQQQQQQQQQQQQQQQQQ', 95, 95, 95);
INSERT INTO DEPARTMENTS (DEPARTMENT_NAME, JOB_ID, SALARY, DEPARTMENT_ID, LOCATION_ID, MANAGER_ID) VALUES ('RRRRRRRRRRRRRRRRRRRRR', 96, 'RRRRRRRRRRRRRRRRRRRRR', 96, 96, 96);
INSERT INTO DEPARTMENTS (DEPARTMENT_NAME, JOB_ID, SALARY, DEPARTMENT_ID, LOCATION_ID, MANAGER_ID) VALUES ('SSSSSSSSSSSSSSSSSSSSSS', 97, 'SSSSSSSSSSSSSSSSSSSSSS', 97, 97, 97);
INSERT INTO DEPARTMENTS (DEPARTMENT_NAME, JOB_ID, SALARY, DEPARTMENT_ID, LOCATION_ID, MANAGER_ID) VALUES ('TTTTTTTTTTTTTTTTTTTTTTT', 98, 'TTTTTTTTTTTTTTTTTTTTTTT', 98, 98, 98);
INSERT INTO DEPARTMENTS (DEPARTMENT_NAME, JOB_ID, SALARY, DEPARTMENT_ID, LOCATION_ID, MANAGER_ID) VALUES ('UUUUUUUUUUUUUUUUUUUUUUUU', 99, 'UUUUUUUUUUUUUUUUUUUUUUUU', 99, 99, 99);
INSERT INTO DEPARTMENTS (DEPARTMENT_NAME, JOB_ID, SALARY, DEPARTMENT_ID, LOCATION_ID, MANAGER_ID) VALUES ('VVVVVVVVVVVVVVVVVVVVVVVVV', 100, 'VVVVVVVVVVVVVVVVVVVVVVVVV', 100, 100, 100);
/* ------------- DRIVER ---------------- */ 
INSERT INTO DRIVER (DRIVER_ID, OVERALL_RATING) VALUES (1, 'A');
INSERT INTO DRIVER (DRIVER_ID, OVERALL_RATING) VALUES (2, 'B');
INSERT INTO DRIVER (DRIVER_ID, OVERALL_RATING) VALUES (3, 'C');
INSERT INTO DRIVER (DRIVER_ID, OVERALL_RATING) VALUES (4, 'D');
INSERT INTO DRIVER (DRIVER_ID, OVERALL_RATING) VALUES (5, 'E');
INSERT INTO DRIVER (DRIVER_ID, OVERALL_RATING) VALUES (6, 'F');
INSERT INTO DRIVER (DRIVER_ID, OVERALL_RATING) VALUES (7, 'G');
INSERT INTO DRIVER (DRIVER_ID, OVERALL_RATING) VALUES (8, 'H');
INSERT INTO DRIVER (DRIVER_ID, OVERALL_RATING) VALUES (9, 'I');
INSERT INTO DRIVER (DRIVER_ID, OVERALL_RATING) VALUES (10, 'J');
INSERT INTO DRIVER (DRIVER_ID, OVERALL_RATING) VALUES (11, 'K');
INSERT INTO DRIVER (DRIVER_ID, OVERALL_RATING) VALUES (12, 'L');
INSERT INTO DRIVER (DRIVER_ID, OVERALL_RATING) VALUES (13, 'M');
INSERT INTO DRIVER (DRIVER_ID, OVERALL_RATING) VALUES (14, 'N');
INSERT INTO DRIVER (DRIVER_ID, OVERALL_RATING) VALUES (15, 'O');
INSERT INTO DRIVER (DRIVER_ID, OVERALL_RATING) VALUES (16, 'P');
INSERT INTO DRIVER (DRIVER_ID, OVERALL_RATING) VALUES (17, 'Q');
INSERT INTO DRIVER (DRIVER_ID, OVERALL_RATING) VALUES (18, 'R');
INSERT INTO DRIVER (DRIVER_ID, OVERALL_RATING) VALUES (19, 'S');
INSERT INTO DRIVER (DRIVER_ID, OVERALL_RATING) VALUES (20, 'T');
INSERT INTO DRIVER (DRIVER_ID, OVERALL_RATING) VALUES (21, 'U');
INSERT INTO DRIVER (DRIVER_ID, OVERALL_RATING) VALUES (22, 'V');
INSERT INTO DRIVER (DRIVER_ID, OVERALL_RATING) VALUES (23, 'W');
INSERT INTO DRIVER (DRIVER_ID, OVERALL_RATING) VALUES (24, 'X');
INSERT INTO DRIVER (DRIVER_ID, OVERALL_RATING) VALUES (25, 'Y');
INSERT INTO DRIVER (DRIVER_ID, OVERALL_RATING) VALUES (26, 'Z');
INSERT INTO DRIVER (DRIVER_ID, OVERALL_RATING) VALUES (27, 'AA');
INSERT INTO DRIVER (DRIVER_ID, OVERALL_RATING) VALUES (28, 'BBB');
INSERT INTO DRIVER (DRIVER_ID, OVERALL_RATING) VALUES (29, 'CCCC');
INSERT INTO DRIVER (DRIVER_ID, OVERALL_RATING) VALUES (30, 'DDDDD');
INSERT INTO DRIVER (DRIVER_ID, OVERALL_RATING) VALUES (31, 'EEEEEE');
INSERT INTO DRIVER (DRIVER_ID, OVERALL_RATING) VALUES (32, 'FFFFFFF');
INSERT INTO DRIVER (DRIVER_ID, OVERALL_RATING) VALUES (33, 'GGGGGGGG');
INSERT INTO DRIVER (DRIVER_ID, OVERALL_RATING) VALUES (34, 'HHHHHHHHH');
INSERT INTO DRIVER (DRIVER_ID, OVERALL_RATING) VALUES (35, 'IIIIIIIIII');
INSERT INTO DRIVER (DRIVER_ID, OVERALL_RATING) VALUES (36, 'JJJJJJJJJJJ');
INSERT INTO DRIVER (DRIVER_ID, OVERALL_RATING) VALUES (37, 'KKKKKKKKKKKK');
INSERT INTO DRIVER (DRIVER_ID, OVERALL_RATING) VALUES (38, 'LLLLLLLLLLLLL');
INSERT INTO DRIVER (DRIVER_ID, OVERALL_RATING) VALUES (39, 'MMMMMMMMMMMMMM');
INSERT INTO DRIVER (DRIVER_ID, OVERALL_RATING) VALUES (40, 'NNNNNNNNNNNNNNN');
INSERT INTO DRIVER (DRIVER_ID, OVERALL_RATING) VALUES (41, 'OOOOOOOOOOOOOOOO');
INSERT INTO DRIVER (DRIVER_ID, OVERALL_RATING) VALUES (42, 'PPPPPPPPPPPPPPPPP');
INSERT INTO DRIVER (DRIVER_ID, OVERALL_RATING) VALUES (43, 'QQQQQQQQQQQQQQQQQQ');
INSERT INTO DRIVER (DRIVER_ID, OVERALL_RATING) VALUES (44, 'RRRRRRRRRRRRRRRRRRR');
INSERT INTO DRIVER (DRIVER_ID, OVERALL_RATING) VALUES (45, 'SSSSSSSSSSSSSSSSSSSS');
INSERT INTO DRIVER (DRIVER_ID, OVERALL_RATING) VALUES (46, 'TTTTTTTTTTTTTTTTTTTTT');
INSERT INTO DRIVER (DRIVER_ID, OVERALL_RATING) VALUES (47, 'UUUUUUUUUUUUUUUUUUUUUU');
INSERT INTO DRIVER (DRIVER_ID, OVERALL_RATING) VALUES (48, 'VVVVVVVVVVVVVVVVVVVVVVV');
INSERT INTO DRIVER (DRIVER_ID, OVERALL_RATING) VALUES (49, 'WWWWWWWWWWWWWWWWWWWWWWWW');
INSERT INTO DRIVER (DRIVER_ID, OVERALL_RATING) VALUES (50, 'XXXXXXXXXXXXXXXXXXXXXXXXX');
INSERT INTO DRIVER (DRIVER_ID, OVERALL_RATING) VALUES (51, 'YYYYYYYYYYYYYYYYYYYYYYYYYY');
INSERT INTO DRIVER (DRIVER_ID, OVERALL_RATING) VALUES (52, 'AA_');
INSERT INTO DRIVER (DRIVER_ID, OVERALL_RATING) VALUES (53, 'AAA');
INSERT INTO DRIVER (DRIVER_ID, OVERALL_RATING) VALUES (54, 'BBBB');
INSERT INTO DRIVER (DRIVER_ID, OVERALL_RATING) VALUES (55, 'CCCCC');
INSERT INTO DRIVER (DRIVER_ID, OVERALL_RATING) VALUES (56, 'DDDDDD');
INSERT INTO DRIVER (DRIVER_ID, OVERALL_RATING) VALUES (57, 'EEEEEEE');
INSERT INTO DRIVER (DRIVER_ID, OVERALL_RATING) VALUES (58, 'FFFFFFFF');
INSERT INTO DRIVER (DRIVER_ID, OVERALL_RATING) VALUES (59, 'GGGGGGGGG');
INSERT INTO DRIVER (DRIVER_ID, OVERALL_RATING) VALUES (60, 'HHHHHHHHHH');
INSERT INTO DRIVER (DRIVER_ID, OVERALL_RATING) VALUES (61, 'IIIIIIIIIII');
INSERT INTO DRIVER (DRIVER_ID, OVERALL_RATING) VALUES (62, 'JJJJJJJJJJJJ');
INSERT INTO DRIVER (DRIVER_ID, OVERALL_RATING) VALUES (63, 'KKKKKKKKKKKKK');
INSERT INTO DRIVER (DRIVER_ID, OVERALL_RATING) VALUES (64, 'LLLLLLLLLLLLLL');
INSERT INTO DRIVER (DRIVER_ID, OVERALL_RATING) VALUES (65, 'MMMMMMMMMMMMMMM');
INSERT INTO DRIVER (DRIVER_ID, OVERALL_RATING) VALUES (66, 'NNNNNNNNNNNNNNNN');
INSERT INTO DRIVER (DRIVER_ID, OVERALL_RATING) VALUES (67, 'OOOOOOOOOOOOOOOOO');
INSERT INTO DRIVER (DRIVER_ID, OVERALL_RATING) VALUES (68, 'PPPPPPPPPPPPPPPPPP');
INSERT INTO DRIVER (DRIVER_ID, OVERALL_RATING) VALUES (69, 'QQQQQQQQQQQQQQQQQQQ');
INSERT INTO DRIVER (DRIVER_ID, OVERALL_RATING) VALUES (70, 'RRRRRRRRRRRRRRRRRRRR');
INSERT INTO DRIVER (DRIVER_ID, OVERALL_RATING) VALUES (71, 'SSSSSSSSSSSSSSSSSSSSS');
INSERT INTO DRIVER (DRIVER_ID, OVERALL_RATING) VALUES (72, 'TTTTTTTTTTTTTTTTTTTTTT');
INSERT INTO DRIVER (DRIVER_ID, OVERALL_RATING) VALUES (73, 'UUUUUUUUUUUUUUUUUUUUUUU');
INSERT INTO DRIVER (DRIVER_ID, OVERALL_RATING) VALUES (74, 'VVVVVVVVVVVVVVVVVVVVVVVV');
INSERT INTO DRIVER (DRIVER_ID, OVERALL_RATING) VALUES (75, 'WWWWWWWWWWWWWWWWWWWWWWWWW');
INSERT INTO DRIVER (DRIVER_ID, OVERALL_RATING) VALUES (76, 'XXXXXXXXXXXXXXXXXXXXXXXXXX');
INSERT INTO DRIVER (DRIVER_ID, OVERALL_RATING) VALUES (77, 'YYYYYYYYYYYYYYYYYYYYYYYYYYY');
INSERT INTO DRIVER (DRIVER_ID, OVERALL_RATING) VALUES (78, 'AAA_');
INSERT INTO DRIVER (DRIVER_ID, OVERALL_RATING) VALUES (79, 'AAAA');
INSERT INTO DRIVER (DRIVER_ID, OVERALL_RATING) VALUES (80, 'BBBBB');
INSERT INTO DRIVER (DRIVER_ID, OVERALL_RATING) VALUES (81, 'CCCCCC');
INSERT INTO DRIVER (DRIVER_ID, OVERALL_RATING) VALUES (82, 'DDDDDDD');
INSERT INTO DRIVER (DRIVER_ID, OVERALL_RATING) VALUES (83, 'EEEEEEEE');
INSERT INTO DRIVER (DRIVER_ID, OVERALL_RATING) VALUES (84, 'FFFFFFFFF');
INSERT INTO DRIVER (DRIVER_ID, OVERALL_RATING) VALUES (85, 'GGGGGGGGGG');
INSERT INTO DRIVER (DRIVER_ID, OVERALL_RATING) VALUES (86, 'HHHHHHHHHHH');
INSERT INTO DRIVER (DRIVER_ID, OVERALL_RATING) VALUES (87, 'IIIIIIIIIIII');
INSERT INTO DRIVER (DRIVER_ID, OVERALL_RATING) VALUES (88, 'JJJJJJJJJJJJJ');
INSERT INTO DRIVER (DRIVER_ID, OVERALL_RATING) VALUES (89, 'KKKKKKKKKKKKKK');
INSERT INTO DRIVER (DRIVER_ID, OVERALL_RATING) VALUES (90, 'LLLLLLLLLLLLLLL');
INSERT INTO DRIVER (DRIVER_ID, OVERALL_RATING) VALUES (91, 'MMMMMMMMMMMMMMMM');
INSERT INTO DRIVER (DRIVER_ID, OVERALL_RATING) VALUES (92, 'NNNNNNNNNNNNNNNNN');
INSERT INTO DRIVER (DRIVER_ID, OVERALL_RATING) VALUES (93, 'OOOOOOOOOOOOOOOOOO');
INSERT INTO DRIVER (DRIVER_ID, OVERALL_RATING) VALUES (94, 'PPPPPPPPPPPPPPPPPPP');
INSERT INTO DRIVER (DRIVER_ID, OVERALL_RATING) VALUES (95, 'QQQQQQQQQQQQQQQQQQQQ');
INSERT INTO DRIVER (DRIVER_ID, OVERALL_RATING) VALUES (96, 'RRRRRRRRRRRRRRRRRRRRR');
INSERT INTO DRIVER (DRIVER_ID, OVERALL_RATING) VALUES (97, 'SSSSSSSSSSSSSSSSSSSSSS');
INSERT INTO DRIVER (DRIVER_ID, OVERALL_RATING) VALUES (98, 'TTTTTTTTTTTTTTTTTTTTTTT');
INSERT INTO DRIVER (DRIVER_ID, OVERALL_RATING) VALUES (99, 'UUUUUUUUUUUUUUUUUUUUUUUU');
INSERT INTO DRIVER (DRIVER_ID, OVERALL_RATING) VALUES (100, 'VVVVVVVVVVVVVVVVVVVVVVVVV');
/* ------------- DRIVER_PERFORMANCE ---------------- */ 
INSERT INTO DRIVER_PERFORMANCE (DRIVER_ID, OVERALL_RATING) VALUES (1, 'A');
INSERT INTO DRIVER_PERFORMANCE (DRIVER_ID, OVERALL_RATING) VALUES (2, 'B');
INSERT INTO DRIVER_PERFORMANCE (DRIVER_ID, OVERALL_RATING) VALUES (3, 'C');
INSERT INTO DRIVER_PERFORMANCE (DRIVER_ID, OVERALL_RATING) VALUES (4, 'D');
INSERT INTO DRIVER_PERFORMANCE (DRIVER_ID, OVERALL_RATING) VALUES (5, 'E');
INSERT INTO DRIVER_PERFORMANCE (DRIVER_ID, OVERALL_RATING) VALUES (6, 'F');
INSERT INTO DRIVER_PERFORMANCE (DRIVER_ID, OVERALL_RATING) VALUES (7, 'G');
INSERT INTO DRIVER_PERFORMANCE (DRIVER_ID, OVERALL_RATING) VALUES (8, 'H');
INSERT INTO DRIVER_PERFORMANCE (DRIVER_ID, OVERALL_RATING) VALUES (9, 'I');
INSERT INTO DRIVER_PERFORMANCE (DRIVER_ID, OVERALL_RATING) VALUES (10, 'J');
INSERT INTO DRIVER_PERFORMANCE (DRIVER_ID, OVERALL_RATING) VALUES (11, 'K');
INSERT INTO DRIVER_PERFORMANCE (DRIVER_ID, OVERALL_RATING) VALUES (12, 'L');
INSERT INTO DRIVER_PERFORMANCE (DRIVER_ID, OVERALL_RATING) VALUES (13, 'M');
INSERT INTO DRIVER_PERFORMANCE (DRIVER_ID, OVERALL_RATING) VALUES (14, 'N');
INSERT INTO DRIVER_PERFORMANCE (DRIVER_ID, OVERALL_RATING) VALUES (15, 'O');
INSERT INTO DRIVER_PERFORMANCE (DRIVER_ID, OVERALL_RATING) VALUES (16, 'P');
INSERT INTO DRIVER_PERFORMANCE (DRIVER_ID, OVERALL_RATING) VALUES (17, 'Q');
INSERT INTO DRIVER_PERFORMANCE (DRIVER_ID, OVERALL_RATING) VALUES (18, 'R');
INSERT INTO DRIVER_PERFORMANCE (DRIVER_ID, OVERALL_RATING) VALUES (19, 'S');
INSERT INTO DRIVER_PERFORMANCE (DRIVER_ID, OVERALL_RATING) VALUES (20, 'T');
INSERT INTO DRIVER_PERFORMANCE (DRIVER_ID, OVERALL_RATING) VALUES (21, 'U');
INSERT INTO DRIVER_PERFORMANCE (DRIVER_ID, OVERALL_RATING) VALUES (22, 'V');
INSERT INTO DRIVER_PERFORMANCE (DRIVER_ID, OVERALL_RATING) VALUES (23, 'W');
INSERT INTO DRIVER_PERFORMANCE (DRIVER_ID, OVERALL_RATING) VALUES (24, 'X');
INSERT INTO DRIVER_PERFORMANCE (DRIVER_ID, OVERALL_RATING) VALUES (25, 'Y');
INSERT INTO DRIVER_PERFORMANCE (DRIVER_ID, OVERALL_RATING) VALUES (26, 'Z');
INSERT INTO DRIVER_PERFORMANCE (DRIVER_ID, OVERALL_RATING) VALUES (27, 'AA');
INSERT INTO DRIVER_PERFORMANCE (DRIVER_ID, OVERALL_RATING) VALUES (28, 'BBB');
INSERT INTO DRIVER_PERFORMANCE (DRIVER_ID, OVERALL_RATING) VALUES (29, 'CCCC');
INSERT INTO DRIVER_PERFORMANCE (DRIVER_ID, OVERALL_RATING) VALUES (30, 'DDDDD');
INSERT INTO DRIVER_PERFORMANCE (DRIVER_ID, OVERALL_RATING) VALUES (31, 'EEEEEE');
INSERT INTO DRIVER_PERFORMANCE (DRIVER_ID, OVERALL_RATING) VALUES (32, 'FFFFFFF');
INSERT INTO DRIVER_PERFORMANCE (DRIVER_ID, OVERALL_RATING) VALUES (33, 'GGGGGGGG');
INSERT INTO DRIVER_PERFORMANCE (DRIVER_ID, OVERALL_RATING) VALUES (34, 'HHHHHHHHH');
INSERT INTO DRIVER_PERFORMANCE (DRIVER_ID, OVERALL_RATING) VALUES (35, 'IIIIIIIIII');
INSERT INTO DRIVER_PERFORMANCE (DRIVER_ID, OVERALL_RATING) VALUES (36, 'JJJJJJJJJJJ');
INSERT INTO DRIVER_PERFORMANCE (DRIVER_ID, OVERALL_RATING) VALUES (37, 'KKKKKKKKKKKK');
INSERT INTO DRIVER_PERFORMANCE (DRIVER_ID, OVERALL_RATING) VALUES (38, 'LLLLLLLLLLLLL');
INSERT INTO DRIVER_PERFORMANCE (DRIVER_ID, OVERALL_RATING) VALUES (39, 'MMMMMMMMMMMMMM');
INSERT INTO DRIVER_PERFORMANCE (DRIVER_ID, OVERALL_RATING) VALUES (40, 'NNNNNNNNNNNNNNN');
INSERT INTO DRIVER_PERFORMANCE (DRIVER_ID, OVERALL_RATING) VALUES (41, 'OOOOOOOOOOOOOOOO');
INSERT INTO DRIVER_PERFORMANCE (DRIVER_ID, OVERALL_RATING) VALUES (42, 'PPPPPPPPPPPPPPPPP');
INSERT INTO DRIVER_PERFORMANCE (DRIVER_ID, OVERALL_RATING) VALUES (43, 'QQQQQQQQQQQQQQQQQQ');
INSERT INTO DRIVER_PERFORMANCE (DRIVER_ID, OVERALL_RATING) VALUES (44, 'RRRRRRRRRRRRRRRRRRR');
INSERT INTO DRIVER_PERFORMANCE (DRIVER_ID, OVERALL_RATING) VALUES (45, 'SSSSSSSSSSSSSSSSSSSS');
INSERT INTO DRIVER_PERFORMANCE (DRIVER_ID, OVERALL_RATING) VALUES (46, 'TTTTTTTTTTTTTTTTTTTTT');
INSERT INTO DRIVER_PERFORMANCE (DRIVER_ID, OVERALL_RATING) VALUES (47, 'UUUUUUUUUUUUUUUUUUUUUU');
INSERT INTO DRIVER_PERFORMANCE (DRIVER_ID, OVERALL_RATING) VALUES (48, 'VVVVVVVVVVVVVVVVVVVVVVV');
INSERT INTO DRIVER_PERFORMANCE (DRIVER_ID, OVERALL_RATING) VALUES (49, 'WWWWWWWWWWWWWWWWWWWWWWWW');
INSERT INTO DRIVER_PERFORMANCE (DRIVER_ID, OVERALL_RATING) VALUES (50, 'XXXXXXXXXXXXXXXXXXXXXXXXX');
INSERT INTO DRIVER_PERFORMANCE (DRIVER_ID, OVERALL_RATING) VALUES (51, 'YYYYYYYYYYYYYYYYYYYYYYYYYY');
INSERT INTO DRIVER_PERFORMANCE (DRIVER_ID, OVERALL_RATING) VALUES (52, 'AA_');
INSERT INTO DRIVER_PERFORMANCE (DRIVER_ID, OVERALL_RATING) VALUES (53, 'AAA');
INSERT INTO DRIVER_PERFORMANCE (DRIVER_ID, OVERALL_RATING) VALUES (54, 'BBBB');
INSERT INTO DRIVER_PERFORMANCE (DRIVER_ID, OVERALL_RATING) VALUES (55, 'CCCCC');
INSERT INTO DRIVER_PERFORMANCE (DRIVER_ID, OVERALL_RATING) VALUES (56, 'DDDDDD');
INSERT INTO DRIVER_PERFORMANCE (DRIVER_ID, OVERALL_RATING) VALUES (57, 'EEEEEEE');
INSERT INTO DRIVER_PERFORMANCE (DRIVER_ID, OVERALL_RATING) VALUES (58, 'FFFFFFFF');
INSERT INTO DRIVER_PERFORMANCE (DRIVER_ID, OVERALL_RATING) VALUES (59, 'GGGGGGGGG');
INSERT INTO DRIVER_PERFORMANCE (DRIVER_ID, OVERALL_RATING) VALUES (60, 'HHHHHHHHHH');
INSERT INTO DRIVER_PERFORMANCE (DRIVER_ID, OVERALL_RATING) VALUES (61, 'IIIIIIIIIII');
INSERT INTO DRIVER_PERFORMANCE (DRIVER_ID, OVERALL_RATING) VALUES (62, 'JJJJJJJJJJJJ');
INSERT INTO DRIVER_PERFORMANCE (DRIVER_ID, OVERALL_RATING) VALUES (63, 'KKKKKKKKKKKKK');
INSERT INTO DRIVER_PERFORMANCE (DRIVER_ID, OVERALL_RATING) VALUES (64, 'LLLLLLLLLLLLLL');
INSERT INTO DRIVER_PERFORMANCE (DRIVER_ID, OVERALL_RATING) VALUES (65, 'MMMMMMMMMMMMMMM');
INSERT INTO DRIVER_PERFORMANCE (DRIVER_ID, OVERALL_RATING) VALUES (66, 'NNNNNNNNNNNNNNNN');
INSERT INTO DRIVER_PERFORMANCE (DRIVER_ID, OVERALL_RATING) VALUES (67, 'OOOOOOOOOOOOOOOOO');
INSERT INTO DRIVER_PERFORMANCE (DRIVER_ID, OVERALL_RATING) VALUES (68, 'PPPPPPPPPPPPPPPPPP');
INSERT INTO DRIVER_PERFORMANCE (DRIVER_ID, OVERALL_RATING) VALUES (69, 'QQQQQQQQQQQQQQQQQQQ');
INSERT INTO DRIVER_PERFORMANCE (DRIVER_ID, OVERALL_RATING) VALUES (70, 'RRRRRRRRRRRRRRRRRRRR');
INSERT INTO DRIVER_PERFORMANCE (DRIVER_ID, OVERALL_RATING) VALUES (71, 'SSSSSSSSSSSSSSSSSSSSS');
INSERT INTO DRIVER_PERFORMANCE (DRIVER_ID, OVERALL_RATING) VALUES (72, 'TTTTTTTTTTTTTTTTTTTTTT');
INSERT INTO DRIVER_PERFORMANCE (DRIVER_ID, OVERALL_RATING) VALUES (73, 'UUUUUUUUUUUUUUUUUUUUUUU');
INSERT INTO DRIVER_PERFORMANCE (DRIVER_ID, OVERALL_RATING) VALUES (74, 'VVVVVVVVVVVVVVVVVVVVVVVV');
INSERT INTO DRIVER_PERFORMANCE (DRIVER_ID, OVERALL_RATING) VALUES (75, 'WWWWWWWWWWWWWWWWWWWWWWWWW');
INSERT INTO DRIVER_PERFORMANCE (DRIVER_ID, OVERALL_RATING) VALUES (76, 'XXXXXXXXXXXXXXXXXXXXXXXXXX');
INSERT INTO DRIVER_PERFORMANCE (DRIVER_ID, OVERALL_RATING) VALUES (77, 'YYYYYYYYYYYYYYYYYYYYYYYYYYY');
INSERT INTO DRIVER_PERFORMANCE (DRIVER_ID, OVERALL_RATING) VALUES (78, 'AAA_');
INSERT INTO DRIVER_PERFORMANCE (DRIVER_ID, OVERALL_RATING) VALUES (79, 'AAAA');
INSERT INTO DRIVER_PERFORMANCE (DRIVER_ID, OVERALL_RATING) VALUES (80, 'BBBBB');
INSERT INTO DRIVER_PERFORMANCE (DRIVER_ID, OVERALL_RATING) VALUES (81, 'CCCCCC');
INSERT INTO DRIVER_PERFORMANCE (DRIVER_ID, OVERALL_RATING) VALUES (82, 'DDDDDDD');
INSERT INTO DRIVER_PERFORMANCE (DRIVER_ID, OVERALL_RATING) VALUES (83, 'EEEEEEEE');
INSERT INTO DRIVER_PERFORMANCE (DRIVER_ID, OVERALL_RATING) VALUES (84, 'FFFFFFFFF');
INSERT INTO DRIVER_PERFORMANCE (DRIVER_ID, OVERALL_RATING) VALUES (85, 'GGGGGGGGGG');
INSERT INTO DRIVER_PERFORMANCE (DRIVER_ID, OVERALL_RATING) VALUES (86, 'HHHHHHHHHHH');
INSERT INTO DRIVER_PERFORMANCE (DRIVER_ID, OVERALL_RATING) VALUES (87, 'IIIIIIIIIIII');
INSERT INTO DRIVER_PERFORMANCE (DRIVER_ID, OVERALL_RATING) VALUES (88, 'JJJJJJJJJJJJJ');
INSERT INTO DRIVER_PERFORMANCE (DRIVER_ID, OVERALL_RATING) VALUES (89, 'KKKKKKKKKKKKKK');
INSERT INTO DRIVER_PERFORMANCE (DRIVER_ID, OVERALL_RATING) VALUES (90, 'LLLLLLLLLLLLLLL');
INSERT INTO DRIVER_PERFORMANCE (DRIVER_ID, OVERALL_RATING) VALUES (91, 'MMMMMMMMMMMMMMMM');
INSERT INTO DRIVER_PERFORMANCE (DRIVER_ID, OVERALL_RATING) VALUES (92, 'NNNNNNNNNNNNNNNNN');
INSERT INTO DRIVER_PERFORMANCE (DRIVER_ID, OVERALL_RATING) VALUES (93, 'OOOOOOOOOOOOOOOOOO');
INSERT INTO DRIVER_PERFORMANCE (DRIVER_ID, OVERALL_RATING) VALUES (94, 'PPPPPPPPPPPPPPPPPPP');
INSERT INTO DRIVER_PERFORMANCE (DRIVER_ID, OVERALL_RATING) VALUES (95, 'QQQQQQQQQQQQQQQQQQQQ');
INSERT INTO DRIVER_PERFORMANCE (DRIVER_ID, OVERALL_RATING) VALUES (96, 'RRRRRRRRRRRRRRRRRRRRR');
INSERT INTO DRIVER_PERFORMANCE (DRIVER_ID, OVERALL_RATING) VALUES (97, 'SSSSSSSSSSSSSSSSSSSSSS');
INSERT INTO DRIVER_PERFORMANCE (DRIVER_ID, OVERALL_RATING) VALUES (98, 'TTTTTTTTTTTTTTTTTTTTTTT');
INSERT INTO DRIVER_PERFORMANCE (DRIVER_ID, OVERALL_RATING) VALUES (99, 'UUUUUUUUUUUUUUUUUUUUUUUU');
INSERT INTO DRIVER_PERFORMANCE (DRIVER_ID, OVERALL_RATING) VALUES (100, 'VVVVVVVVVVVVVVVVVVVVVVVVV');
/* ------------- EMPLOYEES ---------------- */ 
INSERT INTO EMPLOYEES (DEPARTMENT_NAME, JOB_ID, EMPLOYEE_ID, DEPARTMENT_ID, JOB_TITLE, START_DATE, EMAIL, LAST_NAME, MAX_SALARY, FIRST_NAME, MANAGER_ID, COMMISSION_PCT, NAME, SALARY, HIRE_DATE, ID, PHONE_NUMBER, AGE) VALUES ('A', 1, 1, 1, 'A', '1966-1-21', 'AAA1@company.com', 'A', 'A', 'A', 1, 'A', 'A', 'A', '1966-2-3', 1, 'A', 'A');
INSERT INTO EMPLOYEES (DEPARTMENT_NAME, JOB_ID, EMPLOYEE_ID, DEPARTMENT_ID, JOB_TITLE, START_DATE, EMAIL, LAST_NAME, MAX_SALARY, FIRST_NAME, MANAGER_ID, COMMISSION_PCT, NAME, SALARY, HIRE_DATE, ID, PHONE_NUMBER, AGE) VALUES ('B', 2, 2, 2, 'B', '1939-8-5', 'BBB2@company.com', 'B', 'B', 'B', 2, 'B', 'B', 'B', '1939-8-15', 2, 'B', 'B');
INSERT INTO EMPLOYEES (DEPARTMENT_NAME, JOB_ID, EMPLOYEE_ID, DEPARTMENT_ID, JOB_TITLE, START_DATE, EMAIL, LAST_NAME, MAX_SALARY, FIRST_NAME, MANAGER_ID, COMMISSION_PCT, NAME, SALARY, HIRE_DATE, ID, PHONE_NUMBER, AGE) VALUES ('C', 3, 3, 3, 'C', '1990-11-16', 'CCC3@company.com', 'C', 'C', 'C', 3, 'C', 'C', 'C', '1990-11-26', 3, 'C', 'C');
INSERT INTO EMPLOYEES (DEPARTMENT_NAME, JOB_ID, EMPLOYEE_ID, DEPARTMENT_ID, JOB_TITLE, START_DATE, EMAIL, LAST_NAME, MAX_SALARY, FIRST_NAME, MANAGER_ID, COMMISSION_PCT, NAME, SALARY, HIRE_DATE, ID, PHONE_NUMBER, AGE) VALUES ('D', 4, 4, 4, 'D', '1958-1-22', 'DDD4@company.com', 'D', 'D', 'D', 4, 'D', 'D', 'D', '1958-2-4', 4, 'D', 'D');
INSERT INTO EMPLOYEES (DEPARTMENT_NAME, JOB_ID, EMPLOYEE_ID, DEPARTMENT_ID, JOB_TITLE, START_DATE, EMAIL, LAST_NAME, MAX_SALARY, FIRST_NAME, MANAGER_ID, COMMISSION_PCT, NAME, SALARY, HIRE_DATE, ID, PHONE_NUMBER, AGE) VALUES ('E', 5, 5, 5, 'E', '1939-7-20', 'EEE5@company.com', 'E', 'E', 'E', 5, 'E', 'E', 'E', '1939-8-2', 5, 'E', 'E');
INSERT INTO EMPLOYEES (DEPARTMENT_NAME, JOB_ID, EMPLOYEE_ID, DEPARTMENT_ID, JOB_TITLE, START_DATE, EMAIL, LAST_NAME, MAX_SALARY, FIRST_NAME, MANAGER_ID, COMMISSION_PCT, NAME, SALARY, HIRE_DATE, ID, PHONE_NUMBER, AGE) VALUES ('F', 6, 6, 6, 'F', '2003-3-16', 'FFF6@company.com', 'F', 'F', 'F', 6, 'F', 'F', 'F', '2003-3-26', 6, 'F', 'F');
INSERT INTO EMPLOYEES (DEPARTMENT_NAME, JOB_ID, EMPLOYEE_ID, DEPARTMENT_ID, JOB_TITLE, START_DATE, EMAIL, LAST_NAME, MAX_SALARY, FIRST_NAME, MANAGER_ID, COMMISSION_PCT, NAME, SALARY, HIRE_DATE, ID, PHONE_NUMBER, AGE) VALUES ('G', 7, 7, 7, 'G', '1969-10-7', 'GGG7@company.com', 'G', 'G', 'G', 7, 'G', 'G', 'G', '1969-10-17', 7, 'G', 'G');
INSERT INTO EMPLOYEES (DEPARTMENT_NAME, JOB_ID, EMPLOYEE_ID, DEPARTMENT_ID, JOB_TITLE, START_DATE, EMAIL, LAST_NAME, MAX_SALARY, FIRST_NAME, MANAGER_ID, COMMISSION_PCT, NAME, SALARY, HIRE_DATE, ID, PHONE_NUMBER, AGE) VALUES ('H', 8, 8, 8, 'H', '1964-9-7', 'HHH8@company.com', 'H', 'H', 'H', 8, 'H', 'H', 'H', '1964-9-17', 8, 'H', 'H');
INSERT INTO EMPLOYEES (DEPARTMENT_NAME, JOB_ID, EMPLOYEE_ID, DEPARTMENT_ID, JOB_TITLE, START_DATE, EMAIL, LAST_NAME, MAX_SALARY, FIRST_NAME, MANAGER_ID, COMMISSION_PCT, NAME, SALARY, HIRE_DATE, ID, PHONE_NUMBER, AGE) VALUES ('I', 9, 9, 9, 'I', '1976-2-17', 'III9@company.com', 'I', 'I', 'I', 9, 'I', 'I', 'I', '1976-2-27', 9, 'I', 'I');
INSERT INTO EMPLOYEES (DEPARTMENT_NAME, JOB_ID, EMPLOYEE_ID, DEPARTMENT_ID, JOB_TITLE, START_DATE, EMAIL, LAST_NAME, MAX_SALARY, FIRST_NAME, MANAGER_ID, COMMISSION_PCT, NAME, SALARY, HIRE_DATE, ID, PHONE_NUMBER, AGE) VALUES ('J', 10, 10, 10, 'J', '1979-11-21', 'JJJ10@company.com', 'J', 'J', 'J', 10, 'J', 'J', 'J', '1979-12-3', 10, 'J', 'J');
INSERT INTO EMPLOYEES (DEPARTMENT_NAME, JOB_ID, EMPLOYEE_ID, DEPARTMENT_ID, JOB_TITLE, START_DATE, EMAIL, LAST_NAME, MAX_SALARY, FIRST_NAME, MANAGER_ID, COMMISSION_PCT, NAME, SALARY, HIRE_DATE, ID, PHONE_NUMBER, AGE) VALUES ('K', 11, 11, 11, 'K', '1918-12-23', 'KKK11@company.com', 'K', 'K', 'K', 11, 'K', 'K', 'K', '1919-1-5', 11, 'K', 'K');
INSERT INTO EMPLOYEES (DEPARTMENT_NAME, JOB_ID, EMPLOYEE_ID, DEPARTMENT_ID, JOB_TITLE, START_DATE, EMAIL, LAST_NAME, MAX_SALARY, FIRST_NAME, MANAGER_ID, COMMISSION_PCT, NAME, SALARY, HIRE_DATE, ID, PHONE_NUMBER, AGE) VALUES ('L', 12, 12, 12, 'L', '1960-3-6', 'LLL12@company.com', 'L', 'L', 'L', 12, 'L', 'L', 'L', '1960-3-16', 12, 'L', 'L');
INSERT INTO EMPLOYEES (DEPARTMENT_NAME, JOB_ID, EMPLOYEE_ID, DEPARTMENT_ID, JOB_TITLE, START_DATE, EMAIL, LAST_NAME, MAX_SALARY, FIRST_NAME, MANAGER_ID, COMMISSION_PCT, NAME, SALARY, HIRE_DATE, ID, PHONE_NUMBER, AGE) VALUES ('M', 13, 13, 13, 'M', '1967-4-4', 'MMM13@company.com', 'M', 'M', 'M', 13, 'M', 'M', 'M', '1967-4-14', 13, 'M', 'M');
INSERT INTO EMPLOYEES (DEPARTMENT_NAME, JOB_ID, EMPLOYEE_ID, DEPARTMENT_ID, JOB_TITLE, START_DATE, EMAIL, LAST_NAME, MAX_SALARY, FIRST_NAME, MANAGER_ID, COMMISSION_PCT, NAME, SALARY, HIRE_DATE, ID, PHONE_NUMBER, AGE) VALUES ('N', 14, 14, 14, 'N', '1913-9-9', 'NNN14@company.com', 'N', 'N', 'N', 14, 'N', 'N', 'N', '1913-9-19', 14, 'N', 'N');
INSERT INTO EMPLOYEES (DEPARTMENT_NAME, JOB_ID, EMPLOYEE_ID, DEPARTMENT_ID, JOB_TITLE, START_DATE, EMAIL, LAST_NAME, MAX_SALARY, FIRST_NAME, MANAGER_ID, COMMISSION_PCT, NAME, SALARY, HIRE_DATE, ID, PHONE_NUMBER, AGE) VALUES ('O', 15, 15, 15, 'O', '2021-5-19', 'OOO15@company.com', 'O', 'O', 'O', 15, 'O', 'O', 'O', '2021-6-1', 15, 'O', 'O');
INSERT INTO EMPLOYEES (DEPARTMENT_NAME, JOB_ID, EMPLOYEE_ID, DEPARTMENT_ID, JOB_TITLE, START_DATE, EMAIL, LAST_NAME, MAX_SALARY, FIRST_NAME, MANAGER_ID, COMMISSION_PCT, NAME, SALARY, HIRE_DATE, ID, PHONE_NUMBER, AGE) VALUES ('P', 16, 16, 16, 'P', '2004-4-19', 'PPP16@company.com', 'P', 'P', 'P', 16, 'P', 'P', 'P', '2004-5-1', 16, 'P', 'P');
INSERT INTO EMPLOYEES (DEPARTMENT_NAME, JOB_ID, EMPLOYEE_ID, DEPARTMENT_ID, JOB_TITLE, START_DATE, EMAIL, LAST_NAME, MAX_SALARY, FIRST_NAME, MANAGER_ID, COMMISSION_PCT, NAME, SALARY, HIRE_DATE, ID, PHONE_NUMBER, AGE) VALUES ('Q', 17, 17, 17, 'Q', '1939-3-19', 'QQQ17@company.com', 'Q', 'Q', 'Q', 17, 'Q', 'Q', 'Q', '1939-4-1', 17, 'Q', 'Q');
INSERT INTO EMPLOYEES (DEPARTMENT_NAME, JOB_ID, EMPLOYEE_ID, DEPARTMENT_ID, JOB_TITLE, START_DATE, EMAIL, LAST_NAME, MAX_SALARY, FIRST_NAME, MANAGER_ID, COMMISSION_PCT, NAME, SALARY, HIRE_DATE, ID, PHONE_NUMBER, AGE) VALUES ('R', 18, 18, 18, 'R', '1965-6-9', 'RRR18@company.com', 'R', 'R', 'R', 18, 'R', 'R', 'R', '1965-6-19', 18, 'R', 'R');
INSERT INTO EMPLOYEES (DEPARTMENT_NAME, JOB_ID, EMPLOYEE_ID, DEPARTMENT_ID, JOB_TITLE, START_DATE, EMAIL, LAST_NAME, MAX_SALARY, FIRST_NAME, MANAGER_ID, COMMISSION_PCT, NAME, SALARY, HIRE_DATE, ID, PHONE_NUMBER, AGE) VALUES ('S', 19, 19, 19, 'S', '1915-5-22', 'SSS19@company.com', 'S', 'S', 'S', 19, 'S', 'S', 'S', '1915-6-4', 19, 'S', 'S');
INSERT INTO EMPLOYEES (DEPARTMENT_NAME, JOB_ID, EMPLOYEE_ID, DEPARTMENT_ID, JOB_TITLE, START_DATE, EMAIL, LAST_NAME, MAX_SALARY, FIRST_NAME, MANAGER_ID, COMMISSION_PCT, NAME, SALARY, HIRE_DATE, ID, PHONE_NUMBER, AGE) VALUES ('T', 20, 20, 20, 'T', '2000-7-20', 'TTT20@company.com', 'T', 'T', 'T', 20, 'T', 'T', 'T', '2000-8-2', 20, 'T', 'T');
INSERT INTO EMPLOYEES (DEPARTMENT_NAME, JOB_ID, EMPLOYEE_ID, DEPARTMENT_ID, JOB_TITLE, START_DATE, EMAIL, LAST_NAME, MAX_SALARY, FIRST_NAME, MANAGER_ID, COMMISSION_PCT, NAME, SALARY, HIRE_DATE, ID, PHONE_NUMBER, AGE) VALUES ('U', 21, 21, 21, 'U', '1943-4-22', 'UUU21@company.com', 'U', 'U', 'U', 21, 'U', 'U', 'U', '1943-5-4', 21, 'U', 'U');
INSERT INTO EMPLOYEES (DEPARTMENT_NAME, JOB_ID, EMPLOYEE_ID, DEPARTMENT_ID, JOB_TITLE, START_DATE, EMAIL, LAST_NAME, MAX_SALARY, FIRST_NAME, MANAGER_ID, COMMISSION_PCT, NAME, SALARY, HIRE_DATE, ID, PHONE_NUMBER, AGE) VALUES ('V', 22, 22, 22, 'V', '1999-1-3', 'VVV22@company.com', 'V', 'V', 'V', 22, 'V', 'V', 'V', '1999-1-13', 22, 'V', 'V');
INSERT INTO EMPLOYEES (DEPARTMENT_NAME, JOB_ID, EMPLOYEE_ID, DEPARTMENT_ID, JOB_TITLE, START_DATE, EMAIL, LAST_NAME, MAX_SALARY, FIRST_NAME, MANAGER_ID, COMMISSION_PCT, NAME, SALARY, HIRE_DATE, ID, PHONE_NUMBER, AGE) VALUES ('W', 23, 23, 23, 'W', '1939-4-22', 'WWW23@company.com', 'W', 'W', 'W', 23, 'W', 'W', 'W', '1939-5-4', 23, 'W', 'W');
INSERT INTO EMPLOYEES (DEPARTMENT_NAME, JOB_ID, EMPLOYEE_ID, DEPARTMENT_ID, JOB_TITLE, START_DATE, EMAIL, LAST_NAME, MAX_SALARY, FIRST_NAME, MANAGER_ID, COMMISSION_PCT, NAME, SALARY, HIRE_DATE, ID, PHONE_NUMBER, AGE) VALUES ('X', 24, 24, 24, 'X', '1963-3-6', 'XXX24@company.com', 'X', 'X', 'X', 24, 'X', 'X', 'X', '1963-3-16', 24, 'X', 'X');
INSERT INTO EMPLOYEES (DEPARTMENT_NAME, JOB_ID, EMPLOYEE_ID, DEPARTMENT_ID, JOB_TITLE, START_DATE, EMAIL, LAST_NAME, MAX_SALARY, FIRST_NAME, MANAGER_ID, COMMISSION_PCT, NAME, SALARY, HIRE_DATE, ID, PHONE_NUMBER, AGE) VALUES ('Y', 25, 25, 25, 'Y', '1993-10-9', 'YYY25@company.com', 'Y', 'Y', 'Y', 25, 'Y', 'Y', 'Y', '1993-10-19', 25, 'Y', 'Y');
INSERT INTO EMPLOYEES (DEPARTMENT_NAME, JOB_ID, EMPLOYEE_ID, DEPARTMENT_ID, JOB_TITLE, START_DATE, EMAIL, LAST_NAME, MAX_SALARY, FIRST_NAME, MANAGER_ID, COMMISSION_PCT, NAME, SALARY, HIRE_DATE, ID, PHONE_NUMBER, AGE) VALUES ('Z', 26, 26, 26, 'Z', '2011-3-19', 'ZZZ26@company.com', 'Z', 'Z', 'Z', 26, 'Z', 'Z', 'Z', '2011-4-1', 26, 'Z', 'Z');
INSERT INTO EMPLOYEES (DEPARTMENT_NAME, JOB_ID, EMPLOYEE_ID, DEPARTMENT_ID, JOB_TITLE, START_DATE, EMAIL, LAST_NAME, MAX_SALARY, FIRST_NAME, MANAGER_ID, COMMISSION_PCT, NAME, SALARY, HIRE_DATE, ID, PHONE_NUMBER, AGE) VALUES ('AA', 27, 27, 27, 'AA', '1918-4-16', 'AAA27@company.com', 'AA', 'AA', 'AA', 27, 'AA', 'AA', 'AA', '1918-4-26', 27, 'AA', 'AA');
INSERT INTO EMPLOYEES (DEPARTMENT_NAME, JOB_ID, EMPLOYEE_ID, DEPARTMENT_ID, JOB_TITLE, START_DATE, EMAIL, LAST_NAME, MAX_SALARY, FIRST_NAME, MANAGER_ID, COMMISSION_PCT, NAME, SALARY, HIRE_DATE, ID, PHONE_NUMBER, AGE) VALUES ('BBB', 28, 28, 28, 'BBB', '1960-9-4', 'BBB28@company.com', 'BBB', 'BBB', 'BBB', 28, 'BBB', 'BBB', 'BBB', '1960-9-14', 28, 'BBB', 'BBB');
INSERT INTO EMPLOYEES (DEPARTMENT_NAME, JOB_ID, EMPLOYEE_ID, DEPARTMENT_ID, JOB_TITLE, START_DATE, EMAIL, LAST_NAME, MAX_SALARY, FIRST_NAME, MANAGER_ID, COMMISSION_PCT, NAME, SALARY, HIRE_DATE, ID, PHONE_NUMBER, AGE) VALUES ('CCCC', 29, 29, 29, 'CCCC', '1960-3-19', 'CCC29@company.com', 'CCCC', 'CCCC', 'CCCC', 29, 'CCCC', 'CCCC', 'CCCC', '1960-4-1', 29, 'CCCC', 'CCCC');
INSERT INTO EMPLOYEES (DEPARTMENT_NAME, JOB_ID, EMPLOYEE_ID, DEPARTMENT_ID, JOB_TITLE, START_DATE, EMAIL, LAST_NAME, MAX_SALARY, FIRST_NAME, MANAGER_ID, COMMISSION_PCT, NAME, SALARY, HIRE_DATE, ID, PHONE_NUMBER, AGE) VALUES ('DDDDD', 30, 30, 30, 'DDDDD', '1945-3-16', 'DDD30@company.com', 'DDDDD', 'DDDDD', 'DDDDD', 30, 'DDDDD', 'DDDDD', 'DDDDD', '1945-3-26', 30, 'DDDDD', 'DDDDD');
INSERT INTO EMPLOYEES (DEPARTMENT_NAME, JOB_ID, EMPLOYEE_ID, DEPARTMENT_ID, JOB_TITLE, START_DATE, EMAIL, LAST_NAME, MAX_SALARY, FIRST_NAME, MANAGER_ID, COMMISSION_PCT, NAME, SALARY, HIRE_DATE, ID, PHONE_NUMBER, AGE) VALUES ('EEEEEE', 31, 31, 31, 'EEEEEE', '1957-8-17', 'EEE31@company.com', 'EEEEEE', 'EEEEEE', 'EEEEEE', 31, 'EEEEEE', 'EEEEEE', 'EEEEEE', '1957-8-27', 31, 'EEEEEE', 'EEEEEE');
INSERT INTO EMPLOYEES (DEPARTMENT_NAME, JOB_ID, EMPLOYEE_ID, DEPARTMENT_ID, JOB_TITLE, START_DATE, EMAIL, LAST_NAME, MAX_SALARY, FIRST_NAME, MANAGER_ID, COMMISSION_PCT, NAME, SALARY, HIRE_DATE, ID, PHONE_NUMBER, AGE) VALUES ('FFFFFFF', 32, 32, 32, 'FFFFFFF', '1984-1-18', 'FFF32@company.com', 'FFFFFFF', 'FFFFFFF', 'FFFFFFF', 32, 'FFFFFFF', 'FFFFFFF', 'FFFFFFF', '1984-1-28', 32, 'FFFFFFF', 'FFFFFFF');
INSERT INTO EMPLOYEES (DEPARTMENT_NAME, JOB_ID, EMPLOYEE_ID, DEPARTMENT_ID, JOB_TITLE, START_DATE, EMAIL, LAST_NAME, MAX_SALARY, FIRST_NAME, MANAGER_ID, COMMISSION_PCT, NAME, SALARY, HIRE_DATE, ID, PHONE_NUMBER, AGE) VALUES ('GGGGGGGG', 33, 33, 33, 'GGGGGGGG', '1966-3-1', 'GGG33@company.com', 'GGGGGGGG', 'GGGGGGGG', 'GGGGGGGG', 33, 'GGGGGGGG', 'GGGGGGGG', 'GGGGGGGG', '1966-3-11', 33, 'GGGGGGGG', 'GGGGGGGG');
INSERT INTO EMPLOYEES (DEPARTMENT_NAME, JOB_ID, EMPLOYEE_ID, DEPARTMENT_ID, JOB_TITLE, START_DATE, EMAIL, LAST_NAME, MAX_SALARY, FIRST_NAME, MANAGER_ID, COMMISSION_PCT, NAME, SALARY, HIRE_DATE, ID, PHONE_NUMBER, AGE) VALUES ('HHHHHHHHH', 34, 34, 34, 'HHHHHHHHH', '1973-10-26', 'HHH34@company.com', 'HHHHHHHHH', 'HHHHHHHHH', 'HHHHHHHHH', 34, 'HHHHHHHHH', 'HHHHHHHHH', 'HHHHHHHHH', '1973-11-8', 34, 'HHHHHHHHH', 'HHHHHHHHH');
INSERT INTO EMPLOYEES (DEPARTMENT_NAME, JOB_ID, EMPLOYEE_ID, DEPARTMENT_ID, JOB_TITLE, START_DATE, EMAIL, LAST_NAME, MAX_SALARY, FIRST_NAME, MANAGER_ID, COMMISSION_PCT, NAME, SALARY, HIRE_DATE, ID, PHONE_NUMBER, AGE) VALUES ('IIIIIIIIII', 35, 35, 35, 'IIIIIIIIII', '1913-9-17', 'III35@company.com', 'IIIIIIIIII', 'IIIIIIIIII', 'IIIIIIIIII', 35, 'IIIIIIIIII', 'IIIIIIIIII', 'IIIIIIIIII', '1913-9-27', 35, 'IIIIIIIIII', 'IIIIIIIIII');
INSERT INTO EMPLOYEES (DEPARTMENT_NAME, JOB_ID, EMPLOYEE_ID, DEPARTMENT_ID, JOB_TITLE, START_DATE, EMAIL, LAST_NAME, MAX_SALARY, FIRST_NAME, MANAGER_ID, COMMISSION_PCT, NAME, SALARY, HIRE_DATE, ID, PHONE_NUMBER, AGE) VALUES ('JJJJJJJJJJJ', 36, 36, 36, 'JJJJJJJJJJJ', '1997-12-22', 'JJJ36@company.com', 'JJJJJJJJJJJ', 'JJJJJJJJJJJ', 'JJJJJJJJJJJ', 36, 'JJJJJJJJJJJ', 'JJJJJJJJJJJ', 'JJJJJJJJJJJ', '1998-1-4', 36, 'JJJJJJJJJJJ', 'JJJJJJJJJJJ');
INSERT INTO EMPLOYEES (DEPARTMENT_NAME, JOB_ID, EMPLOYEE_ID, DEPARTMENT_ID, JOB_TITLE, START_DATE, EMAIL, LAST_NAME, MAX_SALARY, FIRST_NAME, MANAGER_ID, COMMISSION_PCT, NAME, SALARY, HIRE_DATE, ID, PHONE_NUMBER, AGE) VALUES ('KKKKKKKKKKKK', 37, 37, 37, 'KKKKKKKKKKKK', '1949-7-20', 'KKK37@company.com', 'KKKKKKKKKKKK', 'KKKKKKKKKKKK', 'KKKKKKKKKKKK', 37, 'KKKKKKKKKKKK', 'KKKKKKKKKKKK', 'KKKKKKKKKKKK', '1949-8-2', 37, 'KKKKKKKKKKKK', 'KKKKKKKKKKKK');
INSERT INTO EMPLOYEES (DEPARTMENT_NAME, JOB_ID, EMPLOYEE_ID, DEPARTMENT_ID, JOB_TITLE, START_DATE, EMAIL, LAST_NAME, MAX_SALARY, FIRST_NAME, MANAGER_ID, COMMISSION_PCT, NAME, SALARY, HIRE_DATE, ID, PHONE_NUMBER, AGE) VALUES ('LLLLLLLLLLLLL', 38, 38, 38, 'LLLLLLLLLLLLL', '1948-10-28', 'LLL38@company.com', 'LLLLLLLLLLLLL', 'LLLLLLLLLLLLL', 'LLLLLLLLLLLLL', 38, 'LLLLLLLLLLLLL', 'LLLLLLLLLLLLL', 'LLLLLLLLLLLLL', '1948-11-10', 38, 'LLLLLLLLLLLLL', 'LLLLLLLLLLLLL');
INSERT INTO EMPLOYEES (DEPARTMENT_NAME, JOB_ID, EMPLOYEE_ID, DEPARTMENT_ID, JOB_TITLE, START_DATE, EMAIL, LAST_NAME, MAX_SALARY, FIRST_NAME, MANAGER_ID, COMMISSION_PCT, NAME, SALARY, HIRE_DATE, ID, PHONE_NUMBER, AGE) VALUES ('MMMMMMMMMMMMMM', 39, 39, 39, 'MMMMMMMMMMMMMM', '1945-1-9', 'MMM39@company.com', 'MMMMMMMMMMMMMM', 'MMMMMMMMMMMMMM', 'MMMMMMMMMMMMMM', 39, 'MMMMMMMMMMMMMM', 'MMMMMMMMMMMMMM', 'MMMMMMMMMMMMMM', '1945-1-19', 39, 'MMMMMMMMMMMMMM', 'MMMMMMMMMMMMMM');
INSERT INTO EMPLOYEES (DEPARTMENT_NAME, JOB_ID, EMPLOYEE_ID, DEPARTMENT_ID, JOB_TITLE, START_DATE, EMAIL, LAST_NAME, MAX_SALARY, FIRST_NAME, MANAGER_ID, COMMISSION_PCT, NAME, SALARY, HIRE_DATE, ID, PHONE_NUMBER, AGE) VALUES ('NNNNNNNNNNNNNNN', 40, 40, 40, 'NNNNNNNNNNNNNNN', '1991-4-8', 'NNN40@company.com', 'NNNNNNNNNNNNNNN', 'NNNNNNNNNNNNNNN', 'NNNNNNNNNNNNNNN', 40, 'NNNNNNNNNNNNNNN', 'NNNNNNNNNNNNNNN', 'NNNNNNNNNNNNNNN', '1991-4-18', 40, 'NNNNNNNNNNNNNNN', 'NNNNNNNNNNNNNNN');
INSERT INTO EMPLOYEES (DEPARTMENT_NAME, JOB_ID, EMPLOYEE_ID, DEPARTMENT_ID, JOB_TITLE, START_DATE, EMAIL, LAST_NAME, MAX_SALARY, FIRST_NAME, MANAGER_ID, COMMISSION_PCT, NAME, SALARY, HIRE_DATE, ID, PHONE_NUMBER, AGE) VALUES ('OOOOOOOOOOOOOOOO', 41, 41, 41, 'OOOOOOOOOOOOOOOO', '1971-12-7', 'OOO41@company.com', 'OOOOOOOOOOOOOOOO', 'OOOOOOOOOOOOOOOO', 'OOOOOOOOOOOOOOOO', 41, 'OOOOOOOOOOOOOOOO', 'OOOOOOOOOOOOOOOO', 'OOOOOOOOOOOOOOOO', '1971-12-17', 41, 'OOOOOOOOOOOOOOOO', 'OOOOOOOOOOOOOOOO');
INSERT INTO EMPLOYEES (DEPARTMENT_NAME, JOB_ID, EMPLOYEE_ID, DEPARTMENT_ID, JOB_TITLE, START_DATE, EMAIL, LAST_NAME, MAX_SALARY, FIRST_NAME, MANAGER_ID, COMMISSION_PCT, NAME, SALARY, HIRE_DATE, ID, PHONE_NUMBER, AGE) VALUES ('PPPPPPPPPPPPPPPPP', 42, 42, 42, 'PPPPPPPPPPPPPPPPP', '2012-1-25', 'PPP42@company.com', 'PPPPPPPPPPPPPPPPP', 'PPPPPPPPPPPPPPPPP', 'PPPPPPPPPPPPPPPPP', 42, 'PPPPPPPPPPPPPPPPP', 'PPPPPPPPPPPPPPPPP', 'PPPPPPPPPPPPPPPPP', '2012-2-7', 42, 'PPPPPPPPPPPPPPPPP', 'PPPPPPPPPPPPPPPPP');
INSERT INTO EMPLOYEES (DEPARTMENT_NAME, JOB_ID, EMPLOYEE_ID, DEPARTMENT_ID, JOB_TITLE, START_DATE, EMAIL, LAST_NAME, MAX_SALARY, FIRST_NAME, MANAGER_ID, COMMISSION_PCT, NAME, SALARY, HIRE_DATE, ID, PHONE_NUMBER, AGE) VALUES ('QQQQQQQQQQQQQQQQQQ', 43, 43, 43, 'QQQQQQQQQQQQQQQQQQ', '1973-9-23', 'QQQ43@company.com', 'QQQQQQQQQQQQQQQQQQ', 'QQQQQQQQQQQQQQQQQQ', 'QQQQQQQQQQQQQQQQQQ', 43, 'QQQQQQQQQQQQQQQQQQ', 'QQQQQQQQQQQQQQQQQQ', 'QQQQQQQQQQQQQQQQQQ', '1973-10-5', 43, 'QQQQQQQQQQQQQQQQQQ', 'QQQQQQQQQQQQQQQQQQ');
INSERT INTO EMPLOYEES (DEPARTMENT_NAME, JOB_ID, EMPLOYEE_ID, DEPARTMENT_ID, JOB_TITLE, START_DATE, EMAIL, LAST_NAME, MAX_SALARY, FIRST_NAME, MANAGER_ID, COMMISSION_PCT, NAME, SALARY, HIRE_DATE, ID, PHONE_NUMBER, AGE) VALUES ('RRRRRRRRRRRRRRRRRRR', 44, 44, 44, 'RRRRRRRRRRRRRRRRRRR', '1916-4-3', 'RRR44@company.com', 'RRRRRRRRRRRRRRRRRRR', 'RRRRRRRRRRRRRRRRRRR', 'RRRRRRRRRRRRRRRRRRR', 44, 'RRRRRRRRRRRRRRRRRRR', 'RRRRRRRRRRRRRRRRRRR', 'RRRRRRRRRRRRRRRRRRR', '1916-4-13', 44, 'RRRRRRRRRRRRRRRRRRR', 'RRRRRRRRRRRRRRRRRRR');
INSERT INTO EMPLOYEES (DEPARTMENT_NAME, JOB_ID, EMPLOYEE_ID, DEPARTMENT_ID, JOB_TITLE, START_DATE, EMAIL, LAST_NAME, MAX_SALARY, FIRST_NAME, MANAGER_ID, COMMISSION_PCT, NAME, SALARY, HIRE_DATE, ID, PHONE_NUMBER, AGE) VALUES ('SSSSSSSSSSSSSSSSSSSS', 45, 45, 45, 'SSSSSSSSSSSSSSSSSSSS', '1971-7-2', 'SSS45@company.com', 'SSSSSSSSSSSSSSSSSSSS', 'SSSSSSSSSSSSSSSSSSSS', 'SSSSSSSSSSSSSSSSSSSS', 45, 'SSSSSSSSSSSSSSSSSSSS', 'SSSSSSSSSSSSSSSSSSSS', 'SSSSSSSSSSSSSSSSSSSS', '1971-7-12', 45, 'SSSSSSSSSSSSSSSSSSSS', 'SSSSSSSSSSSSSSSSSSSS');
INSERT INTO EMPLOYEES (DEPARTMENT_NAME, JOB_ID, EMPLOYEE_ID, DEPARTMENT_ID, JOB_TITLE, START_DATE, EMAIL, LAST_NAME, MAX_SALARY, FIRST_NAME, MANAGER_ID, COMMISSION_PCT, NAME, SALARY, HIRE_DATE, ID, PHONE_NUMBER, AGE) VALUES ('TTTTTTTTTTTTTTTTTTTTT', 46, 46, 46, 'TTTTTTTTTTTTTTTTTTTTT', '1947-12-16', 'TTT46@company.com', 'TTTTTTTTTTTTTTTTTTTTT', 'TTTTTTTTTTTTTTTTTTTTT', 'TTTTTTTTTTTTTTTTTTTTT', 46, 'TTTTTTTTTTTTTTTTTTTTT', 'TTTTTTTTTTTTTTTTTTTTT', 'TTTTTTTTTTTTTTTTTTTTT', '1947-12-26', 46, 'TTTTTTTTTTTTTTTTTTTTT', 'TTTTTTTTTTTTTTTTTTTTT');
INSERT INTO EMPLOYEES (DEPARTMENT_NAME, JOB_ID, EMPLOYEE_ID, DEPARTMENT_ID, JOB_TITLE, START_DATE, EMAIL, LAST_NAME, MAX_SALARY, FIRST_NAME, MANAGER_ID, COMMISSION_PCT, NAME, SALARY, HIRE_DATE, ID, PHONE_NUMBER, AGE) VALUES ('UUUUUUUUUUUUUUUUUUUUUU', 47, 47, 47, 'UUUUUUUUUUUUUUUUUUUUUU', '1993-10-10', 'UUU47@company.com', 'UUUUUUUUUUUUUUUUUUUUUU', 'UUUUUUUUUUUUUUUUUUUUUU', 'UUUUUUUUUUUUUUUUUUUUUU', 47, 'UUUUUUUUUUUUUUUUUUUUUU', 'UUUUUUUUUUUUUUUUUUUUUU', 'UUUUUUUUUUUUUUUUUUUUUU', '1993-10-20', 47, 'UUUUUUUUUUUUUUUUUUUUUU', 'UUUUUUUUUUUUUUUUUUUUUU');
INSERT INTO EMPLOYEES (DEPARTMENT_NAME, JOB_ID, EMPLOYEE_ID, DEPARTMENT_ID, JOB_TITLE, START_DATE, EMAIL, LAST_NAME, MAX_SALARY, FIRST_NAME, MANAGER_ID, COMMISSION_PCT, NAME, SALARY, HIRE_DATE, ID, PHONE_NUMBER, AGE) VALUES ('VVVVVVVVVVVVVVVVVVVVVVV', 48, 48, 48, 'VVVVVVVVVVVVVVVVVVVVVVV', '1935-2-14', 'VVV48@company.com', 'VVVVVVVVVVVVVVVVVVVVVVV', 'VVVVVVVVVVVVVVVVVVVVVVV', 'VVVVVVVVVVVVVVVVVVVVVVV', 48, 'VVVVVVVVVVVVVVVVVVVVVVV', 'VVVVVVVVVVVVVVVVVVVVVVV', 'VVVVVVVVVVVVVVVVVVVVVVV', '1935-2-24', 48, 'VVVVVVVVVVVVVVVVVVVVVVV', 'VVVVVVVVVVVVVVVVVVVVVVV');
INSERT INTO EMPLOYEES (DEPARTMENT_NAME, JOB_ID, EMPLOYEE_ID, DEPARTMENT_ID, JOB_TITLE, START_DATE, EMAIL, LAST_NAME, MAX_SALARY, FIRST_NAME, MANAGER_ID, COMMISSION_PCT, NAME, SALARY, HIRE_DATE, ID, PHONE_NUMBER, AGE) VALUES ('WWWWWWWWWWWWWWWWWWWWWWWW', 49, 49, 49, 'WWWWWWWWWWWWWWWWWWWWWWWW', '1900-10-6', 'WWW49@company.com', 'WWWWWWWWWWWWWWWWWWWWWWWW', 'WWWWWWWWWWWWWWWWWWWWWWWW', 'WWWWWWWWWWWWWWWWWWWWWWWW', 49, 'WWWWWWWWWWWWWWWWWWWWWWWW', 'WWWWWWWWWWWWWWWWWWWWWWWW', 'WWWWWWWWWWWWWWWWWWWWWWWW', '1900-10-16', 49, 'WWWWWWWWWWWWWWWWWWWWWWWW', 'WWWWWWWWWWWWWWWWWWWWWWWW');
INSERT INTO EMPLOYEES (DEPARTMENT_NAME, JOB_ID, EMPLOYEE_ID, DEPARTMENT_ID, JOB_TITLE, START_DATE, EMAIL, LAST_NAME, MAX_SALARY, FIRST_NAME, MANAGER_ID, COMMISSION_PCT, NAME, SALARY, HIRE_DATE, ID, PHONE_NUMBER, AGE) VALUES ('XXXXXXXXXXXXXXXXXXXXXXXXX', 50, 50, 50, 'XXXXXXXXXXXXXXXXXXXXXXXXX', '1943-8-2', 'XXX50@company.com', 'XXXXXXXXXXXXXXXXXXXXXXXXX', 'XXXXXXXXXXXXXXXXXXXXXXXXX', 'XXXXXXXXXXXXXXXXXXXXXXXXX', 50, 'XXXXXXXXXXXXXXXXXXXXXXXXX', 'XXXXXXXXXXXXXXXXXXXXXXXXX', 'XXXXXXXXXXXXXXXXXXXXXXXXX', '1943-8-12', 50, 'XXXXXXXXXXXXXXXXXXXXXXXXX', 'XXXXXXXXXXXXXXXXXXXXXXXXX');
INSERT INTO EMPLOYEES (DEPARTMENT_NAME, JOB_ID, EMPLOYEE_ID, DEPARTMENT_ID, JOB_TITLE, START_DATE, EMAIL, LAST_NAME, MAX_SALARY, FIRST_NAME, MANAGER_ID, COMMISSION_PCT, NAME, SALARY, HIRE_DATE, ID, PHONE_NUMBER, AGE) VALUES ('YYYYYYYYYYYYYYYYYYYYYYYYYY', 51, 51, 51, 'YYYYYYYYYYYYYYYYYYYYYYYYYY', '1936-1-9', 'YYY51@company.com', 'YYYYYYYYYYYYYYYYYYYYYYYYYY', 'YYYYYYYYYYYYYYYYYYYYYYYYYY', 'YYYYYYYYYYYYYYYYYYYYYYYYYY', 51, 'YYYYYYYYYYYYYYYYYYYYYYYYYY', 'YYYYYYYYYYYYYYYYYYYYYYYYYY', 'YYYYYYYYYYYYYYYYYYYYYYYYYY', '1936-1-19', 51, 'YYYYYYYYYYYYYYYYYYYYYYYYYY', 'YYYYYYYYYYYYYYYYYYYYYYYYYY');
INSERT INTO EMPLOYEES (DEPARTMENT_NAME, JOB_ID, EMPLOYEE_ID, DEPARTMENT_ID, JOB_TITLE, START_DATE, EMAIL, LAST_NAME, MAX_SALARY, FIRST_NAME, MANAGER_ID, COMMISSION_PCT, NAME, SALARY, HIRE_DATE, ID, PHONE_NUMBER, AGE) VALUES ('AA_', 52, 52, 52, 'AA_', '1903-6-1', 'AAA52@company.com', 'AA_', 'AA_', 'AA_', 52, 'AA_', 'AA_', 'AA_', '1903-6-11', 52, 'AA_', 'AA_');
INSERT INTO EMPLOYEES (DEPARTMENT_NAME, JOB_ID, EMPLOYEE_ID, DEPARTMENT_ID, JOB_TITLE, START_DATE, EMAIL, LAST_NAME, MAX_SALARY, FIRST_NAME, MANAGER_ID, COMMISSION_PCT, NAME, SALARY, HIRE_DATE, ID, PHONE_NUMBER, AGE) VALUES ('AAA', 53, 53, 53, 'AAA', '1994-10-8', 'AAA53@company.com', 'AAA', 'AAA', 'AAA', 53, 'AAA', 'AAA', 'AAA', '1994-10-18', 53, 'AAA', 'AAA');
INSERT INTO EMPLOYEES (DEPARTMENT_NAME, JOB_ID, EMPLOYEE_ID, DEPARTMENT_ID, JOB_TITLE, START_DATE, EMAIL, LAST_NAME, MAX_SALARY, FIRST_NAME, MANAGER_ID, COMMISSION_PCT, NAME, SALARY, HIRE_DATE, ID, PHONE_NUMBER, AGE) VALUES ('BBBB', 54, 54, 54, 'BBBB', '1907-3-6', 'BBB54@company.com', 'BBBB', 'BBBB', 'BBBB', 54, 'BBBB', 'BBBB', 'BBBB', '1907-3-16', 54, 'BBBB', 'BBBB');
INSERT INTO EMPLOYEES (DEPARTMENT_NAME, JOB_ID, EMPLOYEE_ID, DEPARTMENT_ID, JOB_TITLE, START_DATE, EMAIL, LAST_NAME, MAX_SALARY, FIRST_NAME, MANAGER_ID, COMMISSION_PCT, NAME, SALARY, HIRE_DATE, ID, PHONE_NUMBER, AGE) VALUES ('CCCCC', 55, 55, 55, 'CCCCC', '1986-2-10', 'CCC55@company.com', 'CCCCC', 'CCCCC', 'CCCCC', 55, 'CCCCC', 'CCCCC', 'CCCCC', '1986-2-20', 55, 'CCCCC', 'CCCCC');
INSERT INTO EMPLOYEES (DEPARTMENT_NAME, JOB_ID, EMPLOYEE_ID, DEPARTMENT_ID, JOB_TITLE, START_DATE, EMAIL, LAST_NAME, MAX_SALARY, FIRST_NAME, MANAGER_ID, COMMISSION_PCT, NAME, SALARY, HIRE_DATE, ID, PHONE_NUMBER, AGE) VALUES ('DDDDDD', 56, 56, 56, 'DDDDDD', '1930-6-16', 'DDD56@company.com', 'DDDDDD', 'DDDDDD', 'DDDDDD', 56, 'DDDDDD', 'DDDDDD', 'DDDDDD', '1930-6-26', 56, 'DDDDDD', 'DDDDDD');
INSERT INTO EMPLOYEES (DEPARTMENT_NAME, JOB_ID, EMPLOYEE_ID, DEPARTMENT_ID, JOB_TITLE, START_DATE, EMAIL, LAST_NAME, MAX_SALARY, FIRST_NAME, MANAGER_ID, COMMISSION_PCT, NAME, SALARY, HIRE_DATE, ID, PHONE_NUMBER, AGE) VALUES ('EEEEEEE', 57, 57, 57, 'EEEEEEE', '1959-4-17', 'EEE57@company.com', 'EEEEEEE', 'EEEEEEE', 'EEEEEEE', 57, 'EEEEEEE', 'EEEEEEE', 'EEEEEEE', '1959-4-27', 57, 'EEEEEEE', 'EEEEEEE');
INSERT INTO EMPLOYEES (DEPARTMENT_NAME, JOB_ID, EMPLOYEE_ID, DEPARTMENT_ID, JOB_TITLE, START_DATE, EMAIL, LAST_NAME, MAX_SALARY, FIRST_NAME, MANAGER_ID, COMMISSION_PCT, NAME, SALARY, HIRE_DATE, ID, PHONE_NUMBER, AGE) VALUES ('FFFFFFFF', 58, 58, 58, 'FFFFFFFF', '2006-11-13', 'FFF58@company.com', 'FFFFFFFF', 'FFFFFFFF', 'FFFFFFFF', 58, 'FFFFFFFF', 'FFFFFFFF', 'FFFFFFFF', '2006-11-23', 58, 'FFFFFFFF', 'FFFFFFFF');
INSERT INTO EMPLOYEES (DEPARTMENT_NAME, JOB_ID, EMPLOYEE_ID, DEPARTMENT_ID, JOB_TITLE, START_DATE, EMAIL, LAST_NAME, MAX_SALARY, FIRST_NAME, MANAGER_ID, COMMISSION_PCT, NAME, SALARY, HIRE_DATE, ID, PHONE_NUMBER, AGE) VALUES ('GGGGGGGGG', 59, 59, 59, 'GGGGGGGGG', '1979-9-1', 'GGG59@company.com', 'GGGGGGGGG', 'GGGGGGGGG', 'GGGGGGGGG', 59, 'GGGGGGGGG', 'GGGGGGGGG', 'GGGGGGGGG', '1979-9-11', 59, 'GGGGGGGGG', 'GGGGGGGGG');
INSERT INTO EMPLOYEES (DEPARTMENT_NAME, JOB_ID, EMPLOYEE_ID, DEPARTMENT_ID, JOB_TITLE, START_DATE, EMAIL, LAST_NAME, MAX_SALARY, FIRST_NAME, MANAGER_ID, COMMISSION_PCT, NAME, SALARY, HIRE_DATE, ID, PHONE_NUMBER, AGE) VALUES ('HHHHHHHHHH', 60, 60, 60, 'HHHHHHHHHH', '2002-7-3', 'HHH60@company.com', 'HHHHHHHHHH', 'HHHHHHHHHH', 'HHHHHHHHHH', 60, 'HHHHHHHHHH', 'HHHHHHHHHH', 'HHHHHHHHHH', '2002-7-13', 60, 'HHHHHHHHHH', 'HHHHHHHHHH');
INSERT INTO EMPLOYEES (DEPARTMENT_NAME, JOB_ID, EMPLOYEE_ID, DEPARTMENT_ID, JOB_TITLE, START_DATE, EMAIL, LAST_NAME, MAX_SALARY, FIRST_NAME, MANAGER_ID, COMMISSION_PCT, NAME, SALARY, HIRE_DATE, ID, PHONE_NUMBER, AGE) VALUES ('IIIIIIIIIII', 61, 61, 61, 'IIIIIIIIIII', '1973-9-2', 'III61@company.com', 'IIIIIIIIIII', 'IIIIIIIIIII', 'IIIIIIIIIII', 61, 'IIIIIIIIIII', 'IIIIIIIIIII', 'IIIIIIIIIII', '1973-9-12', 61, 'IIIIIIIIIII', 'IIIIIIIIIII');
INSERT INTO EMPLOYEES (DEPARTMENT_NAME, JOB_ID, EMPLOYEE_ID, DEPARTMENT_ID, JOB_TITLE, START_DATE, EMAIL, LAST_NAME, MAX_SALARY, FIRST_NAME, MANAGER_ID, COMMISSION_PCT, NAME, SALARY, HIRE_DATE, ID, PHONE_NUMBER, AGE) VALUES ('JJJJJJJJJJJJ', 62, 62, 62, 'JJJJJJJJJJJJ', '1999-11-27', 'JJJ62@company.com', 'JJJJJJJJJJJJ', 'JJJJJJJJJJJJ', 'JJJJJJJJJJJJ', 62, 'JJJJJJJJJJJJ', 'JJJJJJJJJJJJ', 'JJJJJJJJJJJJ', '1999-12-9', 62, 'JJJJJJJJJJJJ', 'JJJJJJJJJJJJ');
INSERT INTO EMPLOYEES (DEPARTMENT_NAME, JOB_ID, EMPLOYEE_ID, DEPARTMENT_ID, JOB_TITLE, START_DATE, EMAIL, LAST_NAME, MAX_SALARY, FIRST_NAME, MANAGER_ID, COMMISSION_PCT, NAME, SALARY, HIRE_DATE, ID, PHONE_NUMBER, AGE) VALUES ('KKKKKKKKKKKKK', 63, 63, 63, 'KKKKKKKKKKKKK', '2021-10-7', 'KKK63@company.com', 'KKKKKKKKKKKKK', 'KKKKKKKKKKKKK', 'KKKKKKKKKKKKK', 63, 'KKKKKKKKKKKKK', 'KKKKKKKKKKKKK', 'KKKKKKKKKKKKK', '2021-10-17', 63, 'KKKKKKKKKKKKK', 'KKKKKKKKKKKKK');
INSERT INTO EMPLOYEES (DEPARTMENT_NAME, JOB_ID, EMPLOYEE_ID, DEPARTMENT_ID, JOB_TITLE, START_DATE, EMAIL, LAST_NAME, MAX_SALARY, FIRST_NAME, MANAGER_ID, COMMISSION_PCT, NAME, SALARY, HIRE_DATE, ID, PHONE_NUMBER, AGE) VALUES ('LLLLLLLLLLLLLL', 64, 64, 64, 'LLLLLLLLLLLLLL', '2017-6-19', 'LLL64@company.com', 'LLLLLLLLLLLLLL', 'LLLLLLLLLLLLLL', 'LLLLLLLLLLLLLL', 64, 'LLLLLLLLLLLLLL', 'LLLLLLLLLLLLLL', 'LLLLLLLLLLLLLL', '2017-7-1', 64, 'LLLLLLLLLLLLLL', 'LLLLLLLLLLLLLL');
INSERT INTO EMPLOYEES (DEPARTMENT_NAME, JOB_ID, EMPLOYEE_ID, DEPARTMENT_ID, JOB_TITLE, START_DATE, EMAIL, LAST_NAME, MAX_SALARY, FIRST_NAME, MANAGER_ID, COMMISSION_PCT, NAME, SALARY, HIRE_DATE, ID, PHONE_NUMBER, AGE) VALUES ('MMMMMMMMMMMMMMM', 65, 65, 65, 'MMMMMMMMMMMMMMM', '1927-9-4', 'MMM65@company.com', 'MMMMMMMMMMMMMMM', 'MMMMMMMMMMMMMMM', 'MMMMMMMMMMMMMMM', 65, 'MMMMMMMMMMMMMMM', 'MMMMMMMMMMMMMMM', 'MMMMMMMMMMMMMMM', '1927-9-14', 65, 'MMMMMMMMMMMMMMM', 'MMMMMMMMMMMMMMM');
INSERT INTO EMPLOYEES (DEPARTMENT_NAME, JOB_ID, EMPLOYEE_ID, DEPARTMENT_ID, JOB_TITLE, START_DATE, EMAIL, LAST_NAME, MAX_SALARY, FIRST_NAME, MANAGER_ID, COMMISSION_PCT, NAME, SALARY, HIRE_DATE, ID, PHONE_NUMBER, AGE) VALUES ('NNNNNNNNNNNNNNNN', 66, 66, 66, 'NNNNNNNNNNNNNNNN', '1980-11-21', 'NNN66@company.com', 'NNNNNNNNNNNNNNNN', 'NNNNNNNNNNNNNNNN', 'NNNNNNNNNNNNNNNN', 66, 'NNNNNNNNNNNNNNNN', 'NNNNNNNNNNNNNNNN', 'NNNNNNNNNNNNNNNN', '1980-12-3', 66, 'NNNNNNNNNNNNNNNN', 'NNNNNNNNNNNNNNNN');
INSERT INTO EMPLOYEES (DEPARTMENT_NAME, JOB_ID, EMPLOYEE_ID, DEPARTMENT_ID, JOB_TITLE, START_DATE, EMAIL, LAST_NAME, MAX_SALARY, FIRST_NAME, MANAGER_ID, COMMISSION_PCT, NAME, SALARY, HIRE_DATE, ID, PHONE_NUMBER, AGE) VALUES ('OOOOOOOOOOOOOOOOO', 67, 67, 67, 'OOOOOOOOOOOOOOOOO', '1928-12-6', 'OOO67@company.com', 'OOOOOOOOOOOOOOOOO', 'OOOOOOOOOOOOOOOOO', 'OOOOOOOOOOOOOOOOO', 67, 'OOOOOOOOOOOOOOOOO', 'OOOOOOOOOOOOOOOOO', 'OOOOOOOOOOOOOOOOO', '1928-12-16', 67, 'OOOOOOOOOOOOOOOOO', 'OOOOOOOOOOOOOOOOO');
INSERT INTO EMPLOYEES (DEPARTMENT_NAME, JOB_ID, EMPLOYEE_ID, DEPARTMENT_ID, JOB_TITLE, START_DATE, EMAIL, LAST_NAME, MAX_SALARY, FIRST_NAME, MANAGER_ID, COMMISSION_PCT, NAME, SALARY, HIRE_DATE, ID, PHONE_NUMBER, AGE) VALUES ('PPPPPPPPPPPPPPPPPP', 68, 68, 68, 'PPPPPPPPPPPPPPPPPP', '1911-8-11', 'PPP68@company.com', 'PPPPPPPPPPPPPPPPPP', 'PPPPPPPPPPPPPPPPPP', 'PPPPPPPPPPPPPPPPPP', 68, 'PPPPPPPPPPPPPPPPPP', 'PPPPPPPPPPPPPPPPPP', 'PPPPPPPPPPPPPPPPPP', '1911-8-21', 68, 'PPPPPPPPPPPPPPPPPP', 'PPPPPPPPPPPPPPPPPP');
INSERT INTO EMPLOYEES (DEPARTMENT_NAME, JOB_ID, EMPLOYEE_ID, DEPARTMENT_ID, JOB_TITLE, START_DATE, EMAIL, LAST_NAME, MAX_SALARY, FIRST_NAME, MANAGER_ID, COMMISSION_PCT, NAME, SALARY, HIRE_DATE, ID, PHONE_NUMBER, AGE) VALUES ('QQQQQQQQQQQQQQQQQQQ', 69, 69, 69, 'QQQQQQQQQQQQQQQQQQQ', '1981-8-13', 'QQQ69@company.com', 'QQQQQQQQQQQQQQQQQQQ', 'QQQQQQQQQQQQQQQQQQQ', 'QQQQQQQQQQQQQQQQQQQ', 69, 'QQQQQQQQQQQQQQQQQQQ', 'QQQQQQQQQQQQQQQQQQQ', 'QQQQQQQQQQQQQQQQQQQ', '1981-8-23', 69, 'QQQQQQQQQQQQQQQQQQQ', 'QQQQQQQQQQQQQQQQQQQ');
INSERT INTO EMPLOYEES (DEPARTMENT_NAME, JOB_ID, EMPLOYEE_ID, DEPARTMENT_ID, JOB_TITLE, START_DATE, EMAIL, LAST_NAME, MAX_SALARY, FIRST_NAME, MANAGER_ID, COMMISSION_PCT, NAME, SALARY, HIRE_DATE, ID, PHONE_NUMBER, AGE) VALUES ('RRRRRRRRRRRRRRRRRRRR', 70, 70, 70, 'RRRRRRRRRRRRRRRRRRRR', '1959-1-1', 'RRR70@company.com', 'RRRRRRRRRRRRRRRRRRRR', 'RRRRRRRRRRRRRRRRRRRR', 'RRRRRRRRRRRRRRRRRRRR', 70, 'RRRRRRRRRRRRRRRRRRRR', 'RRRRRRRRRRRRRRRRRRRR', 'RRRRRRRRRRRRRRRRRRRR', '1959-1-11', 70, 'RRRRRRRRRRRRRRRRRRRR', 'RRRRRRRRRRRRRRRRRRRR');
INSERT INTO EMPLOYEES (DEPARTMENT_NAME, JOB_ID, EMPLOYEE_ID, DEPARTMENT_ID, JOB_TITLE, START_DATE, EMAIL, LAST_NAME, MAX_SALARY, FIRST_NAME, MANAGER_ID, COMMISSION_PCT, NAME, SALARY, HIRE_DATE, ID, PHONE_NUMBER, AGE) VALUES ('SSSSSSSSSSSSSSSSSSSSS', 71, 71, 71, 'SSSSSSSSSSSSSSSSSSSSS', '1922-10-13', 'SSS71@company.com', 'SSSSSSSSSSSSSSSSSSSSS', 'SSSSSSSSSSSSSSSSSSSSS', 'SSSSSSSSSSSSSSSSSSSSS', 71, 'SSSSSSSSSSSSSSSSSSSSS', 'SSSSSSSSSSSSSSSSSSSSS', 'SSSSSSSSSSSSSSSSSSSSS', '1922-10-23', 71, 'SSSSSSSSSSSSSSSSSSSSS', 'SSSSSSSSSSSSSSSSSSSSS');
INSERT INTO EMPLOYEES (DEPARTMENT_NAME, JOB_ID, EMPLOYEE_ID, DEPARTMENT_ID, JOB_TITLE, START_DATE, EMAIL, LAST_NAME, MAX_SALARY, FIRST_NAME, MANAGER_ID, COMMISSION_PCT, NAME, SALARY, HIRE_DATE, ID, PHONE_NUMBER, AGE) VALUES ('TTTTTTTTTTTTTTTTTTTTTT', 72, 72, 72, 'TTTTTTTTTTTTTTTTTTTTTT', '1900-10-11', 'TTT72@company.com', 'TTTTTTTTTTTTTTTTTTTTTT', 'TTTTTTTTTTTTTTTTTTTTTT', 'TTTTTTTTTTTTTTTTTTTTTT', 72, 'TTTTTTTTTTTTTTTTTTTTTT', 'TTTTTTTTTTTTTTTTTTTTTT', 'TTTTTTTTTTTTTTTTTTTTTT', '1900-10-21', 72, 'TTTTTTTTTTTTTTTTTTTTTT', 'TTTTTTTTTTTTTTTTTTTTTT');
INSERT INTO EMPLOYEES (DEPARTMENT_NAME, JOB_ID, EMPLOYEE_ID, DEPARTMENT_ID, JOB_TITLE, START_DATE, EMAIL, LAST_NAME, MAX_SALARY, FIRST_NAME, MANAGER_ID, COMMISSION_PCT, NAME, SALARY, HIRE_DATE, ID, PHONE_NUMBER, AGE) VALUES ('UUUUUUUUUUUUUUUUUUUUUUU', 73, 73, 73, 'UUUUUUUUUUUUUUUUUUUUUUU', '1934-11-8', 'UUU73@company.com', 'UUUUUUUUUUUUUUUUUUUUUUU', 'UUUUUUUUUUUUUUUUUUUUUUU', 'UUUUUUUUUUUUUUUUUUUUUUU', 73, 'UUUUUUUUUUUUUUUUUUUUUUU', 'UUUUUUUUUUUUUUUUUUUUUUU', 'UUUUUUUUUUUUUUUUUUUUUUU', '1934-11-18', 73, 'UUUUUUUUUUUUUUUUUUUUUUU', 'UUUUUUUUUUUUUUUUUUUUUUU');
INSERT INTO EMPLOYEES (DEPARTMENT_NAME, JOB_ID, EMPLOYEE_ID, DEPARTMENT_ID, JOB_TITLE, START_DATE, EMAIL, LAST_NAME, MAX_SALARY, FIRST_NAME, MANAGER_ID, COMMISSION_PCT, NAME, SALARY, HIRE_DATE, ID, PHONE_NUMBER, AGE) VALUES ('VVVVVVVVVVVVVVVVVVVVVVVV', 74, 74, 74, 'VVVVVVVVVVVVVVVVVVVVVVVV', '1931-12-7', 'VVV74@company.com', 'VVVVVVVVVVVVVVVVVVVVVVVV', 'VVVVVVVVVVVVVVVVVVVVVVVV', 'VVVVVVVVVVVVVVVVVVVVVVVV', 74, 'VVVVVVVVVVVVVVVVVVVVVVVV', 'VVVVVVVVVVVVVVVVVVVVVVVV', 'VVVVVVVVVVVVVVVVVVVVVVVV', '1931-12-17', 74, 'VVVVVVVVVVVVVVVVVVVVVVVV', 'VVVVVVVVVVVVVVVVVVVVVVVV');
INSERT INTO EMPLOYEES (DEPARTMENT_NAME, JOB_ID, EMPLOYEE_ID, DEPARTMENT_ID, JOB_TITLE, START_DATE, EMAIL, LAST_NAME, MAX_SALARY, FIRST_NAME, MANAGER_ID, COMMISSION_PCT, NAME, SALARY, HIRE_DATE, ID, PHONE_NUMBER, AGE) VALUES ('WWWWWWWWWWWWWWWWWWWWWWWWW', 75, 75, 75, 'WWWWWWWWWWWWWWWWWWWWWWWWW', '1966-9-24', 'WWW75@company.com', 'WWWWWWWWWWWWWWWWWWWWWWWWW', 'WWWWWWWWWWWWWWWWWWWWWWWWW', 'WWWWWWWWWWWWWWWWWWWWWWWWW', 75, 'WWWWWWWWWWWWWWWWWWWWWWWWW', 'WWWWWWWWWWWWWWWWWWWWWWWWW', 'WWWWWWWWWWWWWWWWWWWWWWWWW', '1966-10-6', 75, 'WWWWWWWWWWWWWWWWWWWWWWWWW', 'WWWWWWWWWWWWWWWWWWWWWWWWW');
INSERT INTO EMPLOYEES (DEPARTMENT_NAME, JOB_ID, EMPLOYEE_ID, DEPARTMENT_ID, JOB_TITLE, START_DATE, EMAIL, LAST_NAME, MAX_SALARY, FIRST_NAME, MANAGER_ID, COMMISSION_PCT, NAME, SALARY, HIRE_DATE, ID, PHONE_NUMBER, AGE) VALUES ('XXXXXXXXXXXXXXXXXXXXXXXXXX', 76, 76, 76, 'XXXXXXXXXXXXXXXXXXXXXXXXXX', '1955-9-9', 'XXX76@company.com', 'XXXXXXXXXXXXXXXXXXXXXXXXXX', 'XXXXXXXXXXXXXXXXXXXXXXXXXX', 'XXXXXXXXXXXXXXXXXXXXXXXXXX', 76, 'XXXXXXXXXXXXXXXXXXXXXXXXXX', 'XXXXXXXXXXXXXXXXXXXXXXXXXX', 'XXXXXXXXXXXXXXXXXXXXXXXXXX', '1955-9-19', 76, 'XXXXXXXXXXXXXXXXXXXXXXXXXX', 'XXXXXXXXXXXXXXXXXXXXXXXXXX');
INSERT INTO EMPLOYEES (DEPARTMENT_NAME, JOB_ID, EMPLOYEE_ID, DEPARTMENT_ID, JOB_TITLE, START_DATE, EMAIL, LAST_NAME, MAX_SALARY, FIRST_NAME, MANAGER_ID, COMMISSION_PCT, NAME, SALARY, HIRE_DATE, ID, PHONE_NUMBER, AGE) VALUES ('YYYYYYYYYYYYYYYYYYYYYYYYYYY', 77, 77, 77, 'YYYYYYYYYYYYYYYYYYYYYYYYYYY', '1962-9-8', 'YYY77@company.com', 'YYYYYYYYYYYYYYYYYYYYYYYYYYY', 'YYYYYYYYYYYYYYYYYYYYYYYYYYY', 'YYYYYYYYYYYYYYYYYYYYYYYYYYY', 77, 'YYYYYYYYYYYYYYYYYYYYYYYYYYY', 'YYYYYYYYYYYYYYYYYYYYYYYYYYY', 'YYYYYYYYYYYYYYYYYYYYYYYYYYY', '1962-9-18', 77, 'YYYYYYYYYYYYYYYYYYYYYYYYYYY', 'YYYYYYYYYYYYYYYYYYYYYYYYYYY');
INSERT INTO EMPLOYEES (DEPARTMENT_NAME, JOB_ID, EMPLOYEE_ID, DEPARTMENT_ID, JOB_TITLE, START_DATE, EMAIL, LAST_NAME, MAX_SALARY, FIRST_NAME, MANAGER_ID, COMMISSION_PCT, NAME, SALARY, HIRE_DATE, ID, PHONE_NUMBER, AGE) VALUES ('AAA_', 78, 78, 78, 'AAA_', '1934-8-18', 'AAA78@company.com', 'AAA_', 'AAA_', 'AAA_', 78, 'AAA_', 'AAA_', 'AAA_', '1934-8-28', 78, 'AAA_', 'AAA_');
INSERT INTO EMPLOYEES (DEPARTMENT_NAME, JOB_ID, EMPLOYEE_ID, DEPARTMENT_ID, JOB_TITLE, START_DATE, EMAIL, LAST_NAME, MAX_SALARY, FIRST_NAME, MANAGER_ID, COMMISSION_PCT, NAME, SALARY, HIRE_DATE, ID, PHONE_NUMBER, AGE) VALUES ('AAAA', 79, 79, 79, 'AAAA', '2007-10-26', 'AAA79@company.com', 'AAAA', 'AAAA', 'AAAA', 79, 'AAAA', 'AAAA', 'AAAA', '2007-11-8', 79, 'AAAA', 'AAAA');
INSERT INTO EMPLOYEES (DEPARTMENT_NAME, JOB_ID, EMPLOYEE_ID, DEPARTMENT_ID, JOB_TITLE, START_DATE, EMAIL, LAST_NAME, MAX_SALARY, FIRST_NAME, MANAGER_ID, COMMISSION_PCT, NAME, SALARY, HIRE_DATE, ID, PHONE_NUMBER, AGE) VALUES ('BBBBB', 80, 80, 80, 'BBBBB', '1923-10-22', 'BBB80@company.com', 'BBBBB', 'BBBBB', 'BBBBB', 80, 'BBBBB', 'BBBBB', 'BBBBB', '1923-11-4', 80, 'BBBBB', 'BBBBB');
INSERT INTO EMPLOYEES (DEPARTMENT_NAME, JOB_ID, EMPLOYEE_ID, DEPARTMENT_ID, JOB_TITLE, START_DATE, EMAIL, LAST_NAME, MAX_SALARY, FIRST_NAME, MANAGER_ID, COMMISSION_PCT, NAME, SALARY, HIRE_DATE, ID, PHONE_NUMBER, AGE) VALUES ('CCCCCC', 81, 81, 81, 'CCCCCC', '1916-10-23', 'CCC81@company.com', 'CCCCCC', 'CCCCCC', 'CCCCCC', 81, 'CCCCCC', 'CCCCCC', 'CCCCCC', '1916-11-5', 81, 'CCCCCC', 'CCCCCC');
INSERT INTO EMPLOYEES (DEPARTMENT_NAME, JOB_ID, EMPLOYEE_ID, DEPARTMENT_ID, JOB_TITLE, START_DATE, EMAIL, LAST_NAME, MAX_SALARY, FIRST_NAME, MANAGER_ID, COMMISSION_PCT, NAME, SALARY, HIRE_DATE, ID, PHONE_NUMBER, AGE) VALUES ('DDDDDDD', 82, 82, 82, 'DDDDDDD', '1969-8-3', 'DDD82@company.com', 'DDDDDDD', 'DDDDDDD', 'DDDDDDD', 82, 'DDDDDDD', 'DDDDDDD', 'DDDDDDD', '1969-8-13', 82, 'DDDDDDD', 'DDDDDDD');
INSERT INTO EMPLOYEES (DEPARTMENT_NAME, JOB_ID, EMPLOYEE_ID, DEPARTMENT_ID, JOB_TITLE, START_DATE, EMAIL, LAST_NAME, MAX_SALARY, FIRST_NAME, MANAGER_ID, COMMISSION_PCT, NAME, SALARY, HIRE_DATE, ID, PHONE_NUMBER, AGE) VALUES ('EEEEEEEE', 83, 83, 83, 'EEEEEEEE', '1919-7-11', 'EEE83@company.com', 'EEEEEEEE', 'EEEEEEEE', 'EEEEEEEE', 83, 'EEEEEEEE', 'EEEEEEEE', 'EEEEEEEE', '1919-7-21', 83, 'EEEEEEEE', 'EEEEEEEE');
INSERT INTO EMPLOYEES (DEPARTMENT_NAME, JOB_ID, EMPLOYEE_ID, DEPARTMENT_ID, JOB_TITLE, START_DATE, EMAIL, LAST_NAME, MAX_SALARY, FIRST_NAME, MANAGER_ID, COMMISSION_PCT, NAME, SALARY, HIRE_DATE, ID, PHONE_NUMBER, AGE) VALUES ('FFFFFFFFF', 84, 84, 84, 'FFFFFFFFF', '2003-12-9', 'FFF84@company.com', 'FFFFFFFFF', 'FFFFFFFFF', 'FFFFFFFFF', 84, 'FFFFFFFFF', 'FFFFFFFFF', 'FFFFFFFFF', '2003-12-19', 84, 'FFFFFFFFF', 'FFFFFFFFF');
INSERT INTO EMPLOYEES (DEPARTMENT_NAME, JOB_ID, EMPLOYEE_ID, DEPARTMENT_ID, JOB_TITLE, START_DATE, EMAIL, LAST_NAME, MAX_SALARY, FIRST_NAME, MANAGER_ID, COMMISSION_PCT, NAME, SALARY, HIRE_DATE, ID, PHONE_NUMBER, AGE) VALUES ('GGGGGGGGGG', 85, 85, 85, 'GGGGGGGGGG', '1983-7-21', 'GGG85@company.com', 'GGGGGGGGGG', 'GGGGGGGGGG', 'GGGGGGGGGG', 85, 'GGGGGGGGGG', 'GGGGGGGGGG', 'GGGGGGGGGG', '1983-8-3', 85, 'GGGGGGGGGG', 'GGGGGGGGGG');
INSERT INTO EMPLOYEES (DEPARTMENT_NAME, JOB_ID, EMPLOYEE_ID, DEPARTMENT_ID, JOB_TITLE, START_DATE, EMAIL, LAST_NAME, MAX_SALARY, FIRST_NAME, MANAGER_ID, COMMISSION_PCT, NAME, SALARY, HIRE_DATE, ID, PHONE_NUMBER, AGE) VALUES ('HHHHHHHHHHH', 86, 86, 86, 'HHHHHHHHHHH', '1970-4-18', 'HHH86@company.com', 'HHHHHHHHHHH', 'HHHHHHHHHHH', 'HHHHHHHHHHH', 86, 'HHHHHHHHHHH', 'HHHHHHHHHHH', 'HHHHHHHHHHH', '1970-4-28', 86, 'HHHHHHHHHHH', 'HHHHHHHHHHH');
INSERT INTO EMPLOYEES (DEPARTMENT_NAME, JOB_ID, EMPLOYEE_ID, DEPARTMENT_ID, JOB_TITLE, START_DATE, EMAIL, LAST_NAME, MAX_SALARY, FIRST_NAME, MANAGER_ID, COMMISSION_PCT, NAME, SALARY, HIRE_DATE, ID, PHONE_NUMBER, AGE) VALUES ('IIIIIIIIIIII', 87, 87, 87, 'IIIIIIIIIIII', '1968-10-18', 'III87@company.com', 'IIIIIIIIIIII', 'IIIIIIIIIIII', 'IIIIIIIIIIII', 87, 'IIIIIIIIIIII', 'IIIIIIIIIIII', 'IIIIIIIIIIII', '1968-10-28', 87, 'IIIIIIIIIIII', 'IIIIIIIIIIII');
INSERT INTO EMPLOYEES (DEPARTMENT_NAME, JOB_ID, EMPLOYEE_ID, DEPARTMENT_ID, JOB_TITLE, START_DATE, EMAIL, LAST_NAME, MAX_SALARY, FIRST_NAME, MANAGER_ID, COMMISSION_PCT, NAME, SALARY, HIRE_DATE, ID, PHONE_NUMBER, AGE) VALUES ('JJJJJJJJJJJJJ', 88, 88, 88, 'JJJJJJJJJJJJJ', '1916-6-6', 'JJJ88@company.com', 'JJJJJJJJJJJJJ', 'JJJJJJJJJJJJJ', 'JJJJJJJJJJJJJ', 88, 'JJJJJJJJJJJJJ', 'JJJJJJJJJJJJJ', 'JJJJJJJJJJJJJ', '1916-6-16', 88, 'JJJJJJJJJJJJJ', 'JJJJJJJJJJJJJ');
INSERT INTO EMPLOYEES (DEPARTMENT_NAME, JOB_ID, EMPLOYEE_ID, DEPARTMENT_ID, JOB_TITLE, START_DATE, EMAIL, LAST_NAME, MAX_SALARY, FIRST_NAME, MANAGER_ID, COMMISSION_PCT, NAME, SALARY, HIRE_DATE, ID, PHONE_NUMBER, AGE) VALUES ('KKKKKKKKKKKKKK', 89, 89, 89, 'KKKKKKKKKKKKKK', '1979-8-8', 'KKK89@company.com', 'KKKKKKKKKKKKKK', 'KKKKKKKKKKKKKK', 'KKKKKKKKKKKKKK', 89, 'KKKKKKKKKKKKKK', 'KKKKKKKKKKKKKK', 'KKKKKKKKKKKKKK', '1979-8-18', 89, 'KKKKKKKKKKKKKK', 'KKKKKKKKKKKKKK');
INSERT INTO EMPLOYEES (DEPARTMENT_NAME, JOB_ID, EMPLOYEE_ID, DEPARTMENT_ID, JOB_TITLE, START_DATE, EMAIL, LAST_NAME, MAX_SALARY, FIRST_NAME, MANAGER_ID, COMMISSION_PCT, NAME, SALARY, HIRE_DATE, ID, PHONE_NUMBER, AGE) VALUES ('LLLLLLLLLLLLLLL', 90, 90, 90, 'LLLLLLLLLLLLLLL', '1901-9-19', 'LLL90@company.com', 'LLLLLLLLLLLLLLL', 'LLLLLLLLLLLLLLL', 'LLLLLLLLLLLLLLL', 90, 'LLLLLLLLLLLLLLL', 'LLLLLLLLLLLLLLL', 'LLLLLLLLLLLLLLL', '1901-10-1', 90, 'LLLLLLLLLLLLLLL', 'LLLLLLLLLLLLLLL');
INSERT INTO EMPLOYEES (DEPARTMENT_NAME, JOB_ID, EMPLOYEE_ID, DEPARTMENT_ID, JOB_TITLE, START_DATE, EMAIL, LAST_NAME, MAX_SALARY, FIRST_NAME, MANAGER_ID, COMMISSION_PCT, NAME, SALARY, HIRE_DATE, ID, PHONE_NUMBER, AGE) VALUES ('MMMMMMMMMMMMMMMM', 91, 91, 91, 'MMMMMMMMMMMMMMMM', '1960-1-22', 'MMM91@company.com', 'MMMMMMMMMMMMMMMM', 'MMMMMMMMMMMMMMMM', 'MMMMMMMMMMMMMMMM', 91, 'MMMMMMMMMMMMMMMM', 'MMMMMMMMMMMMMMMM', 'MMMMMMMMMMMMMMMM', '1960-2-4', 91, 'MMMMMMMMMMMMMMMM', 'MMMMMMMMMMMMMMMM');
INSERT INTO EMPLOYEES (DEPARTMENT_NAME, JOB_ID, EMPLOYEE_ID, DEPARTMENT_ID, JOB_TITLE, START_DATE, EMAIL, LAST_NAME, MAX_SALARY, FIRST_NAME, MANAGER_ID, COMMISSION_PCT, NAME, SALARY, HIRE_DATE, ID, PHONE_NUMBER, AGE) VALUES ('NNNNNNNNNNNNNNNNN', 92, 92, 92, 'NNNNNNNNNNNNNNNNN', '1914-1-22', 'NNN92@company.com', 'NNNNNNNNNNNNNNNNN', 'NNNNNNNNNNNNNNNNN', 'NNNNNNNNNNNNNNNNN', 92, 'NNNNNNNNNNNNNNNNN', 'NNNNNNNNNNNNNNNNN', 'NNNNNNNNNNNNNNNNN', '1914-2-4', 92, 'NNNNNNNNNNNNNNNNN', 'NNNNNNNNNNNNNNNNN');
INSERT INTO EMPLOYEES (DEPARTMENT_NAME, JOB_ID, EMPLOYEE_ID, DEPARTMENT_ID, JOB_TITLE, START_DATE, EMAIL, LAST_NAME, MAX_SALARY, FIRST_NAME, MANAGER_ID, COMMISSION_PCT, NAME, SALARY, HIRE_DATE, ID, PHONE_NUMBER, AGE) VALUES ('OOOOOOOOOOOOOOOOOO', 93, 93, 93, 'OOOOOOOOOOOOOOOOOO', '1900-9-6', 'OOO93@company.com', 'OOOOOOOOOOOOOOOOOO', 'OOOOOOOOOOOOOOOOOO', 'OOOOOOOOOOOOOOOOOO', 93, 'OOOOOOOOOOOOOOOOOO', 'OOOOOOOOOOOOOOOOOO', 'OOOOOOOOOOOOOOOOOO', '1900-9-16', 93, 'OOOOOOOOOOOOOOOOOO', 'OOOOOOOOOOOOOOOOOO');
INSERT INTO EMPLOYEES (DEPARTMENT_NAME, JOB_ID, EMPLOYEE_ID, DEPARTMENT_ID, JOB_TITLE, START_DATE, EMAIL, LAST_NAME, MAX_SALARY, FIRST_NAME, MANAGER_ID, COMMISSION_PCT, NAME, SALARY, HIRE_DATE, ID, PHONE_NUMBER, AGE) VALUES ('PPPPPPPPPPPPPPPPPPP', 94, 94, 94, 'PPPPPPPPPPPPPPPPPPP', '1905-11-18', 'PPP94@company.com', 'PPPPPPPPPPPPPPPPPPP', 'PPPPPPPPPPPPPPPPPPP', 'PPPPPPPPPPPPPPPPPPP', 94, 'PPPPPPPPPPPPPPPPPPP', 'PPPPPPPPPPPPPPPPPPP', 'PPPPPPPPPPPPPPPPPPP', '1905-11-28', 94, 'PPPPPPPPPPPPPPPPPPP', 'PPPPPPPPPPPPPPPPPPP');
INSERT INTO EMPLOYEES (DEPARTMENT_NAME, JOB_ID, EMPLOYEE_ID, DEPARTMENT_ID, JOB_TITLE, START_DATE, EMAIL, LAST_NAME, MAX_SALARY, FIRST_NAME, MANAGER_ID, COMMISSION_PCT, NAME, SALARY, HIRE_DATE, ID, PHONE_NUMBER, AGE) VALUES ('QQQQQQQQQQQQQQQQQQQQ', 95, 95, 95, 'QQQQQQQQQQQQQQQQQQQQ', '1914-12-24', 'QQQ95@company.com', 'QQQQQQQQQQQQQQQQQQQQ', 'QQQQQQQQQQQQQQQQQQQQ', 'QQQQQQQQQQQQQQQQQQQQ', 95, 'QQQQQQQQQQQQQQQQQQQQ', 'QQQQQQQQQQQQQQQQQQQQ', 'QQQQQQQQQQQQQQQQQQQQ', '1915-1-6', 95, 'QQQQQQQQQQQQQQQQQQQQ', 'QQQQQQQQQQQQQQQQQQQQ');
INSERT INTO EMPLOYEES (DEPARTMENT_NAME, JOB_ID, EMPLOYEE_ID, DEPARTMENT_ID, JOB_TITLE, START_DATE, EMAIL, LAST_NAME, MAX_SALARY, FIRST_NAME, MANAGER_ID, COMMISSION_PCT, NAME, SALARY, HIRE_DATE, ID, PHONE_NUMBER, AGE) VALUES ('RRRRRRRRRRRRRRRRRRRRR', 96, 96, 96, 'RRRRRRRRRRRRRRRRRRRRR', '1909-12-10', 'RRR96@company.com', 'RRRRRRRRRRRRRRRRRRRRR', 'RRRRRRRRRRRRRRRRRRRRR', 'RRRRRRRRRRRRRRRRRRRRR', 96, 'RRRRRRRRRRRRRRRRRRRRR', 'RRRRRRRRRRRRRRRRRRRRR', 'RRRRRRRRRRRRRRRRRRRRR', '1909-12-20', 96, 'RRRRRRRRRRRRRRRRRRRRR', 'RRRRRRRRRRRRRRRRRRRRR');
INSERT INTO EMPLOYEES (DEPARTMENT_NAME, JOB_ID, EMPLOYEE_ID, DEPARTMENT_ID, JOB_TITLE, START_DATE, EMAIL, LAST_NAME, MAX_SALARY, FIRST_NAME, MANAGER_ID, COMMISSION_PCT, NAME, SALARY, HIRE_DATE, ID, PHONE_NUMBER, AGE) VALUES ('SSSSSSSSSSSSSSSSSSSSSS', 97, 97, 97, 'SSSSSSSSSSSSSSSSSSSSSS', '1989-6-18', 'SSS97@company.com', 'SSSSSSSSSSSSSSSSSSSSSS', 'SSSSSSSSSSSSSSSSSSSSSS', 'SSSSSSSSSSSSSSSSSSSSSS', 97, 'SSSSSSSSSSSSSSSSSSSSSS', 'SSSSSSSSSSSSSSSSSSSSSS', 'SSSSSSSSSSSSSSSSSSSSSS', '1989-6-28', 97, 'SSSSSSSSSSSSSSSSSSSSSS', 'SSSSSSSSSSSSSSSSSSSSSS');
INSERT INTO EMPLOYEES (DEPARTMENT_NAME, JOB_ID, EMPLOYEE_ID, DEPARTMENT_ID, JOB_TITLE, START_DATE, EMAIL, LAST_NAME, MAX_SALARY, FIRST_NAME, MANAGER_ID, COMMISSION_PCT, NAME, SALARY, HIRE_DATE, ID, PHONE_NUMBER, AGE) VALUES ('TTTTTTTTTTTTTTTTTTTTTTT', 98, 98, 98, 'TTTTTTTTTTTTTTTTTTTTTTT', '2005-9-13', 'TTT98@company.com', 'TTTTTTTTTTTTTTTTTTTTTTT', 'TTTTTTTTTTTTTTTTTTTTTTT', 'TTTTTTTTTTTTTTTTTTTTTTT', 98, 'TTTTTTTTTTTTTTTTTTTTTTT', 'TTTTTTTTTTTTTTTTTTTTTTT', 'TTTTTTTTTTTTTTTTTTTTTTT', '2005-9-23', 98, 'TTTTTTTTTTTTTTTTTTTTTTT', 'TTTTTTTTTTTTTTTTTTTTTTT');
INSERT INTO EMPLOYEES (DEPARTMENT_NAME, JOB_ID, EMPLOYEE_ID, DEPARTMENT_ID, JOB_TITLE, START_DATE, EMAIL, LAST_NAME, MAX_SALARY, FIRST_NAME, MANAGER_ID, COMMISSION_PCT, NAME, SALARY, HIRE_DATE, ID, PHONE_NUMBER, AGE) VALUES ('UUUUUUUUUUUUUUUUUUUUUUUU', 99, 99, 99, 'UUUUUUUUUUUUUUUUUUUUUUUU', '1962-1-18', 'UUU99@company.com', 'UUUUUUUUUUUUUUUUUUUUUUUU', 'UUUUUUUUUUUUUUUUUUUUUUUU', 'UUUUUUUUUUUUUUUUUUUUUUUU', 99, 'UUUUUUUUUUUUUUUUUUUUUUUU', 'UUUUUUUUUUUUUUUUUUUUUUUU', 'UUUUUUUUUUUUUUUUUUUUUUUU', '1962-1-28', 99, 'UUUUUUUUUUUUUUUUUUUUUUUU', 'UUUUUUUUUUUUUUUUUUUUUUUU');
INSERT INTO EMPLOYEES (DEPARTMENT_NAME, JOB_ID, EMPLOYEE_ID, DEPARTMENT_ID, JOB_TITLE, START_DATE, EMAIL, LAST_NAME, MAX_SALARY, FIRST_NAME, MANAGER_ID, COMMISSION_PCT, NAME, SALARY, HIRE_DATE, ID, PHONE_NUMBER, AGE) VALUES ('VVVVVVVVVVVVVVVVVVVVVVVVV', 100, 100, 100, 'VVVVVVVVVVVVVVVVVVVVVVVVV', '1937-7-9', 'VVV100@company.com', 'VVVVVVVVVVVVVVVVVVVVVVVVV', 'VVVVVVVVVVVVVVVVVVVVVVVVV', 'VVVVVVVVVVVVVVVVVVVVVVVVV', 100, 'VVVVVVVVVVVVVVVVVVVVVVVVV', 'VVVVVVVVVVVVVVVVVVVVVVVVV', 'VVVVVVVVVVVVVVVVVVVVVVVVV', '1937-7-19', 100, 'VVVVVVVVVVVVVVVVVVVVVVVVV', 'VVVVVVVVVVVVVVVVVVVVVVVVV');
/* ------------- GOODSTUDENTS ---------------- */ 
INSERT INTO GOODSTUDENTS (GPA, ID, NAME) VALUES ('A', 1, 'A');
INSERT INTO GOODSTUDENTS (GPA, ID, NAME) VALUES ('B', 2, 'B');
INSERT INTO GOODSTUDENTS (GPA, ID, NAME) VALUES ('C', 3, 'C');
INSERT INTO GOODSTUDENTS (GPA, ID, NAME) VALUES ('D', 4, 'D');
INSERT INTO GOODSTUDENTS (GPA, ID, NAME) VALUES ('E', 5, 'E');
INSERT INTO GOODSTUDENTS (GPA, ID, NAME) VALUES ('F', 6, 'F');
INSERT INTO GOODSTUDENTS (GPA, ID, NAME) VALUES ('G', 7, 'G');
INSERT INTO GOODSTUDENTS (GPA, ID, NAME) VALUES ('H', 8, 'H');
INSERT INTO GOODSTUDENTS (GPA, ID, NAME) VALUES ('I', 9, 'I');
INSERT INTO GOODSTUDENTS (GPA, ID, NAME) VALUES ('J', 10, 'J');
INSERT INTO GOODSTUDENTS (GPA, ID, NAME) VALUES ('K', 11, 'K');
INSERT INTO GOODSTUDENTS (GPA, ID, NAME) VALUES ('L', 12, 'L');
INSERT INTO GOODSTUDENTS (GPA, ID, NAME) VALUES ('M', 13, 'M');
INSERT INTO GOODSTUDENTS (GPA, ID, NAME) VALUES ('N', 14, 'N');
INSERT INTO GOODSTUDENTS (GPA, ID, NAME) VALUES ('O', 15, 'O');
INSERT INTO GOODSTUDENTS (GPA, ID, NAME) VALUES ('P', 16, 'P');
INSERT INTO GOODSTUDENTS (GPA, ID, NAME) VALUES ('Q', 17, 'Q');
INSERT INTO GOODSTUDENTS (GPA, ID, NAME) VALUES ('R', 18, 'R');
INSERT INTO GOODSTUDENTS (GPA, ID, NAME) VALUES ('S', 19, 'S');
INSERT INTO GOODSTUDENTS (GPA, ID, NAME) VALUES ('T', 20, 'T');
INSERT INTO GOODSTUDENTS (GPA, ID, NAME) VALUES ('U', 21, 'U');
INSERT INTO GOODSTUDENTS (GPA, ID, NAME) VALUES ('V', 22, 'V');
INSERT INTO GOODSTUDENTS (GPA, ID, NAME) VALUES ('W', 23, 'W');
INSERT INTO GOODSTUDENTS (GPA, ID, NAME) VALUES ('X', 24, 'X');
INSERT INTO GOODSTUDENTS (GPA, ID, NAME) VALUES ('Y', 25, 'Y');
INSERT INTO GOODSTUDENTS (GPA, ID, NAME) VALUES ('Z', 26, 'Z');
INSERT INTO GOODSTUDENTS (GPA, ID, NAME) VALUES ('AA', 27, 'AA');
INSERT INTO GOODSTUDENTS (GPA, ID, NAME) VALUES ('BBB', 28, 'BBB');
INSERT INTO GOODSTUDENTS (GPA, ID, NAME) VALUES ('CCCC', 29, 'CCCC');
INSERT INTO GOODSTUDENTS (GPA, ID, NAME) VALUES ('DDDDD', 30, 'DDDDD');
INSERT INTO GOODSTUDENTS (GPA, ID, NAME) VALUES ('EEEEEE', 31, 'EEEEEE');
INSERT INTO GOODSTUDENTS (GPA, ID, NAME) VALUES ('FFFFFFF', 32, 'FFFFFFF');
INSERT INTO GOODSTUDENTS (GPA, ID, NAME) VALUES ('GGGGGGGG', 33, 'GGGGGGGG');
INSERT INTO GOODSTUDENTS (GPA, ID, NAME) VALUES ('HHHHHHHHH', 34, 'HHHHHHHHH');
INSERT INTO GOODSTUDENTS (GPA, ID, NAME) VALUES ('IIIIIIIIII', 35, 'IIIIIIIIII');
INSERT INTO GOODSTUDENTS (GPA, ID, NAME) VALUES ('JJJJJJJJJJJ', 36, 'JJJJJJJJJJJ');
INSERT INTO GOODSTUDENTS (GPA, ID, NAME) VALUES ('KKKKKKKKKKKK', 37, 'KKKKKKKKKKKK');
INSERT INTO GOODSTUDENTS (GPA, ID, NAME) VALUES ('LLLLLLLLLLLLL', 38, 'LLLLLLLLLLLLL');
INSERT INTO GOODSTUDENTS (GPA, ID, NAME) VALUES ('MMMMMMMMMMMMMM', 39, 'MMMMMMMMMMMMMM');
INSERT INTO GOODSTUDENTS (GPA, ID, NAME) VALUES ('NNNNNNNNNNNNNNN', 40, 'NNNNNNNNNNNNNNN');
INSERT INTO GOODSTUDENTS (GPA, ID, NAME) VALUES ('OOOOOOOOOOOOOOOO', 41, 'OOOOOOOOOOOOOOOO');
INSERT INTO GOODSTUDENTS (GPA, ID, NAME) VALUES ('PPPPPPPPPPPPPPPPP', 42, 'PPPPPPPPPPPPPPPPP');
INSERT INTO GOODSTUDENTS (GPA, ID, NAME) VALUES ('QQQQQQQQQQQQQQQQQQ', 43, 'QQQQQQQQQQQQQQQQQQ');
INSERT INTO GOODSTUDENTS (GPA, ID, NAME) VALUES ('RRRRRRRRRRRRRRRRRRR', 44, 'RRRRRRRRRRRRRRRRRRR');
INSERT INTO GOODSTUDENTS (GPA, ID, NAME) VALUES ('SSSSSSSSSSSSSSSSSSSS', 45, 'SSSSSSSSSSSSSSSSSSSS');
INSERT INTO GOODSTUDENTS (GPA, ID, NAME) VALUES ('TTTTTTTTTTTTTTTTTTTTT', 46, 'TTTTTTTTTTTTTTTTTTTTT');
INSERT INTO GOODSTUDENTS (GPA, ID, NAME) VALUES ('UUUUUUUUUUUUUUUUUUUUUU', 47, 'UUUUUUUUUUUUUUUUUUUUUU');
INSERT INTO GOODSTUDENTS (GPA, ID, NAME) VALUES ('VVVVVVVVVVVVVVVVVVVVVVV', 48, 'VVVVVVVVVVVVVVVVVVVVVVV');
INSERT INTO GOODSTUDENTS (GPA, ID, NAME) VALUES ('WWWWWWWWWWWWWWWWWWWWWWWW', 49, 'WWWWWWWWWWWWWWWWWWWWWWWW');
INSERT INTO GOODSTUDENTS (GPA, ID, NAME) VALUES ('XXXXXXXXXXXXXXXXXXXXXXXXX', 50, 'XXXXXXXXXXXXXXXXXXXXXXXXX');
INSERT INTO GOODSTUDENTS (GPA, ID, NAME) VALUES ('YYYYYYYYYYYYYYYYYYYYYYYYYY', 51, 'YYYYYYYYYYYYYYYYYYYYYYYYYY');
INSERT INTO GOODSTUDENTS (GPA, ID, NAME) VALUES ('AA_', 52, 'AA_');
INSERT INTO GOODSTUDENTS (GPA, ID, NAME) VALUES ('AAA', 53, 'AAA');
INSERT INTO GOODSTUDENTS (GPA, ID, NAME) VALUES ('BBBB', 54, 'BBBB');
INSERT INTO GOODSTUDENTS (GPA, ID, NAME) VALUES ('CCCCC', 55, 'CCCCC');
INSERT INTO GOODSTUDENTS (GPA, ID, NAME) VALUES ('DDDDDD', 56, 'DDDDDD');
INSERT INTO GOODSTUDENTS (GPA, ID, NAME) VALUES ('EEEEEEE', 57, 'EEEEEEE');
INSERT INTO GOODSTUDENTS (GPA, ID, NAME) VALUES ('FFFFFFFF', 58, 'FFFFFFFF');
INSERT INTO GOODSTUDENTS (GPA, ID, NAME) VALUES ('GGGGGGGGG', 59, 'GGGGGGGGG');
INSERT INTO GOODSTUDENTS (GPA, ID, NAME) VALUES ('HHHHHHHHHH', 60, 'HHHHHHHHHH');
INSERT INTO GOODSTUDENTS (GPA, ID, NAME) VALUES ('IIIIIIIIIII', 61, 'IIIIIIIIIII');
INSERT INTO GOODSTUDENTS (GPA, ID, NAME) VALUES ('JJJJJJJJJJJJ', 62, 'JJJJJJJJJJJJ');
INSERT INTO GOODSTUDENTS (GPA, ID, NAME) VALUES ('KKKKKKKKKKKKK', 63, 'KKKKKKKKKKKKK');
INSERT INTO GOODSTUDENTS (GPA, ID, NAME) VALUES ('LLLLLLLLLLLLLL', 64, 'LLLLLLLLLLLLLL');
INSERT INTO GOODSTUDENTS (GPA, ID, NAME) VALUES ('MMMMMMMMMMMMMMM', 65, 'MMMMMMMMMMMMMMM');
INSERT INTO GOODSTUDENTS (GPA, ID, NAME) VALUES ('NNNNNNNNNNNNNNNN', 66, 'NNNNNNNNNNNNNNNN');
INSERT INTO GOODSTUDENTS (GPA, ID, NAME) VALUES ('OOOOOOOOOOOOOOOOO', 67, 'OOOOOOOOOOOOOOOOO');
INSERT INTO GOODSTUDENTS (GPA, ID, NAME) VALUES ('PPPPPPPPPPPPPPPPPP', 68, 'PPPPPPPPPPPPPPPPPP');
INSERT INTO GOODSTUDENTS (GPA, ID, NAME) VALUES ('QQQQQQQQQQQQQQQQQQQ', 69, 'QQQQQQQQQQQQQQQQQQQ');
INSERT INTO GOODSTUDENTS (GPA, ID, NAME) VALUES ('RRRRRRRRRRRRRRRRRRRR', 70, 'RRRRRRRRRRRRRRRRRRRR');
INSERT INTO GOODSTUDENTS (GPA, ID, NAME) VALUES ('SSSSSSSSSSSSSSSSSSSSS', 71, 'SSSSSSSSSSSSSSSSSSSSS');
INSERT INTO GOODSTUDENTS (GPA, ID, NAME) VALUES ('TTTTTTTTTTTTTTTTTTTTTT', 72, 'TTTTTTTTTTTTTTTTTTTTTT');
INSERT INTO GOODSTUDENTS (GPA, ID, NAME) VALUES ('UUUUUUUUUUUUUUUUUUUUUUU', 73, 'UUUUUUUUUUUUUUUUUUUUUUU');
INSERT INTO GOODSTUDENTS (GPA, ID, NAME) VALUES ('VVVVVVVVVVVVVVVVVVVVVVVV', 74, 'VVVVVVVVVVVVVVVVVVVVVVVV');
INSERT INTO GOODSTUDENTS (GPA, ID, NAME) VALUES ('WWWWWWWWWWWWWWWWWWWWWWWWW', 75, 'WWWWWWWWWWWWWWWWWWWWWWWWW');
INSERT INTO GOODSTUDENTS (GPA, ID, NAME) VALUES ('XXXXXXXXXXXXXXXXXXXXXXXXXX', 76, 'XXXXXXXXXXXXXXXXXXXXXXXXXX');
INSERT INTO GOODSTUDENTS (GPA, ID, NAME) VALUES ('YYYYYYYYYYYYYYYYYYYYYYYYYYY', 77, 'YYYYYYYYYYYYYYYYYYYYYYYYYYY');
INSERT INTO GOODSTUDENTS (GPA, ID, NAME) VALUES ('AAA_', 78, 'AAA_');
INSERT INTO GOODSTUDENTS (GPA, ID, NAME) VALUES ('AAAA', 79, 'AAAA');
INSERT INTO GOODSTUDENTS (GPA, ID, NAME) VALUES ('BBBBB', 80, 'BBBBB');
INSERT INTO GOODSTUDENTS (GPA, ID, NAME) VALUES ('CCCCCC', 81, 'CCCCCC');
INSERT INTO GOODSTUDENTS (GPA, ID, NAME) VALUES ('DDDDDDD', 82, 'DDDDDDD');
INSERT INTO GOODSTUDENTS (GPA, ID, NAME) VALUES ('EEEEEEEE', 83, 'EEEEEEEE');
INSERT INTO GOODSTUDENTS (GPA, ID, NAME) VALUES ('FFFFFFFFF', 84, 'FFFFFFFFF');
INSERT INTO GOODSTUDENTS (GPA, ID, NAME) VALUES ('GGGGGGGGGG', 85, 'GGGGGGGGGG');
INSERT INTO GOODSTUDENTS (GPA, ID, NAME) VALUES ('HHHHHHHHHHH', 86, 'HHHHHHHHHHH');
INSERT INTO GOODSTUDENTS (GPA, ID, NAME) VALUES ('IIIIIIIIIIII', 87, 'IIIIIIIIIIII');
INSERT INTO GOODSTUDENTS (GPA, ID, NAME) VALUES ('JJJJJJJJJJJJJ', 88, 'JJJJJJJJJJJJJ');
INSERT INTO GOODSTUDENTS (GPA, ID, NAME) VALUES ('KKKKKKKKKKKKKK', 89, 'KKKKKKKKKKKKKK');
INSERT INTO GOODSTUDENTS (GPA, ID, NAME) VALUES ('LLLLLLLLLLLLLLL', 90, 'LLLLLLLLLLLLLLL');
INSERT INTO GOODSTUDENTS (GPA, ID, NAME) VALUES ('MMMMMMMMMMMMMMMM', 91, 'MMMMMMMMMMMMMMMM');
INSERT INTO GOODSTUDENTS (GPA, ID, NAME) VALUES ('NNNNNNNNNNNNNNNNN', 92, 'NNNNNNNNNNNNNNNNN');
INSERT INTO GOODSTUDENTS (GPA, ID, NAME) VALUES ('OOOOOOOOOOOOOOOOOO', 93, 'OOOOOOOOOOOOOOOOOO');
INSERT INTO GOODSTUDENTS (GPA, ID, NAME) VALUES ('PPPPPPPPPPPPPPPPPPP', 94, 'PPPPPPPPPPPPPPPPPPP');
INSERT INTO GOODSTUDENTS (GPA, ID, NAME) VALUES ('QQQQQQQQQQQQQQQQQQQQ', 95, 'QQQQQQQQQQQQQQQQQQQQ');
INSERT INTO GOODSTUDENTS (GPA, ID, NAME) VALUES ('RRRRRRRRRRRRRRRRRRRRR', 96, 'RRRRRRRRRRRRRRRRRRRRR');
INSERT INTO GOODSTUDENTS (GPA, ID, NAME) VALUES ('SSSSSSSSSSSSSSSSSSSSSS', 97, 'SSSSSSSSSSSSSSSSSSSSSS');
INSERT INTO GOODSTUDENTS (GPA, ID, NAME) VALUES ('TTTTTTTTTTTTTTTTTTTTTTT', 98, 'TTTTTTTTTTTTTTTTTTTTTTT');
INSERT INTO GOODSTUDENTS (GPA, ID, NAME) VALUES ('UUUUUUUUUUUUUUUUUUUUUUUU', 99, 'UUUUUUUUUUUUUUUUUUUUUUUU');
INSERT INTO GOODSTUDENTS (GPA, ID, NAME) VALUES ('VVVVVVVVVVVVVVVVVVVVVVVVV', 100, 'VVVVVVVVVVVVVVVVVVVVVVVVV');
/* ------------- JOBS ---------------- */ 
INSERT INTO JOBS (JOB_ID, EMPLOYEE_ID, SALARY, MIN_SALARY, JOB_TITLE, START_DATE, MAX_SALARY) VALUES (1, 1, 'A', 'A', 'A', '1966-1-21', 'A');
INSERT INTO JOBS (JOB_ID, EMPLOYEE_ID, SALARY, MIN_SALARY, JOB_TITLE, START_DATE, MAX_SALARY) VALUES (2, 2, 'B', 'B', 'B', '1939-8-5', 'B');
INSERT INTO JOBS (JOB_ID, EMPLOYEE_ID, SALARY, MIN_SALARY, JOB_TITLE, START_DATE, MAX_SALARY) VALUES (3, 3, 'C', 'C', 'C', '1990-11-16', 'C');
INSERT INTO JOBS (JOB_ID, EMPLOYEE_ID, SALARY, MIN_SALARY, JOB_TITLE, START_DATE, MAX_SALARY) VALUES (4, 4, 'D', 'D', 'D', '1958-1-22', 'D');
INSERT INTO JOBS (JOB_ID, EMPLOYEE_ID, SALARY, MIN_SALARY, JOB_TITLE, START_DATE, MAX_SALARY) VALUES (5, 5, 'E', 'E', 'E', '1939-7-20', 'E');
INSERT INTO JOBS (JOB_ID, EMPLOYEE_ID, SALARY, MIN_SALARY, JOB_TITLE, START_DATE, MAX_SALARY) VALUES (6, 6, 'F', 'F', 'F', '2003-3-16', 'F');
INSERT INTO JOBS (JOB_ID, EMPLOYEE_ID, SALARY, MIN_SALARY, JOB_TITLE, START_DATE, MAX_SALARY) VALUES (7, 7, 'G', 'G', 'G', '1969-10-7', 'G');
INSERT INTO JOBS (JOB_ID, EMPLOYEE_ID, SALARY, MIN_SALARY, JOB_TITLE, START_DATE, MAX_SALARY) VALUES (8, 8, 'H', 'H', 'H', '1964-9-7', 'H');
INSERT INTO JOBS (JOB_ID, EMPLOYEE_ID, SALARY, MIN_SALARY, JOB_TITLE, START_DATE, MAX_SALARY) VALUES (9, 9, 'I', 'I', 'I', '1976-2-17', 'I');
INSERT INTO JOBS (JOB_ID, EMPLOYEE_ID, SALARY, MIN_SALARY, JOB_TITLE, START_DATE, MAX_SALARY) VALUES (10, 10, 'J', 'J', 'J', '1979-11-21', 'J');
INSERT INTO JOBS (JOB_ID, EMPLOYEE_ID, SALARY, MIN_SALARY, JOB_TITLE, START_DATE, MAX_SALARY) VALUES (11, 11, 'K', 'K', 'K', '1918-12-23', 'K');
INSERT INTO JOBS (JOB_ID, EMPLOYEE_ID, SALARY, MIN_SALARY, JOB_TITLE, START_DATE, MAX_SALARY) VALUES (12, 12, 'L', 'L', 'L', '1960-3-6', 'L');
INSERT INTO JOBS (JOB_ID, EMPLOYEE_ID, SALARY, MIN_SALARY, JOB_TITLE, START_DATE, MAX_SALARY) VALUES (13, 13, 'M', 'M', 'M', '1967-4-4', 'M');
INSERT INTO JOBS (JOB_ID, EMPLOYEE_ID, SALARY, MIN_SALARY, JOB_TITLE, START_DATE, MAX_SALARY) VALUES (14, 14, 'N', 'N', 'N', '1913-9-9', 'N');
INSERT INTO JOBS (JOB_ID, EMPLOYEE_ID, SALARY, MIN_SALARY, JOB_TITLE, START_DATE, MAX_SALARY) VALUES (15, 15, 'O', 'O', 'O', '2021-5-19', 'O');
INSERT INTO JOBS (JOB_ID, EMPLOYEE_ID, SALARY, MIN_SALARY, JOB_TITLE, START_DATE, MAX_SALARY) VALUES (16, 16, 'P', 'P', 'P', '2004-4-19', 'P');
INSERT INTO JOBS (JOB_ID, EMPLOYEE_ID, SALARY, MIN_SALARY, JOB_TITLE, START_DATE, MAX_SALARY) VALUES (17, 17, 'Q', 'Q', 'Q', '1939-3-19', 'Q');
INSERT INTO JOBS (JOB_ID, EMPLOYEE_ID, SALARY, MIN_SALARY, JOB_TITLE, START_DATE, MAX_SALARY) VALUES (18, 18, 'R', 'R', 'R', '1965-6-9', 'R');
INSERT INTO JOBS (JOB_ID, EMPLOYEE_ID, SALARY, MIN_SALARY, JOB_TITLE, START_DATE, MAX_SALARY) VALUES (19, 19, 'S', 'S', 'S', '1915-5-22', 'S');
INSERT INTO JOBS (JOB_ID, EMPLOYEE_ID, SALARY, MIN_SALARY, JOB_TITLE, START_DATE, MAX_SALARY) VALUES (20, 20, 'T', 'T', 'T', '2000-7-20', 'T');
INSERT INTO JOBS (JOB_ID, EMPLOYEE_ID, SALARY, MIN_SALARY, JOB_TITLE, START_DATE, MAX_SALARY) VALUES (21, 21, 'U', 'U', 'U', '1943-4-22', 'U');
INSERT INTO JOBS (JOB_ID, EMPLOYEE_ID, SALARY, MIN_SALARY, JOB_TITLE, START_DATE, MAX_SALARY) VALUES (22, 22, 'V', 'V', 'V', '1999-1-3', 'V');
INSERT INTO JOBS (JOB_ID, EMPLOYEE_ID, SALARY, MIN_SALARY, JOB_TITLE, START_DATE, MAX_SALARY) VALUES (23, 23, 'W', 'W', 'W', '1939-4-22', 'W');
INSERT INTO JOBS (JOB_ID, EMPLOYEE_ID, SALARY, MIN_SALARY, JOB_TITLE, START_DATE, MAX_SALARY) VALUES (24, 24, 'X', 'X', 'X', '1963-3-6', 'X');
INSERT INTO JOBS (JOB_ID, EMPLOYEE_ID, SALARY, MIN_SALARY, JOB_TITLE, START_DATE, MAX_SALARY) VALUES (25, 25, 'Y', 'Y', 'Y', '1993-10-9', 'Y');
INSERT INTO JOBS (JOB_ID, EMPLOYEE_ID, SALARY, MIN_SALARY, JOB_TITLE, START_DATE, MAX_SALARY) VALUES (26, 26, 'Z', 'Z', 'Z', '2011-3-19', 'Z');
INSERT INTO JOBS (JOB_ID, EMPLOYEE_ID, SALARY, MIN_SALARY, JOB_TITLE, START_DATE, MAX_SALARY) VALUES (27, 27, 'AA', 'AA', 'AA', '1918-4-16', 'AA');
INSERT INTO JOBS (JOB_ID, EMPLOYEE_ID, SALARY, MIN_SALARY, JOB_TITLE, START_DATE, MAX_SALARY) VALUES (28, 28, 'BBB', 'BBB', 'BBB', '1960-9-4', 'BBB');
INSERT INTO JOBS (JOB_ID, EMPLOYEE_ID, SALARY, MIN_SALARY, JOB_TITLE, START_DATE, MAX_SALARY) VALUES (29, 29, 'CCCC', 'CCCC', 'CCCC', '1960-3-19', 'CCCC');
INSERT INTO JOBS (JOB_ID, EMPLOYEE_ID, SALARY, MIN_SALARY, JOB_TITLE, START_DATE, MAX_SALARY) VALUES (30, 30, 'DDDDD', 'DDDDD', 'DDDDD', '1945-3-16', 'DDDDD');
INSERT INTO JOBS (JOB_ID, EMPLOYEE_ID, SALARY, MIN_SALARY, JOB_TITLE, START_DATE, MAX_SALARY) VALUES (31, 31, 'EEEEEE', 'EEEEEE', 'EEEEEE', '1957-8-17', 'EEEEEE');
INSERT INTO JOBS (JOB_ID, EMPLOYEE_ID, SALARY, MIN_SALARY, JOB_TITLE, START_DATE, MAX_SALARY) VALUES (32, 32, 'FFFFFFF', 'FFFFFFF', 'FFFFFFF', '1984-1-18', 'FFFFFFF');
INSERT INTO JOBS (JOB_ID, EMPLOYEE_ID, SALARY, MIN_SALARY, JOB_TITLE, START_DATE, MAX_SALARY) VALUES (33, 33, 'GGGGGGGG', 'GGGGGGGG', 'GGGGGGGG', '1966-3-1', 'GGGGGGGG');
INSERT INTO JOBS (JOB_ID, EMPLOYEE_ID, SALARY, MIN_SALARY, JOB_TITLE, START_DATE, MAX_SALARY) VALUES (34, 34, 'HHHHHHHHH', 'HHHHHHHHH', 'HHHHHHHHH', '1973-10-26', 'HHHHHHHHH');
INSERT INTO JOBS (JOB_ID, EMPLOYEE_ID, SALARY, MIN_SALARY, JOB_TITLE, START_DATE, MAX_SALARY) VALUES (35, 35, 'IIIIIIIIII', 'IIIIIIIIII', 'IIIIIIIIII', '1913-9-17', 'IIIIIIIIII');
INSERT INTO JOBS (JOB_ID, EMPLOYEE_ID, SALARY, MIN_SALARY, JOB_TITLE, START_DATE, MAX_SALARY) VALUES (36, 36, 'JJJJJJJJJJJ', 'JJJJJJJJJJJ', 'JJJJJJJJJJJ', '1997-12-22', 'JJJJJJJJJJJ');
INSERT INTO JOBS (JOB_ID, EMPLOYEE_ID, SALARY, MIN_SALARY, JOB_TITLE, START_DATE, MAX_SALARY) VALUES (37, 37, 'KKKKKKKKKKKK', 'KKKKKKKKKKKK', 'KKKKKKKKKKKK', '1949-7-20', 'KKKKKKKKKKKK');
INSERT INTO JOBS (JOB_ID, EMPLOYEE_ID, SALARY, MIN_SALARY, JOB_TITLE, START_DATE, MAX_SALARY) VALUES (38, 38, 'LLLLLLLLLLLLL', 'LLLLLLLLLLLLL', 'LLLLLLLLLLLLL', '1948-10-28', 'LLLLLLLLLLLLL');
INSERT INTO JOBS (JOB_ID, EMPLOYEE_ID, SALARY, MIN_SALARY, JOB_TITLE, START_DATE, MAX_SALARY) VALUES (39, 39, 'MMMMMMMMMMMMMM', 'MMMMMMMMMMMMMM', 'MMMMMMMMMMMMMM', '1945-1-9', 'MMMMMMMMMMMMMM');
INSERT INTO JOBS (JOB_ID, EMPLOYEE_ID, SALARY, MIN_SALARY, JOB_TITLE, START_DATE, MAX_SALARY) VALUES (40, 40, 'NNNNNNNNNNNNNNN', 'NNNNNNNNNNNNNNN', 'NNNNNNNNNNNNNNN', '1991-4-8', 'NNNNNNNNNNNNNNN');
INSERT INTO JOBS (JOB_ID, EMPLOYEE_ID, SALARY, MIN_SALARY, JOB_TITLE, START_DATE, MAX_SALARY) VALUES (41, 41, 'OOOOOOOOOOOOOOOO', 'OOOOOOOOOOOOOOOO', 'OOOOOOOOOOOOOOOO', '1971-12-7', 'OOOOOOOOOOOOOOOO');
INSERT INTO JOBS (JOB_ID, EMPLOYEE_ID, SALARY, MIN_SALARY, JOB_TITLE, START_DATE, MAX_SALARY) VALUES (42, 42, 'PPPPPPPPPPPPPPPPP', 'PPPPPPPPPPPPPPPPP', 'PPPPPPPPPPPPPPPPP', '2012-1-25', 'PPPPPPPPPPPPPPPPP');
INSERT INTO JOBS (JOB_ID, EMPLOYEE_ID, SALARY, MIN_SALARY, JOB_TITLE, START_DATE, MAX_SALARY) VALUES (43, 43, 'QQQQQQQQQQQQQQQQQQ', 'QQQQQQQQQQQQQQQQQQ', 'QQQQQQQQQQQQQQQQQQ', '1973-9-23', 'QQQQQQQQQQQQQQQQQQ');
INSERT INTO JOBS (JOB_ID, EMPLOYEE_ID, SALARY, MIN_SALARY, JOB_TITLE, START_DATE, MAX_SALARY) VALUES (44, 44, 'RRRRRRRRRRRRRRRRRRR', 'RRRRRRRRRRRRRRRRRRR', 'RRRRRRRRRRRRRRRRRRR', '1916-4-3', 'RRRRRRRRRRRRRRRRRRR');
INSERT INTO JOBS (JOB_ID, EMPLOYEE_ID, SALARY, MIN_SALARY, JOB_TITLE, START_DATE, MAX_SALARY) VALUES (45, 45, 'SSSSSSSSSSSSSSSSSSSS', 'SSSSSSSSSSSSSSSSSSSS', 'SSSSSSSSSSSSSSSSSSSS', '1971-7-2', 'SSSSSSSSSSSSSSSSSSSS');
INSERT INTO JOBS (JOB_ID, EMPLOYEE_ID, SALARY, MIN_SALARY, JOB_TITLE, START_DATE, MAX_SALARY) VALUES (46, 46, 'TTTTTTTTTTTTTTTTTTTTT', 'TTTTTTTTTTTTTTTTTTTTT', 'TTTTTTTTTTTTTTTTTTTTT', '1947-12-16', 'TTTTTTTTTTTTTTTTTTTTT');
INSERT INTO JOBS (JOB_ID, EMPLOYEE_ID, SALARY, MIN_SALARY, JOB_TITLE, START_DATE, MAX_SALARY) VALUES (47, 47, 'UUUUUUUUUUUUUUUUUUUUUU', 'UUUUUUUUUUUUUUUUUUUUUU', 'UUUUUUUUUUUUUUUUUUUUUU', '1993-10-10', 'UUUUUUUUUUUUUUUUUUUUUU');
INSERT INTO JOBS (JOB_ID, EMPLOYEE_ID, SALARY, MIN_SALARY, JOB_TITLE, START_DATE, MAX_SALARY) VALUES (48, 48, 'VVVVVVVVVVVVVVVVVVVVVVV', 'VVVVVVVVVVVVVVVVVVVVVVV', 'VVVVVVVVVVVVVVVVVVVVVVV', '1935-2-14', 'VVVVVVVVVVVVVVVVVVVVVVV');
INSERT INTO JOBS (JOB_ID, EMPLOYEE_ID, SALARY, MIN_SALARY, JOB_TITLE, START_DATE, MAX_SALARY) VALUES (49, 49, 'WWWWWWWWWWWWWWWWWWWWWWWW', 'WWWWWWWWWWWWWWWWWWWWWWWW', 'WWWWWWWWWWWWWWWWWWWWWWWW', '1900-10-6', 'WWWWWWWWWWWWWWWWWWWWWWWW');
INSERT INTO JOBS (JOB_ID, EMPLOYEE_ID, SALARY, MIN_SALARY, JOB_TITLE, START_DATE, MAX_SALARY) VALUES (50, 50, 'XXXXXXXXXXXXXXXXXXXXXXXXX', 'XXXXXXXXXXXXXXXXXXXXXXXXX', 'XXXXXXXXXXXXXXXXXXXXXXXXX', '1943-8-2', 'XXXXXXXXXXXXXXXXXXXXXXXXX');
INSERT INTO JOBS (JOB_ID, EMPLOYEE_ID, SALARY, MIN_SALARY, JOB_TITLE, START_DATE, MAX_SALARY) VALUES (51, 51, 'YYYYYYYYYYYYYYYYYYYYYYYYYY', 'YYYYYYYYYYYYYYYYYYYYYYYYYY', 'YYYYYYYYYYYYYYYYYYYYYYYYYY', '1936-1-9', 'YYYYYYYYYYYYYYYYYYYYYYYYYY');
INSERT INTO JOBS (JOB_ID, EMPLOYEE_ID, SALARY, MIN_SALARY, JOB_TITLE, START_DATE, MAX_SALARY) VALUES (52, 52, 'AA_', 'AA_', 'AA_', '1903-6-1', 'AA_');
INSERT INTO JOBS (JOB_ID, EMPLOYEE_ID, SALARY, MIN_SALARY, JOB_TITLE, START_DATE, MAX_SALARY) VALUES (53, 53, 'AAA', 'AAA', 'AAA', '1994-10-8', 'AAA');
INSERT INTO JOBS (JOB_ID, EMPLOYEE_ID, SALARY, MIN_SALARY, JOB_TITLE, START_DATE, MAX_SALARY) VALUES (54, 54, 'BBBB', 'BBBB', 'BBBB', '1907-3-6', 'BBBB');
INSERT INTO JOBS (JOB_ID, EMPLOYEE_ID, SALARY, MIN_SALARY, JOB_TITLE, START_DATE, MAX_SALARY) VALUES (55, 55, 'CCCCC', 'CCCCC', 'CCCCC', '1986-2-10', 'CCCCC');
INSERT INTO JOBS (JOB_ID, EMPLOYEE_ID, SALARY, MIN_SALARY, JOB_TITLE, START_DATE, MAX_SALARY) VALUES (56, 56, 'DDDDDD', 'DDDDDD', 'DDDDDD', '1930-6-16', 'DDDDDD');
INSERT INTO JOBS (JOB_ID, EMPLOYEE_ID, SALARY, MIN_SALARY, JOB_TITLE, START_DATE, MAX_SALARY) VALUES (57, 57, 'EEEEEEE', 'EEEEEEE', 'EEEEEEE', '1959-4-17', 'EEEEEEE');
INSERT INTO JOBS (JOB_ID, EMPLOYEE_ID, SALARY, MIN_SALARY, JOB_TITLE, START_DATE, MAX_SALARY) VALUES (58, 58, 'FFFFFFFF', 'FFFFFFFF', 'FFFFFFFF', '2006-11-13', 'FFFFFFFF');
INSERT INTO JOBS (JOB_ID, EMPLOYEE_ID, SALARY, MIN_SALARY, JOB_TITLE, START_DATE, MAX_SALARY) VALUES (59, 59, 'GGGGGGGGG', 'GGGGGGGGG', 'GGGGGGGGG', '1979-9-1', 'GGGGGGGGG');
INSERT INTO JOBS (JOB_ID, EMPLOYEE_ID, SALARY, MIN_SALARY, JOB_TITLE, START_DATE, MAX_SALARY) VALUES (60, 60, 'HHHHHHHHHH', 'HHHHHHHHHH', 'HHHHHHHHHH', '2002-7-3', 'HHHHHHHHHH');
INSERT INTO JOBS (JOB_ID, EMPLOYEE_ID, SALARY, MIN_SALARY, JOB_TITLE, START_DATE, MAX_SALARY) VALUES (61, 61, 'IIIIIIIIIII', 'IIIIIIIIIII', 'IIIIIIIIIII', '1973-9-2', 'IIIIIIIIIII');
INSERT INTO JOBS (JOB_ID, EMPLOYEE_ID, SALARY, MIN_SALARY, JOB_TITLE, START_DATE, MAX_SALARY) VALUES (62, 62, 'JJJJJJJJJJJJ', 'JJJJJJJJJJJJ', 'JJJJJJJJJJJJ', '1999-11-27', 'JJJJJJJJJJJJ');
INSERT INTO JOBS (JOB_ID, EMPLOYEE_ID, SALARY, MIN_SALARY, JOB_TITLE, START_DATE, MAX_SALARY) VALUES (63, 63, 'KKKKKKKKKKKKK', 'KKKKKKKKKKKKK', 'KKKKKKKKKKKKK', '2021-10-7', 'KKKKKKKKKKKKK');
INSERT INTO JOBS (JOB_ID, EMPLOYEE_ID, SALARY, MIN_SALARY, JOB_TITLE, START_DATE, MAX_SALARY) VALUES (64, 64, 'LLLLLLLLLLLLLL', 'LLLLLLLLLLLLLL', 'LLLLLLLLLLLLLL', '2017-6-19', 'LLLLLLLLLLLLLL');
INSERT INTO JOBS (JOB_ID, EMPLOYEE_ID, SALARY, MIN_SALARY, JOB_TITLE, START_DATE, MAX_SALARY) VALUES (65, 65, 'MMMMMMMMMMMMMMM', 'MMMMMMMMMMMMMMM', 'MMMMMMMMMMMMMMM', '1927-9-4', 'MMMMMMMMMMMMMMM');
INSERT INTO JOBS (JOB_ID, EMPLOYEE_ID, SALARY, MIN_SALARY, JOB_TITLE, START_DATE, MAX_SALARY) VALUES (66, 66, 'NNNNNNNNNNNNNNNN', 'NNNNNNNNNNNNNNNN', 'NNNNNNNNNNNNNNNN', '1980-11-21', 'NNNNNNNNNNNNNNNN');
INSERT INTO JOBS (JOB_ID, EMPLOYEE_ID, SALARY, MIN_SALARY, JOB_TITLE, START_DATE, MAX_SALARY) VALUES (67, 67, 'OOOOOOOOOOOOOOOOO', 'OOOOOOOOOOOOOOOOO', 'OOOOOOOOOOOOOOOOO', '1928-12-6', 'OOOOOOOOOOOOOOOOO');
INSERT INTO JOBS (JOB_ID, EMPLOYEE_ID, SALARY, MIN_SALARY, JOB_TITLE, START_DATE, MAX_SALARY) VALUES (68, 68, 'PPPPPPPPPPPPPPPPPP', 'PPPPPPPPPPPPPPPPPP', 'PPPPPPPPPPPPPPPPPP', '1911-8-11', 'PPPPPPPPPPPPPPPPPP');
INSERT INTO JOBS (JOB_ID, EMPLOYEE_ID, SALARY, MIN_SALARY, JOB_TITLE, START_DATE, MAX_SALARY) VALUES (69, 69, 'QQQQQQQQQQQQQQQQQQQ', 'QQQQQQQQQQQQQQQQQQQ', 'QQQQQQQQQQQQQQQQQQQ', '1981-8-13', 'QQQQQQQQQQQQQQQQQQQ');
INSERT INTO JOBS (JOB_ID, EMPLOYEE_ID, SALARY, MIN_SALARY, JOB_TITLE, START_DATE, MAX_SALARY) VALUES (70, 70, 'RRRRRRRRRRRRRRRRRRRR', 'RRRRRRRRRRRRRRRRRRRR', 'RRRRRRRRRRRRRRRRRRRR', '1959-1-1', 'RRRRRRRRRRRRRRRRRRRR');
INSERT INTO JOBS (JOB_ID, EMPLOYEE_ID, SALARY, MIN_SALARY, JOB_TITLE, START_DATE, MAX_SALARY) VALUES (71, 71, 'SSSSSSSSSSSSSSSSSSSSS', 'SSSSSSSSSSSSSSSSSSSSS', 'SSSSSSSSSSSSSSSSSSSSS', '1922-10-13', 'SSSSSSSSSSSSSSSSSSSSS');
INSERT INTO JOBS (JOB_ID, EMPLOYEE_ID, SALARY, MIN_SALARY, JOB_TITLE, START_DATE, MAX_SALARY) VALUES (72, 72, 'TTTTTTTTTTTTTTTTTTTTTT', 'TTTTTTTTTTTTTTTTTTTTTT', 'TTTTTTTTTTTTTTTTTTTTTT', '1900-10-11', 'TTTTTTTTTTTTTTTTTTTTTT');
INSERT INTO JOBS (JOB_ID, EMPLOYEE_ID, SALARY, MIN_SALARY, JOB_TITLE, START_DATE, MAX_SALARY) VALUES (73, 73, 'UUUUUUUUUUUUUUUUUUUUUUU', 'UUUUUUUUUUUUUUUUUUUUUUU', 'UUUUUUUUUUUUUUUUUUUUUUU', '1934-11-8', 'UUUUUUUUUUUUUUUUUUUUUUU');
INSERT INTO JOBS (JOB_ID, EMPLOYEE_ID, SALARY, MIN_SALARY, JOB_TITLE, START_DATE, MAX_SALARY) VALUES (74, 74, 'VVVVVVVVVVVVVVVVVVVVVVVV', 'VVVVVVVVVVVVVVVVVVVVVVVV', 'VVVVVVVVVVVVVVVVVVVVVVVV', '1931-12-7', 'VVVVVVVVVVVVVVVVVVVVVVVV');
INSERT INTO JOBS (JOB_ID, EMPLOYEE_ID, SALARY, MIN_SALARY, JOB_TITLE, START_DATE, MAX_SALARY) VALUES (75, 75, 'WWWWWWWWWWWWWWWWWWWWWWWWW', 'WWWWWWWWWWWWWWWWWWWWWWWWW', 'WWWWWWWWWWWWWWWWWWWWWWWWW', '1966-9-24', 'WWWWWWWWWWWWWWWWWWWWWWWWW');
INSERT INTO JOBS (JOB_ID, EMPLOYEE_ID, SALARY, MIN_SALARY, JOB_TITLE, START_DATE, MAX_SALARY) VALUES (76, 76, 'XXXXXXXXXXXXXXXXXXXXXXXXXX', 'XXXXXXXXXXXXXXXXXXXXXXXXXX', 'XXXXXXXXXXXXXXXXXXXXXXXXXX', '1955-9-9', 'XXXXXXXXXXXXXXXXXXXXXXXXXX');
INSERT INTO JOBS (JOB_ID, EMPLOYEE_ID, SALARY, MIN_SALARY, JOB_TITLE, START_DATE, MAX_SALARY) VALUES (77, 77, 'YYYYYYYYYYYYYYYYYYYYYYYYYYY', 'YYYYYYYYYYYYYYYYYYYYYYYYYYY', 'YYYYYYYYYYYYYYYYYYYYYYYYYYY', '1962-9-8', 'YYYYYYYYYYYYYYYYYYYYYYYYYYY');
INSERT INTO JOBS (JOB_ID, EMPLOYEE_ID, SALARY, MIN_SALARY, JOB_TITLE, START_DATE, MAX_SALARY) VALUES (78, 78, 'AAA_', 'AAA_', 'AAA_', '1934-8-18', 'AAA_');
INSERT INTO JOBS (JOB_ID, EMPLOYEE_ID, SALARY, MIN_SALARY, JOB_TITLE, START_DATE, MAX_SALARY) VALUES (79, 79, 'AAAA', 'AAAA', 'AAAA', '2007-10-26', 'AAAA');
INSERT INTO JOBS (JOB_ID, EMPLOYEE_ID, SALARY, MIN_SALARY, JOB_TITLE, START_DATE, MAX_SALARY) VALUES (80, 80, 'BBBBB', 'BBBBB', 'BBBBB', '1923-10-22', 'BBBBB');
INSERT INTO JOBS (JOB_ID, EMPLOYEE_ID, SALARY, MIN_SALARY, JOB_TITLE, START_DATE, MAX_SALARY) VALUES (81, 81, 'CCCCCC', 'CCCCCC', 'CCCCCC', '1916-10-23', 'CCCCCC');
INSERT INTO JOBS (JOB_ID, EMPLOYEE_ID, SALARY, MIN_SALARY, JOB_TITLE, START_DATE, MAX_SALARY) VALUES (82, 82, 'DDDDDDD', 'DDDDDDD', 'DDDDDDD', '1969-8-3', 'DDDDDDD');
INSERT INTO JOBS (JOB_ID, EMPLOYEE_ID, SALARY, MIN_SALARY, JOB_TITLE, START_DATE, MAX_SALARY) VALUES (83, 83, 'EEEEEEEE', 'EEEEEEEE', 'EEEEEEEE', '1919-7-11', 'EEEEEEEE');
INSERT INTO JOBS (JOB_ID, EMPLOYEE_ID, SALARY, MIN_SALARY, JOB_TITLE, START_DATE, MAX_SALARY) VALUES (84, 84, 'FFFFFFFFF', 'FFFFFFFFF', 'FFFFFFFFF', '2003-12-9', 'FFFFFFFFF');
INSERT INTO JOBS (JOB_ID, EMPLOYEE_ID, SALARY, MIN_SALARY, JOB_TITLE, START_DATE, MAX_SALARY) VALUES (85, 85, 'GGGGGGGGGG', 'GGGGGGGGGG', 'GGGGGGGGGG', '1983-7-21', 'GGGGGGGGGG');
INSERT INTO JOBS (JOB_ID, EMPLOYEE_ID, SALARY, MIN_SALARY, JOB_TITLE, START_DATE, MAX_SALARY) VALUES (86, 86, 'HHHHHHHHHHH', 'HHHHHHHHHHH', 'HHHHHHHHHHH', '1970-4-18', 'HHHHHHHHHHH');
INSERT INTO JOBS (JOB_ID, EMPLOYEE_ID, SALARY, MIN_SALARY, JOB_TITLE, START_DATE, MAX_SALARY) VALUES (87, 87, 'IIIIIIIIIIII', 'IIIIIIIIIIII', 'IIIIIIIIIIII', '1968-10-18', 'IIIIIIIIIIII');
INSERT INTO JOBS (JOB_ID, EMPLOYEE_ID, SALARY, MIN_SALARY, JOB_TITLE, START_DATE, MAX_SALARY) VALUES (88, 88, 'JJJJJJJJJJJJJ', 'JJJJJJJJJJJJJ', 'JJJJJJJJJJJJJ', '1916-6-6', 'JJJJJJJJJJJJJ');
INSERT INTO JOBS (JOB_ID, EMPLOYEE_ID, SALARY, MIN_SALARY, JOB_TITLE, START_DATE, MAX_SALARY) VALUES (89, 89, 'KKKKKKKKKKKKKK', 'KKKKKKKKKKKKKK', 'KKKKKKKKKKKKKK', '1979-8-8', 'KKKKKKKKKKKKKK');
INSERT INTO JOBS (JOB_ID, EMPLOYEE_ID, SALARY, MIN_SALARY, JOB_TITLE, START_DATE, MAX_SALARY) VALUES (90, 90, 'LLLLLLLLLLLLLLL', 'LLLLLLLLLLLLLLL', 'LLLLLLLLLLLLLLL', '1901-9-19', 'LLLLLLLLLLLLLLL');
INSERT INTO JOBS (JOB_ID, EMPLOYEE_ID, SALARY, MIN_SALARY, JOB_TITLE, START_DATE, MAX_SALARY) VALUES (91, 91, 'MMMMMMMMMMMMMMMM', 'MMMMMMMMMMMMMMMM', 'MMMMMMMMMMMMMMMM', '1960-1-22', 'MMMMMMMMMMMMMMMM');
INSERT INTO JOBS (JOB_ID, EMPLOYEE_ID, SALARY, MIN_SALARY, JOB_TITLE, START_DATE, MAX_SALARY) VALUES (92, 92, 'NNNNNNNNNNNNNNNNN', 'NNNNNNNNNNNNNNNNN', 'NNNNNNNNNNNNNNNNN', '1914-1-22', 'NNNNNNNNNNNNNNNNN');
INSERT INTO JOBS (JOB_ID, EMPLOYEE_ID, SALARY, MIN_SALARY, JOB_TITLE, START_DATE, MAX_SALARY) VALUES (93, 93, 'OOOOOOOOOOOOOOOOOO', 'OOOOOOOOOOOOOOOOOO', 'OOOOOOOOOOOOOOOOOO', '1900-9-6', 'OOOOOOOOOOOOOOOOOO');
INSERT INTO JOBS (JOB_ID, EMPLOYEE_ID, SALARY, MIN_SALARY, JOB_TITLE, START_DATE, MAX_SALARY) VALUES (94, 94, 'PPPPPPPPPPPPPPPPPPP', 'PPPPPPPPPPPPPPPPPPP', 'PPPPPPPPPPPPPPPPPPP', '1905-11-18', 'PPPPPPPPPPPPPPPPPPP');
INSERT INTO JOBS (JOB_ID, EMPLOYEE_ID, SALARY, MIN_SALARY, JOB_TITLE, START_DATE, MAX_SALARY) VALUES (95, 95, 'QQQQQQQQQQQQQQQQQQQQ', 'QQQQQQQQQQQQQQQQQQQQ', 'QQQQQQQQQQQQQQQQQQQQ', '1914-12-24', 'QQQQQQQQQQQQQQQQQQQQ');
INSERT INTO JOBS (JOB_ID, EMPLOYEE_ID, SALARY, MIN_SALARY, JOB_TITLE, START_DATE, MAX_SALARY) VALUES (96, 96, 'RRRRRRRRRRRRRRRRRRRRR', 'RRRRRRRRRRRRRRRRRRRRR', 'RRRRRRRRRRRRRRRRRRRRR', '1909-12-10', 'RRRRRRRRRRRRRRRRRRRRR');
INSERT INTO JOBS (JOB_ID, EMPLOYEE_ID, SALARY, MIN_SALARY, JOB_TITLE, START_DATE, MAX_SALARY) VALUES (97, 97, 'SSSSSSSSSSSSSSSSSSSSSS', 'SSSSSSSSSSSSSSSSSSSSSS', 'SSSSSSSSSSSSSSSSSSSSSS', '1989-6-18', 'SSSSSSSSSSSSSSSSSSSSSS');
INSERT INTO JOBS (JOB_ID, EMPLOYEE_ID, SALARY, MIN_SALARY, JOB_TITLE, START_DATE, MAX_SALARY) VALUES (98, 98, 'TTTTTTTTTTTTTTTTTTTTTTT', 'TTTTTTTTTTTTTTTTTTTTTTT', 'TTTTTTTTTTTTTTTTTTTTTTT', '2005-9-13', 'TTTTTTTTTTTTTTTTTTTTTTT');
INSERT INTO JOBS (JOB_ID, EMPLOYEE_ID, SALARY, MIN_SALARY, JOB_TITLE, START_DATE, MAX_SALARY) VALUES (99, 99, 'UUUUUUUUUUUUUUUUUUUUUUUU', 'UUUUUUUUUUUUUUUUUUUUUUUU', 'UUUUUUUUUUUUUUUUUUUUUUUU', '1962-1-18', 'UUUUUUUUUUUUUUUUUUUUUUUU');
INSERT INTO JOBS (JOB_ID, EMPLOYEE_ID, SALARY, MIN_SALARY, JOB_TITLE, START_DATE, MAX_SALARY) VALUES (100, 100, 'VVVVVVVVVVVVVVVVVVVVVVVVV', 'VVVVVVVVVVVVVVVVVVVVVVVVV', 'VVVVVVVVVVVVVVVVVVVVVVVVV', '1937-7-9', 'VVVVVVVVVVVVVVVVVVVVVVVVV');
/* ------------- JOB_HISTORY ---------------- */ 
INSERT INTO JOB_HISTORY (JOB_ID, EMPLOYEE_ID, SALARY, DEPARTMENT_ID, JOB_TITLE, START_DATE, END_DATE) VALUES (1, 1, 'A', 1, 'A', '1966-1-21', '1971-1-21');
INSERT INTO JOB_HISTORY (JOB_ID, EMPLOYEE_ID, SALARY, DEPARTMENT_ID, JOB_TITLE, START_DATE, END_DATE) VALUES (2, 2, 'B', 2, 'B', '1939-8-5', '1944-8-5');
INSERT INTO JOB_HISTORY (JOB_ID, EMPLOYEE_ID, SALARY, DEPARTMENT_ID, JOB_TITLE, START_DATE, END_DATE) VALUES (3, 3, 'C', 3, 'C', '1990-11-16', '1995-11-16');
INSERT INTO JOB_HISTORY (JOB_ID, EMPLOYEE_ID, SALARY, DEPARTMENT_ID, JOB_TITLE, START_DATE, END_DATE) VALUES (4, 4, 'D', 4, 'D', '1958-1-22', '1963-1-22');
INSERT INTO JOB_HISTORY (JOB_ID, EMPLOYEE_ID, SALARY, DEPARTMENT_ID, JOB_TITLE, START_DATE, END_DATE) VALUES (5, 5, 'E', 5, 'E', '1939-7-20', '1944-7-20');
INSERT INTO JOB_HISTORY (JOB_ID, EMPLOYEE_ID, SALARY, DEPARTMENT_ID, JOB_TITLE, START_DATE, END_DATE) VALUES (6, 6, 'F', 6, 'F', '2003-3-16', '2008-3-16');
INSERT INTO JOB_HISTORY (JOB_ID, EMPLOYEE_ID, SALARY, DEPARTMENT_ID, JOB_TITLE, START_DATE, END_DATE) VALUES (7, 7, 'G', 7, 'G', '1969-10-7', '1974-10-7');
INSERT INTO JOB_HISTORY (JOB_ID, EMPLOYEE_ID, SALARY, DEPARTMENT_ID, JOB_TITLE, START_DATE, END_DATE) VALUES (8, 8, 'H', 8, 'H', '1964-9-7', '1969-9-7');
INSERT INTO JOB_HISTORY (JOB_ID, EMPLOYEE_ID, SALARY, DEPARTMENT_ID, JOB_TITLE, START_DATE, END_DATE) VALUES (9, 9, 'I', 9, 'I', '1976-2-17', '1981-2-17');
INSERT INTO JOB_HISTORY (JOB_ID, EMPLOYEE_ID, SALARY, DEPARTMENT_ID, JOB_TITLE, START_DATE, END_DATE) VALUES (10, 10, 'J', 10, 'J', '1979-11-21', '1984-11-21');
INSERT INTO JOB_HISTORY (JOB_ID, EMPLOYEE_ID, SALARY, DEPARTMENT_ID, JOB_TITLE, START_DATE, END_DATE) VALUES (11, 11, 'K', 11, 'K', '1918-12-23', '1923-12-23');
INSERT INTO JOB_HISTORY (JOB_ID, EMPLOYEE_ID, SALARY, DEPARTMENT_ID, JOB_TITLE, START_DATE, END_DATE) VALUES (12, 12, 'L', 12, 'L', '1960-3-6', '1965-3-6');
INSERT INTO JOB_HISTORY (JOB_ID, EMPLOYEE_ID, SALARY, DEPARTMENT_ID, JOB_TITLE, START_DATE, END_DATE) VALUES (13, 13, 'M', 13, 'M', '1967-4-4', '1972-4-4');
INSERT INTO JOB_HISTORY (JOB_ID, EMPLOYEE_ID, SALARY, DEPARTMENT_ID, JOB_TITLE, START_DATE, END_DATE) VALUES (14, 14, 'N', 14, 'N', '1913-9-9', '1918-9-9');
INSERT INTO JOB_HISTORY (JOB_ID, EMPLOYEE_ID, SALARY, DEPARTMENT_ID, JOB_TITLE, START_DATE, END_DATE) VALUES (15, 15, 'O', 15, 'O', '2021-5-19', '2026-5-19');
INSERT INTO JOB_HISTORY (JOB_ID, EMPLOYEE_ID, SALARY, DEPARTMENT_ID, JOB_TITLE, START_DATE, END_DATE) VALUES (16, 16, 'P', 16, 'P', '2004-4-19', '2009-4-19');
INSERT INTO JOB_HISTORY (JOB_ID, EMPLOYEE_ID, SALARY, DEPARTMENT_ID, JOB_TITLE, START_DATE, END_DATE) VALUES (17, 17, 'Q', 17, 'Q', '1939-3-19', '1944-3-19');
INSERT INTO JOB_HISTORY (JOB_ID, EMPLOYEE_ID, SALARY, DEPARTMENT_ID, JOB_TITLE, START_DATE, END_DATE) VALUES (18, 18, 'R', 18, 'R', '1965-6-9', '1970-6-9');
INSERT INTO JOB_HISTORY (JOB_ID, EMPLOYEE_ID, SALARY, DEPARTMENT_ID, JOB_TITLE, START_DATE, END_DATE) VALUES (19, 19, 'S', 19, 'S', '1915-5-22', '1920-5-22');
INSERT INTO JOB_HISTORY (JOB_ID, EMPLOYEE_ID, SALARY, DEPARTMENT_ID, JOB_TITLE, START_DATE, END_DATE) VALUES (20, 20, 'T', 20, 'T', '2000-7-20', '2005-7-20');
INSERT INTO JOB_HISTORY (JOB_ID, EMPLOYEE_ID, SALARY, DEPARTMENT_ID, JOB_TITLE, START_DATE, END_DATE) VALUES (21, 21, 'U', 21, 'U', '1943-4-22', '1948-4-22');
INSERT INTO JOB_HISTORY (JOB_ID, EMPLOYEE_ID, SALARY, DEPARTMENT_ID, JOB_TITLE, START_DATE, END_DATE) VALUES (22, 22, 'V', 22, 'V', '1999-1-3', '2004-1-3');
INSERT INTO JOB_HISTORY (JOB_ID, EMPLOYEE_ID, SALARY, DEPARTMENT_ID, JOB_TITLE, START_DATE, END_DATE) VALUES (23, 23, 'W', 23, 'W', '1939-4-22', '1944-4-22');
INSERT INTO JOB_HISTORY (JOB_ID, EMPLOYEE_ID, SALARY, DEPARTMENT_ID, JOB_TITLE, START_DATE, END_DATE) VALUES (24, 24, 'X', 24, 'X', '1963-3-6', '1968-3-6');
INSERT INTO JOB_HISTORY (JOB_ID, EMPLOYEE_ID, SALARY, DEPARTMENT_ID, JOB_TITLE, START_DATE, END_DATE) VALUES (25, 25, 'Y', 25, 'Y', '1993-10-9', '1998-10-9');
INSERT INTO JOB_HISTORY (JOB_ID, EMPLOYEE_ID, SALARY, DEPARTMENT_ID, JOB_TITLE, START_DATE, END_DATE) VALUES (26, 26, 'Z', 26, 'Z', '2011-3-19', '2016-3-19');
INSERT INTO JOB_HISTORY (JOB_ID, EMPLOYEE_ID, SALARY, DEPARTMENT_ID, JOB_TITLE, START_DATE, END_DATE) VALUES (27, 27, 'AA', 27, 'AA', '1918-4-16', '1923-4-16');
INSERT INTO JOB_HISTORY (JOB_ID, EMPLOYEE_ID, SALARY, DEPARTMENT_ID, JOB_TITLE, START_DATE, END_DATE) VALUES (28, 28, 'BBB', 28, 'BBB', '1960-9-4', '1965-9-4');
INSERT INTO JOB_HISTORY (JOB_ID, EMPLOYEE_ID, SALARY, DEPARTMENT_ID, JOB_TITLE, START_DATE, END_DATE) VALUES (29, 29, 'CCCC', 29, 'CCCC', '1960-3-19', '1965-3-19');
INSERT INTO JOB_HISTORY (JOB_ID, EMPLOYEE_ID, SALARY, DEPARTMENT_ID, JOB_TITLE, START_DATE, END_DATE) VALUES (30, 30, 'DDDDD', 30, 'DDDDD', '1945-3-16', '1950-3-16');
INSERT INTO JOB_HISTORY (JOB_ID, EMPLOYEE_ID, SALARY, DEPARTMENT_ID, JOB_TITLE, START_DATE, END_DATE) VALUES (31, 31, 'EEEEEE', 31, 'EEEEEE', '1957-8-17', '1962-8-17');
INSERT INTO JOB_HISTORY (JOB_ID, EMPLOYEE_ID, SALARY, DEPARTMENT_ID, JOB_TITLE, START_DATE, END_DATE) VALUES (32, 32, 'FFFFFFF', 32, 'FFFFFFF', '1984-1-18', '1989-1-18');
INSERT INTO JOB_HISTORY (JOB_ID, EMPLOYEE_ID, SALARY, DEPARTMENT_ID, JOB_TITLE, START_DATE, END_DATE) VALUES (33, 33, 'GGGGGGGG', 33, 'GGGGGGGG', '1966-3-1', '1971-3-1');
INSERT INTO JOB_HISTORY (JOB_ID, EMPLOYEE_ID, SALARY, DEPARTMENT_ID, JOB_TITLE, START_DATE, END_DATE) VALUES (34, 34, 'HHHHHHHHH', 34, 'HHHHHHHHH', '1973-10-26', '1978-10-26');
INSERT INTO JOB_HISTORY (JOB_ID, EMPLOYEE_ID, SALARY, DEPARTMENT_ID, JOB_TITLE, START_DATE, END_DATE) VALUES (35, 35, 'IIIIIIIIII', 35, 'IIIIIIIIII', '1913-9-17', '1918-9-17');
INSERT INTO JOB_HISTORY (JOB_ID, EMPLOYEE_ID, SALARY, DEPARTMENT_ID, JOB_TITLE, START_DATE, END_DATE) VALUES (36, 36, 'JJJJJJJJJJJ', 36, 'JJJJJJJJJJJ', '1997-12-22', '2002-12-22');
INSERT INTO JOB_HISTORY (JOB_ID, EMPLOYEE_ID, SALARY, DEPARTMENT_ID, JOB_TITLE, START_DATE, END_DATE) VALUES (37, 37, 'KKKKKKKKKKKK', 37, 'KKKKKKKKKKKK', '1949-7-20', '1954-7-20');
INSERT INTO JOB_HISTORY (JOB_ID, EMPLOYEE_ID, SALARY, DEPARTMENT_ID, JOB_TITLE, START_DATE, END_DATE) VALUES (38, 38, 'LLLLLLLLLLLLL', 38, 'LLLLLLLLLLLLL', '1948-10-28', '1953-10-28');
INSERT INTO JOB_HISTORY (JOB_ID, EMPLOYEE_ID, SALARY, DEPARTMENT_ID, JOB_TITLE, START_DATE, END_DATE) VALUES (39, 39, 'MMMMMMMMMMMMMM', 39, 'MMMMMMMMMMMMMM', '1945-1-9', '1950-1-9');
INSERT INTO JOB_HISTORY (JOB_ID, EMPLOYEE_ID, SALARY, DEPARTMENT_ID, JOB_TITLE, START_DATE, END_DATE) VALUES (40, 40, 'NNNNNNNNNNNNNNN', 40, 'NNNNNNNNNNNNNNN', '1991-4-8', '1996-4-8');
INSERT INTO JOB_HISTORY (JOB_ID, EMPLOYEE_ID, SALARY, DEPARTMENT_ID, JOB_TITLE, START_DATE, END_DATE) VALUES (41, 41, 'OOOOOOOOOOOOOOOO', 41, 'OOOOOOOOOOOOOOOO', '1971-12-7', '1976-12-7');
INSERT INTO JOB_HISTORY (JOB_ID, EMPLOYEE_ID, SALARY, DEPARTMENT_ID, JOB_TITLE, START_DATE, END_DATE) VALUES (42, 42, 'PPPPPPPPPPPPPPPPP', 42, 'PPPPPPPPPPPPPPPPP', '2012-1-25', '2017-1-25');
INSERT INTO JOB_HISTORY (JOB_ID, EMPLOYEE_ID, SALARY, DEPARTMENT_ID, JOB_TITLE, START_DATE, END_DATE) VALUES (43, 43, 'QQQQQQQQQQQQQQQQQQ', 43, 'QQQQQQQQQQQQQQQQQQ', '1973-9-23', '1978-9-23');
INSERT INTO JOB_HISTORY (JOB_ID, EMPLOYEE_ID, SALARY, DEPARTMENT_ID, JOB_TITLE, START_DATE, END_DATE) VALUES (44, 44, 'RRRRRRRRRRRRRRRRRRR', 44, 'RRRRRRRRRRRRRRRRRRR', '1916-4-3', '1921-4-3');
INSERT INTO JOB_HISTORY (JOB_ID, EMPLOYEE_ID, SALARY, DEPARTMENT_ID, JOB_TITLE, START_DATE, END_DATE) VALUES (45, 45, 'SSSSSSSSSSSSSSSSSSSS', 45, 'SSSSSSSSSSSSSSSSSSSS', '1971-7-2', '1976-7-2');
INSERT INTO JOB_HISTORY (JOB_ID, EMPLOYEE_ID, SALARY, DEPARTMENT_ID, JOB_TITLE, START_DATE, END_DATE) VALUES (46, 46, 'TTTTTTTTTTTTTTTTTTTTT', 46, 'TTTTTTTTTTTTTTTTTTTTT', '1947-12-16', '1952-12-16');
INSERT INTO JOB_HISTORY (JOB_ID, EMPLOYEE_ID, SALARY, DEPARTMENT_ID, JOB_TITLE, START_DATE, END_DATE) VALUES (47, 47, 'UUUUUUUUUUUUUUUUUUUUUU', 47, 'UUUUUUUUUUUUUUUUUUUUUU', '1993-10-10', '1998-10-10');
INSERT INTO JOB_HISTORY (JOB_ID, EMPLOYEE_ID, SALARY, DEPARTMENT_ID, JOB_TITLE, START_DATE, END_DATE) VALUES (48, 48, 'VVVVVVVVVVVVVVVVVVVVVVV', 48, 'VVVVVVVVVVVVVVVVVVVVVVV', '1935-2-14', '1940-2-14');
INSERT INTO JOB_HISTORY (JOB_ID, EMPLOYEE_ID, SALARY, DEPARTMENT_ID, JOB_TITLE, START_DATE, END_DATE) VALUES (49, 49, 'WWWWWWWWWWWWWWWWWWWWWWWW', 49, 'WWWWWWWWWWWWWWWWWWWWWWWW', '1900-10-6', '1905-10-6');
INSERT INTO JOB_HISTORY (JOB_ID, EMPLOYEE_ID, SALARY, DEPARTMENT_ID, JOB_TITLE, START_DATE, END_DATE) VALUES (50, 50, 'XXXXXXXXXXXXXXXXXXXXXXXXX', 50, 'XXXXXXXXXXXXXXXXXXXXXXXXX', '1943-8-2', '1948-8-2');
INSERT INTO JOB_HISTORY (JOB_ID, EMPLOYEE_ID, SALARY, DEPARTMENT_ID, JOB_TITLE, START_DATE, END_DATE) VALUES (51, 51, 'YYYYYYYYYYYYYYYYYYYYYYYYYY', 51, 'YYYYYYYYYYYYYYYYYYYYYYYYYY', '1936-1-9', '1941-1-9');
INSERT INTO JOB_HISTORY (JOB_ID, EMPLOYEE_ID, SALARY, DEPARTMENT_ID, JOB_TITLE, START_DATE, END_DATE) VALUES (52, 52, 'AA_', 52, 'AA_', '1903-6-1', '1908-6-1');
INSERT INTO JOB_HISTORY (JOB_ID, EMPLOYEE_ID, SALARY, DEPARTMENT_ID, JOB_TITLE, START_DATE, END_DATE) VALUES (53, 53, 'AAA', 53, 'AAA', '1994-10-8', '1999-10-8');
INSERT INTO JOB_HISTORY (JOB_ID, EMPLOYEE_ID, SALARY, DEPARTMENT_ID, JOB_TITLE, START_DATE, END_DATE) VALUES (54, 54, 'BBBB', 54, 'BBBB', '1907-3-6', '1912-3-6');
INSERT INTO JOB_HISTORY (JOB_ID, EMPLOYEE_ID, SALARY, DEPARTMENT_ID, JOB_TITLE, START_DATE, END_DATE) VALUES (55, 55, 'CCCCC', 55, 'CCCCC', '1986-2-10', '1991-2-10');
INSERT INTO JOB_HISTORY (JOB_ID, EMPLOYEE_ID, SALARY, DEPARTMENT_ID, JOB_TITLE, START_DATE, END_DATE) VALUES (56, 56, 'DDDDDD', 56, 'DDDDDD', '1930-6-16', '1935-6-16');
INSERT INTO JOB_HISTORY (JOB_ID, EMPLOYEE_ID, SALARY, DEPARTMENT_ID, JOB_TITLE, START_DATE, END_DATE) VALUES (57, 57, 'EEEEEEE', 57, 'EEEEEEE', '1959-4-17', '1964-4-17');
INSERT INTO JOB_HISTORY (JOB_ID, EMPLOYEE_ID, SALARY, DEPARTMENT_ID, JOB_TITLE, START_DATE, END_DATE) VALUES (58, 58, 'FFFFFFFF', 58, 'FFFFFFFF', '2006-11-13', '2011-11-13');
INSERT INTO JOB_HISTORY (JOB_ID, EMPLOYEE_ID, SALARY, DEPARTMENT_ID, JOB_TITLE, START_DATE, END_DATE) VALUES (59, 59, 'GGGGGGGGG', 59, 'GGGGGGGGG', '1979-9-1', '1984-9-1');
INSERT INTO JOB_HISTORY (JOB_ID, EMPLOYEE_ID, SALARY, DEPARTMENT_ID, JOB_TITLE, START_DATE, END_DATE) VALUES (60, 60, 'HHHHHHHHHH', 60, 'HHHHHHHHHH', '2002-7-3', '2007-7-3');
INSERT INTO JOB_HISTORY (JOB_ID, EMPLOYEE_ID, SALARY, DEPARTMENT_ID, JOB_TITLE, START_DATE, END_DATE) VALUES (61, 61, 'IIIIIIIIIII', 61, 'IIIIIIIIIII', '1973-9-2', '1978-9-2');
INSERT INTO JOB_HISTORY (JOB_ID, EMPLOYEE_ID, SALARY, DEPARTMENT_ID, JOB_TITLE, START_DATE, END_DATE) VALUES (62, 62, 'JJJJJJJJJJJJ', 62, 'JJJJJJJJJJJJ', '1999-11-27', '2004-11-27');
INSERT INTO JOB_HISTORY (JOB_ID, EMPLOYEE_ID, SALARY, DEPARTMENT_ID, JOB_TITLE, START_DATE, END_DATE) VALUES (63, 63, 'KKKKKKKKKKKKK', 63, 'KKKKKKKKKKKKK', '2021-10-7', '2026-10-7');
INSERT INTO JOB_HISTORY (JOB_ID, EMPLOYEE_ID, SALARY, DEPARTMENT_ID, JOB_TITLE, START_DATE, END_DATE) VALUES (64, 64, 'LLLLLLLLLLLLLL', 64, 'LLLLLLLLLLLLLL', '2017-6-19', '2022-6-19');
INSERT INTO JOB_HISTORY (JOB_ID, EMPLOYEE_ID, SALARY, DEPARTMENT_ID, JOB_TITLE, START_DATE, END_DATE) VALUES (65, 65, 'MMMMMMMMMMMMMMM', 65, 'MMMMMMMMMMMMMMM', '1927-9-4', '1932-9-4');
INSERT INTO JOB_HISTORY (JOB_ID, EMPLOYEE_ID, SALARY, DEPARTMENT_ID, JOB_TITLE, START_DATE, END_DATE) VALUES (66, 66, 'NNNNNNNNNNNNNNNN', 66, 'NNNNNNNNNNNNNNNN', '1980-11-21', '1985-11-21');
INSERT INTO JOB_HISTORY (JOB_ID, EMPLOYEE_ID, SALARY, DEPARTMENT_ID, JOB_TITLE, START_DATE, END_DATE) VALUES (67, 67, 'OOOOOOOOOOOOOOOOO', 67, 'OOOOOOOOOOOOOOOOO', '1928-12-6', '1933-12-6');
INSERT INTO JOB_HISTORY (JOB_ID, EMPLOYEE_ID, SALARY, DEPARTMENT_ID, JOB_TITLE, START_DATE, END_DATE) VALUES (68, 68, 'PPPPPPPPPPPPPPPPPP', 68, 'PPPPPPPPPPPPPPPPPP', '1911-8-11', '1916-8-11');
INSERT INTO JOB_HISTORY (JOB_ID, EMPLOYEE_ID, SALARY, DEPARTMENT_ID, JOB_TITLE, START_DATE, END_DATE) VALUES (69, 69, 'QQQQQQQQQQQQQQQQQQQ', 69, 'QQQQQQQQQQQQQQQQQQQ', '1981-8-13', '1986-8-13');
INSERT INTO JOB_HISTORY (JOB_ID, EMPLOYEE_ID, SALARY, DEPARTMENT_ID, JOB_TITLE, START_DATE, END_DATE) VALUES (70, 70, 'RRRRRRRRRRRRRRRRRRRR', 70, 'RRRRRRRRRRRRRRRRRRRR', '1959-1-1', '1964-1-1');
INSERT INTO JOB_HISTORY (JOB_ID, EMPLOYEE_ID, SALARY, DEPARTMENT_ID, JOB_TITLE, START_DATE, END_DATE) VALUES (71, 71, 'SSSSSSSSSSSSSSSSSSSSS', 71, 'SSSSSSSSSSSSSSSSSSSSS', '1922-10-13', '1927-10-13');
INSERT INTO JOB_HISTORY (JOB_ID, EMPLOYEE_ID, SALARY, DEPARTMENT_ID, JOB_TITLE, START_DATE, END_DATE) VALUES (72, 72, 'TTTTTTTTTTTTTTTTTTTTTT', 72, 'TTTTTTTTTTTTTTTTTTTTTT', '1900-10-11', '1905-10-11');
INSERT INTO JOB_HISTORY (JOB_ID, EMPLOYEE_ID, SALARY, DEPARTMENT_ID, JOB_TITLE, START_DATE, END_DATE) VALUES (73, 73, 'UUUUUUUUUUUUUUUUUUUUUUU', 73, 'UUUUUUUUUUUUUUUUUUUUUUU', '1934-11-8', '1939-11-8');
INSERT INTO JOB_HISTORY (JOB_ID, EMPLOYEE_ID, SALARY, DEPARTMENT_ID, JOB_TITLE, START_DATE, END_DATE) VALUES (74, 74, 'VVVVVVVVVVVVVVVVVVVVVVVV', 74, 'VVVVVVVVVVVVVVVVVVVVVVVV', '1931-12-7', '1936-12-7');
INSERT INTO JOB_HISTORY (JOB_ID, EMPLOYEE_ID, SALARY, DEPARTMENT_ID, JOB_TITLE, START_DATE, END_DATE) VALUES (75, 75, 'WWWWWWWWWWWWWWWWWWWWWWWWW', 75, 'WWWWWWWWWWWWWWWWWWWWWWWWW', '1966-9-24', '1971-9-24');
INSERT INTO JOB_HISTORY (JOB_ID, EMPLOYEE_ID, SALARY, DEPARTMENT_ID, JOB_TITLE, START_DATE, END_DATE) VALUES (76, 76, 'XXXXXXXXXXXXXXXXXXXXXXXXXX', 76, 'XXXXXXXXXXXXXXXXXXXXXXXXXX', '1955-9-9', '1960-9-9');
INSERT INTO JOB_HISTORY (JOB_ID, EMPLOYEE_ID, SALARY, DEPARTMENT_ID, JOB_TITLE, START_DATE, END_DATE) VALUES (77, 77, 'YYYYYYYYYYYYYYYYYYYYYYYYYYY', 77, 'YYYYYYYYYYYYYYYYYYYYYYYYYYY', '1962-9-8', '1967-9-8');
INSERT INTO JOB_HISTORY (JOB_ID, EMPLOYEE_ID, SALARY, DEPARTMENT_ID, JOB_TITLE, START_DATE, END_DATE) VALUES (78, 78, 'AAA_', 78, 'AAA_', '1934-8-18', '1939-8-18');
INSERT INTO JOB_HISTORY (JOB_ID, EMPLOYEE_ID, SALARY, DEPARTMENT_ID, JOB_TITLE, START_DATE, END_DATE) VALUES (79, 79, 'AAAA', 79, 'AAAA', '2007-10-26', '2012-10-26');
INSERT INTO JOB_HISTORY (JOB_ID, EMPLOYEE_ID, SALARY, DEPARTMENT_ID, JOB_TITLE, START_DATE, END_DATE) VALUES (80, 80, 'BBBBB', 80, 'BBBBB', '1923-10-22', '1928-10-22');
INSERT INTO JOB_HISTORY (JOB_ID, EMPLOYEE_ID, SALARY, DEPARTMENT_ID, JOB_TITLE, START_DATE, END_DATE) VALUES (81, 81, 'CCCCCC', 81, 'CCCCCC', '1916-10-23', '1921-10-23');
INSERT INTO JOB_HISTORY (JOB_ID, EMPLOYEE_ID, SALARY, DEPARTMENT_ID, JOB_TITLE, START_DATE, END_DATE) VALUES (82, 82, 'DDDDDDD', 82, 'DDDDDDD', '1969-8-3', '1974-8-3');
INSERT INTO JOB_HISTORY (JOB_ID, EMPLOYEE_ID, SALARY, DEPARTMENT_ID, JOB_TITLE, START_DATE, END_DATE) VALUES (83, 83, 'EEEEEEEE', 83, 'EEEEEEEE', '1919-7-11', '1924-7-11');
INSERT INTO JOB_HISTORY (JOB_ID, EMPLOYEE_ID, SALARY, DEPARTMENT_ID, JOB_TITLE, START_DATE, END_DATE) VALUES (84, 84, 'FFFFFFFFF', 84, 'FFFFFFFFF', '2003-12-9', '2008-12-9');
INSERT INTO JOB_HISTORY (JOB_ID, EMPLOYEE_ID, SALARY, DEPARTMENT_ID, JOB_TITLE, START_DATE, END_DATE) VALUES (85, 85, 'GGGGGGGGGG', 85, 'GGGGGGGGGG', '1983-7-21', '1988-7-21');
INSERT INTO JOB_HISTORY (JOB_ID, EMPLOYEE_ID, SALARY, DEPARTMENT_ID, JOB_TITLE, START_DATE, END_DATE) VALUES (86, 86, 'HHHHHHHHHHH', 86, 'HHHHHHHHHHH', '1970-4-18', '1975-4-18');
INSERT INTO JOB_HISTORY (JOB_ID, EMPLOYEE_ID, SALARY, DEPARTMENT_ID, JOB_TITLE, START_DATE, END_DATE) VALUES (87, 87, 'IIIIIIIIIIII', 87, 'IIIIIIIIIIII', '1968-10-18', '1973-10-18');
INSERT INTO JOB_HISTORY (JOB_ID, EMPLOYEE_ID, SALARY, DEPARTMENT_ID, JOB_TITLE, START_DATE, END_DATE) VALUES (88, 88, 'JJJJJJJJJJJJJ', 88, 'JJJJJJJJJJJJJ', '1916-6-6', '1921-6-6');
INSERT INTO JOB_HISTORY (JOB_ID, EMPLOYEE_ID, SALARY, DEPARTMENT_ID, JOB_TITLE, START_DATE, END_DATE) VALUES (89, 89, 'KKKKKKKKKKKKKK', 89, 'KKKKKKKKKKKKKK', '1979-8-8', '1984-8-8');
INSERT INTO JOB_HISTORY (JOB_ID, EMPLOYEE_ID, SALARY, DEPARTMENT_ID, JOB_TITLE, START_DATE, END_DATE) VALUES (90, 90, 'LLLLLLLLLLLLLLL', 90, 'LLLLLLLLLLLLLLL', '1901-9-19', '1906-9-19');
INSERT INTO JOB_HISTORY (JOB_ID, EMPLOYEE_ID, SALARY, DEPARTMENT_ID, JOB_TITLE, START_DATE, END_DATE) VALUES (91, 91, 'MMMMMMMMMMMMMMMM', 91, 'MMMMMMMMMMMMMMMM', '1960-1-22', '1965-1-22');
INSERT INTO JOB_HISTORY (JOB_ID, EMPLOYEE_ID, SALARY, DEPARTMENT_ID, JOB_TITLE, START_DATE, END_DATE) VALUES (92, 92, 'NNNNNNNNNNNNNNNNN', 92, 'NNNNNNNNNNNNNNNNN', '1914-1-22', '1919-1-22');
INSERT INTO JOB_HISTORY (JOB_ID, EMPLOYEE_ID, SALARY, DEPARTMENT_ID, JOB_TITLE, START_DATE, END_DATE) VALUES (93, 93, 'OOOOOOOOOOOOOOOOOO', 93, 'OOOOOOOOOOOOOOOOOO', '1900-9-6', '1905-9-6');
INSERT INTO JOB_HISTORY (JOB_ID, EMPLOYEE_ID, SALARY, DEPARTMENT_ID, JOB_TITLE, START_DATE, END_DATE) VALUES (94, 94, 'PPPPPPPPPPPPPPPPPPP', 94, 'PPPPPPPPPPPPPPPPPPP', '1905-11-18', '1910-11-18');
INSERT INTO JOB_HISTORY (JOB_ID, EMPLOYEE_ID, SALARY, DEPARTMENT_ID, JOB_TITLE, START_DATE, END_DATE) VALUES (95, 95, 'QQQQQQQQQQQQQQQQQQQQ', 95, 'QQQQQQQQQQQQQQQQQQQQ', '1914-12-24', '1919-12-24');
INSERT INTO JOB_HISTORY (JOB_ID, EMPLOYEE_ID, SALARY, DEPARTMENT_ID, JOB_TITLE, START_DATE, END_DATE) VALUES (96, 96, 'RRRRRRRRRRRRRRRRRRRRR', 96, 'RRRRRRRRRRRRRRRRRRRRR', '1909-12-10', '1914-12-10');
INSERT INTO JOB_HISTORY (JOB_ID, EMPLOYEE_ID, SALARY, DEPARTMENT_ID, JOB_TITLE, START_DATE, END_DATE) VALUES (97, 97, 'SSSSSSSSSSSSSSSSSSSSSS', 97, 'SSSSSSSSSSSSSSSSSSSSSS', '1989-6-18', '1994-6-18');
INSERT INTO JOB_HISTORY (JOB_ID, EMPLOYEE_ID, SALARY, DEPARTMENT_ID, JOB_TITLE, START_DATE, END_DATE) VALUES (98, 98, 'TTTTTTTTTTTTTTTTTTTTTTT', 98, 'TTTTTTTTTTTTTTTTTTTTTTT', '2005-9-13', '2010-9-13');
INSERT INTO JOB_HISTORY (JOB_ID, EMPLOYEE_ID, SALARY, DEPARTMENT_ID, JOB_TITLE, START_DATE, END_DATE) VALUES (99, 99, 'UUUUUUUUUUUUUUUUUUUUUUUU', 99, 'UUUUUUUUUUUUUUUUUUUUUUUU', '1962-1-18', '1967-1-18');
INSERT INTO JOB_HISTORY (JOB_ID, EMPLOYEE_ID, SALARY, DEPARTMENT_ID, JOB_TITLE, START_DATE, END_DATE) VALUES (100, 100, 'VVVVVVVVVVVVVVVVVVVVVVVVV', 100, 'VVVVVVVVVVVVVVVVVVVVVVVVV', '1937-7-9', '1942-7-9');
/* ------------- LOCATION ---------------- */ 
INSERT INTO LOCATION (DATE, START_LOCATION, CURRENT_LOCATION, CUSTOMER_ID, LOCATION_NAME, LOCATION_ID) VALUES ('1966-1-21', 'A', 'A', 1, 'A', 1);
INSERT INTO LOCATION (DATE, START_LOCATION, CURRENT_LOCATION, CUSTOMER_ID, LOCATION_NAME, LOCATION_ID) VALUES ('1939-8-5', 'B', 'B', 2, 'B', 2);
INSERT INTO LOCATION (DATE, START_LOCATION, CURRENT_LOCATION, CUSTOMER_ID, LOCATION_NAME, LOCATION_ID) VALUES ('1990-11-16', 'C', 'C', 3, 'C', 3);
INSERT INTO LOCATION (DATE, START_LOCATION, CURRENT_LOCATION, CUSTOMER_ID, LOCATION_NAME, LOCATION_ID) VALUES ('1958-1-22', 'D', 'D', 4, 'D', 4);
INSERT INTO LOCATION (DATE, START_LOCATION, CURRENT_LOCATION, CUSTOMER_ID, LOCATION_NAME, LOCATION_ID) VALUES ('1939-7-20', 'E', 'E', 5, 'E', 5);
INSERT INTO LOCATION (DATE, START_LOCATION, CURRENT_LOCATION, CUSTOMER_ID, LOCATION_NAME, LOCATION_ID) VALUES ('2003-3-16', 'F', 'F', 6, 'F', 6);
INSERT INTO LOCATION (DATE, START_LOCATION, CURRENT_LOCATION, CUSTOMER_ID, LOCATION_NAME, LOCATION_ID) VALUES ('1969-10-7', 'G', 'G', 7, 'G', 7);
INSERT INTO LOCATION (DATE, START_LOCATION, CURRENT_LOCATION, CUSTOMER_ID, LOCATION_NAME, LOCATION_ID) VALUES ('1964-9-7', 'H', 'H', 8, 'H', 8);
INSERT INTO LOCATION (DATE, START_LOCATION, CURRENT_LOCATION, CUSTOMER_ID, LOCATION_NAME, LOCATION_ID) VALUES ('1976-2-17', 'I', 'I', 9, 'I', 9);
INSERT INTO LOCATION (DATE, START_LOCATION, CURRENT_LOCATION, CUSTOMER_ID, LOCATION_NAME, LOCATION_ID) VALUES ('1979-11-21', 'J', 'J', 10, 'J', 10);
INSERT INTO LOCATION (DATE, START_LOCATION, CURRENT_LOCATION, CUSTOMER_ID, LOCATION_NAME, LOCATION_ID) VALUES ('1918-12-23', 'K', 'K', 11, 'K', 11);
INSERT INTO LOCATION (DATE, START_LOCATION, CURRENT_LOCATION, CUSTOMER_ID, LOCATION_NAME, LOCATION_ID) VALUES ('1960-3-6', 'L', 'L', 12, 'L', 12);
INSERT INTO LOCATION (DATE, START_LOCATION, CURRENT_LOCATION, CUSTOMER_ID, LOCATION_NAME, LOCATION_ID) VALUES ('1967-4-4', 'M', 'M', 13, 'M', 13);
INSERT INTO LOCATION (DATE, START_LOCATION, CURRENT_LOCATION, CUSTOMER_ID, LOCATION_NAME, LOCATION_ID) VALUES ('1913-9-9', 'N', 'N', 14, 'N', 14);
INSERT INTO LOCATION (DATE, START_LOCATION, CURRENT_LOCATION, CUSTOMER_ID, LOCATION_NAME, LOCATION_ID) VALUES ('2021-5-19', 'O', 'O', 15, 'O', 15);
INSERT INTO LOCATION (DATE, START_LOCATION, CURRENT_LOCATION, CUSTOMER_ID, LOCATION_NAME, LOCATION_ID) VALUES ('2004-4-19', 'P', 'P', 16, 'P', 16);
INSERT INTO LOCATION (DATE, START_LOCATION, CURRENT_LOCATION, CUSTOMER_ID, LOCATION_NAME, LOCATION_ID) VALUES ('1939-3-19', 'Q', 'Q', 17, 'Q', 17);
INSERT INTO LOCATION (DATE, START_LOCATION, CURRENT_LOCATION, CUSTOMER_ID, LOCATION_NAME, LOCATION_ID) VALUES ('1965-6-9', 'R', 'R', 18, 'R', 18);
INSERT INTO LOCATION (DATE, START_LOCATION, CURRENT_LOCATION, CUSTOMER_ID, LOCATION_NAME, LOCATION_ID) VALUES ('1915-5-22', 'S', 'S', 19, 'S', 19);
INSERT INTO LOCATION (DATE, START_LOCATION, CURRENT_LOCATION, CUSTOMER_ID, LOCATION_NAME, LOCATION_ID) VALUES ('2000-7-20', 'T', 'T', 20, 'T', 20);
INSERT INTO LOCATION (DATE, START_LOCATION, CURRENT_LOCATION, CUSTOMER_ID, LOCATION_NAME, LOCATION_ID) VALUES ('1943-4-22', 'U', 'U', 21, 'U', 21);
INSERT INTO LOCATION (DATE, START_LOCATION, CURRENT_LOCATION, CUSTOMER_ID, LOCATION_NAME, LOCATION_ID) VALUES ('1999-1-3', 'V', 'V', 22, 'V', 22);
INSERT INTO LOCATION (DATE, START_LOCATION, CURRENT_LOCATION, CUSTOMER_ID, LOCATION_NAME, LOCATION_ID) VALUES ('1939-4-22', 'W', 'W', 23, 'W', 23);
INSERT INTO LOCATION (DATE, START_LOCATION, CURRENT_LOCATION, CUSTOMER_ID, LOCATION_NAME, LOCATION_ID) VALUES ('1963-3-6', 'X', 'X', 24, 'X', 24);
INSERT INTO LOCATION (DATE, START_LOCATION, CURRENT_LOCATION, CUSTOMER_ID, LOCATION_NAME, LOCATION_ID) VALUES ('1993-10-9', 'Y', 'Y', 25, 'Y', 25);
INSERT INTO LOCATION (DATE, START_LOCATION, CURRENT_LOCATION, CUSTOMER_ID, LOCATION_NAME, LOCATION_ID) VALUES ('2011-3-19', 'Z', 'Z', 26, 'Z', 26);
INSERT INTO LOCATION (DATE, START_LOCATION, CURRENT_LOCATION, CUSTOMER_ID, LOCATION_NAME, LOCATION_ID) VALUES ('1918-4-16', 'AA', 'AA', 27, 'AA', 27);
INSERT INTO LOCATION (DATE, START_LOCATION, CURRENT_LOCATION, CUSTOMER_ID, LOCATION_NAME, LOCATION_ID) VALUES ('1960-9-4', 'BBB', 'BBB', 28, 'BBB', 28);
INSERT INTO LOCATION (DATE, START_LOCATION, CURRENT_LOCATION, CUSTOMER_ID, LOCATION_NAME, LOCATION_ID) VALUES ('1960-3-19', 'CCCC', 'CCCC', 29, 'CCCC', 29);
INSERT INTO LOCATION (DATE, START_LOCATION, CURRENT_LOCATION, CUSTOMER_ID, LOCATION_NAME, LOCATION_ID) VALUES ('1945-3-16', 'DDDDD', 'DDDDD', 30, 'DDDDD', 30);
INSERT INTO LOCATION (DATE, START_LOCATION, CURRENT_LOCATION, CUSTOMER_ID, LOCATION_NAME, LOCATION_ID) VALUES ('1957-8-17', 'EEEEEE', 'EEEEEE', 31, 'EEEEEE', 31);
INSERT INTO LOCATION (DATE, START_LOCATION, CURRENT_LOCATION, CUSTOMER_ID, LOCATION_NAME, LOCATION_ID) VALUES ('1984-1-18', 'FFFFFFF', 'FFFFFFF', 32, 'FFFFFFF', 32);
INSERT INTO LOCATION (DATE, START_LOCATION, CURRENT_LOCATION, CUSTOMER_ID, LOCATION_NAME, LOCATION_ID) VALUES ('1966-3-1', 'GGGGGGGG', 'GGGGGGGG', 33, 'GGGGGGGG', 33);
INSERT INTO LOCATION (DATE, START_LOCATION, CURRENT_LOCATION, CUSTOMER_ID, LOCATION_NAME, LOCATION_ID) VALUES ('1973-10-26', 'HHHHHHHHH', 'HHHHHHHHH', 34, 'HHHHHHHHH', 34);
INSERT INTO LOCATION (DATE, START_LOCATION, CURRENT_LOCATION, CUSTOMER_ID, LOCATION_NAME, LOCATION_ID) VALUES ('1913-9-17', 'IIIIIIIIII', 'IIIIIIIIII', 35, 'IIIIIIIIII', 35);
INSERT INTO LOCATION (DATE, START_LOCATION, CURRENT_LOCATION, CUSTOMER_ID, LOCATION_NAME, LOCATION_ID) VALUES ('1997-12-22', 'JJJJJJJJJJJ', 'JJJJJJJJJJJ', 36, 'JJJJJJJJJJJ', 36);
INSERT INTO LOCATION (DATE, START_LOCATION, CURRENT_LOCATION, CUSTOMER_ID, LOCATION_NAME, LOCATION_ID) VALUES ('1949-7-20', 'KKKKKKKKKKKK', 'KKKKKKKKKKKK', 37, 'KKKKKKKKKKKK', 37);
INSERT INTO LOCATION (DATE, START_LOCATION, CURRENT_LOCATION, CUSTOMER_ID, LOCATION_NAME, LOCATION_ID) VALUES ('1948-10-28', 'LLLLLLLLLLLLL', 'LLLLLLLLLLLLL', 38, 'LLLLLLLLLLLLL', 38);
INSERT INTO LOCATION (DATE, START_LOCATION, CURRENT_LOCATION, CUSTOMER_ID, LOCATION_NAME, LOCATION_ID) VALUES ('1945-1-9', 'MMMMMMMMMMMMMM', 'MMMMMMMMMMMMMM', 39, 'MMMMMMMMMMMMMM', 39);
INSERT INTO LOCATION (DATE, START_LOCATION, CURRENT_LOCATION, CUSTOMER_ID, LOCATION_NAME, LOCATION_ID) VALUES ('1991-4-8', 'NNNNNNNNNNNNNNN', 'NNNNNNNNNNNNNNN', 40, 'NNNNNNNNNNNNNNN', 40);
INSERT INTO LOCATION (DATE, START_LOCATION, CURRENT_LOCATION, CUSTOMER_ID, LOCATION_NAME, LOCATION_ID) VALUES ('1971-12-7', 'OOOOOOOOOOOOOOOO', 'OOOOOOOOOOOOOOOO', 41, 'OOOOOOOOOOOOOOOO', 41);
INSERT INTO LOCATION (DATE, START_LOCATION, CURRENT_LOCATION, CUSTOMER_ID, LOCATION_NAME, LOCATION_ID) VALUES ('2012-1-25', 'PPPPPPPPPPPPPPPPP', 'PPPPPPPPPPPPPPPPP', 42, 'PPPPPPPPPPPPPPPPP', 42);
INSERT INTO LOCATION (DATE, START_LOCATION, CURRENT_LOCATION, CUSTOMER_ID, LOCATION_NAME, LOCATION_ID) VALUES ('1973-9-23', 'QQQQQQQQQQQQQQQQQQ', 'QQQQQQQQQQQQQQQQQQ', 43, 'QQQQQQQQQQQQQQQQQQ', 43);
INSERT INTO LOCATION (DATE, START_LOCATION, CURRENT_LOCATION, CUSTOMER_ID, LOCATION_NAME, LOCATION_ID) VALUES ('1916-4-3', 'RRRRRRRRRRRRRRRRRRR', 'RRRRRRRRRRRRRRRRRRR', 44, 'RRRRRRRRRRRRRRRRRRR', 44);
INSERT INTO LOCATION (DATE, START_LOCATION, CURRENT_LOCATION, CUSTOMER_ID, LOCATION_NAME, LOCATION_ID) VALUES ('1971-7-2', 'SSSSSSSSSSSSSSSSSSSS', 'SSSSSSSSSSSSSSSSSSSS', 45, 'SSSSSSSSSSSSSSSSSSSS', 45);
INSERT INTO LOCATION (DATE, START_LOCATION, CURRENT_LOCATION, CUSTOMER_ID, LOCATION_NAME, LOCATION_ID) VALUES ('1947-12-16', 'TTTTTTTTTTTTTTTTTTTTT', 'TTTTTTTTTTTTTTTTTTTTT', 46, 'TTTTTTTTTTTTTTTTTTTTT', 46);
INSERT INTO LOCATION (DATE, START_LOCATION, CURRENT_LOCATION, CUSTOMER_ID, LOCATION_NAME, LOCATION_ID) VALUES ('1993-10-10', 'UUUUUUUUUUUUUUUUUUUUUU', 'UUUUUUUUUUUUUUUUUUUUUU', 47, 'UUUUUUUUUUUUUUUUUUUUUU', 47);
INSERT INTO LOCATION (DATE, START_LOCATION, CURRENT_LOCATION, CUSTOMER_ID, LOCATION_NAME, LOCATION_ID) VALUES ('1935-2-14', 'VVVVVVVVVVVVVVVVVVVVVVV', 'VVVVVVVVVVVVVVVVVVVVVVV', 48, 'VVVVVVVVVVVVVVVVVVVVVVV', 48);
INSERT INTO LOCATION (DATE, START_LOCATION, CURRENT_LOCATION, CUSTOMER_ID, LOCATION_NAME, LOCATION_ID) VALUES ('1900-10-6', 'WWWWWWWWWWWWWWWWWWWWWWWW', 'WWWWWWWWWWWWWWWWWWWWWWWW', 49, 'WWWWWWWWWWWWWWWWWWWWWWWW', 49);
INSERT INTO LOCATION (DATE, START_LOCATION, CURRENT_LOCATION, CUSTOMER_ID, LOCATION_NAME, LOCATION_ID) VALUES ('1943-8-2', 'XXXXXXXXXXXXXXXXXXXXXXXXX', 'XXXXXXXXXXXXXXXXXXXXXXXXX', 50, 'XXXXXXXXXXXXXXXXXXXXXXXXX', 50);
INSERT INTO LOCATION (DATE, START_LOCATION, CURRENT_LOCATION, CUSTOMER_ID, LOCATION_NAME, LOCATION_ID) VALUES ('1936-1-9', 'YYYYYYYYYYYYYYYYYYYYYYYYYY', 'YYYYYYYYYYYYYYYYYYYYYYYYYY', 51, 'YYYYYYYYYYYYYYYYYYYYYYYYYY', 51);
INSERT INTO LOCATION (DATE, START_LOCATION, CURRENT_LOCATION, CUSTOMER_ID, LOCATION_NAME, LOCATION_ID) VALUES ('1903-6-1', 'AA_', 'AA_', 52, 'AA_', 52);
INSERT INTO LOCATION (DATE, START_LOCATION, CURRENT_LOCATION, CUSTOMER_ID, LOCATION_NAME, LOCATION_ID) VALUES ('1994-10-8', 'AAA', 'AAA', 53, 'AAA', 53);
INSERT INTO LOCATION (DATE, START_LOCATION, CURRENT_LOCATION, CUSTOMER_ID, LOCATION_NAME, LOCATION_ID) VALUES ('1907-3-6', 'BBBB', 'BBBB', 54, 'BBBB', 54);
INSERT INTO LOCATION (DATE, START_LOCATION, CURRENT_LOCATION, CUSTOMER_ID, LOCATION_NAME, LOCATION_ID) VALUES ('1986-2-10', 'CCCCC', 'CCCCC', 55, 'CCCCC', 55);
INSERT INTO LOCATION (DATE, START_LOCATION, CURRENT_LOCATION, CUSTOMER_ID, LOCATION_NAME, LOCATION_ID) VALUES ('1930-6-16', 'DDDDDD', 'DDDDDD', 56, 'DDDDDD', 56);
INSERT INTO LOCATION (DATE, START_LOCATION, CURRENT_LOCATION, CUSTOMER_ID, LOCATION_NAME, LOCATION_ID) VALUES ('1959-4-17', 'EEEEEEE', 'EEEEEEE', 57, 'EEEEEEE', 57);
INSERT INTO LOCATION (DATE, START_LOCATION, CURRENT_LOCATION, CUSTOMER_ID, LOCATION_NAME, LOCATION_ID) VALUES ('2006-11-13', 'FFFFFFFF', 'FFFFFFFF', 58, 'FFFFFFFF', 58);
INSERT INTO LOCATION (DATE, START_LOCATION, CURRENT_LOCATION, CUSTOMER_ID, LOCATION_NAME, LOCATION_ID) VALUES ('1979-9-1', 'GGGGGGGGG', 'GGGGGGGGG', 59, 'GGGGGGGGG', 59);
INSERT INTO LOCATION (DATE, START_LOCATION, CURRENT_LOCATION, CUSTOMER_ID, LOCATION_NAME, LOCATION_ID) VALUES ('2002-7-3', 'HHHHHHHHHH', 'HHHHHHHHHH', 60, 'HHHHHHHHHH', 60);
INSERT INTO LOCATION (DATE, START_LOCATION, CURRENT_LOCATION, CUSTOMER_ID, LOCATION_NAME, LOCATION_ID) VALUES ('1973-9-2', 'IIIIIIIIIII', 'IIIIIIIIIII', 61, 'IIIIIIIIIII', 61);
INSERT INTO LOCATION (DATE, START_LOCATION, CURRENT_LOCATION, CUSTOMER_ID, LOCATION_NAME, LOCATION_ID) VALUES ('1999-11-27', 'JJJJJJJJJJJJ', 'JJJJJJJJJJJJ', 62, 'JJJJJJJJJJJJ', 62);
INSERT INTO LOCATION (DATE, START_LOCATION, CURRENT_LOCATION, CUSTOMER_ID, LOCATION_NAME, LOCATION_ID) VALUES ('2021-10-7', 'KKKKKKKKKKKKK', 'KKKKKKKKKKKKK', 63, 'KKKKKKKKKKKKK', 63);
INSERT INTO LOCATION (DATE, START_LOCATION, CURRENT_LOCATION, CUSTOMER_ID, LOCATION_NAME, LOCATION_ID) VALUES ('2017-6-19', 'LLLLLLLLLLLLLL', 'LLLLLLLLLLLLLL', 64, 'LLLLLLLLLLLLLL', 64);
INSERT INTO LOCATION (DATE, START_LOCATION, CURRENT_LOCATION, CUSTOMER_ID, LOCATION_NAME, LOCATION_ID) VALUES ('1927-9-4', 'MMMMMMMMMMMMMMM', 'MMMMMMMMMMMMMMM', 65, 'MMMMMMMMMMMMMMM', 65);
INSERT INTO LOCATION (DATE, START_LOCATION, CURRENT_LOCATION, CUSTOMER_ID, LOCATION_NAME, LOCATION_ID) VALUES ('1980-11-21', 'NNNNNNNNNNNNNNNN', 'NNNNNNNNNNNNNNNN', 66, 'NNNNNNNNNNNNNNNN', 66);
INSERT INTO LOCATION (DATE, START_LOCATION, CURRENT_LOCATION, CUSTOMER_ID, LOCATION_NAME, LOCATION_ID) VALUES ('1928-12-6', 'OOOOOOOOOOOOOOOOO', 'OOOOOOOOOOOOOOOOO', 67, 'OOOOOOOOOOOOOOOOO', 67);
INSERT INTO LOCATION (DATE, START_LOCATION, CURRENT_LOCATION, CUSTOMER_ID, LOCATION_NAME, LOCATION_ID) VALUES ('1911-8-11', 'PPPPPPPPPPPPPPPPPP', 'PPPPPPPPPPPPPPPPPP', 68, 'PPPPPPPPPPPPPPPPPP', 68);
INSERT INTO LOCATION (DATE, START_LOCATION, CURRENT_LOCATION, CUSTOMER_ID, LOCATION_NAME, LOCATION_ID) VALUES ('1981-8-13', 'QQQQQQQQQQQQQQQQQQQ', 'QQQQQQQQQQQQQQQQQQQ', 69, 'QQQQQQQQQQQQQQQQQQQ', 69);
INSERT INTO LOCATION (DATE, START_LOCATION, CURRENT_LOCATION, CUSTOMER_ID, LOCATION_NAME, LOCATION_ID) VALUES ('1959-1-1', 'RRRRRRRRRRRRRRRRRRRR', 'RRRRRRRRRRRRRRRRRRRR', 70, 'RRRRRRRRRRRRRRRRRRRR', 70);
INSERT INTO LOCATION (DATE, START_LOCATION, CURRENT_LOCATION, CUSTOMER_ID, LOCATION_NAME, LOCATION_ID) VALUES ('1922-10-13', 'SSSSSSSSSSSSSSSSSSSSS', 'SSSSSSSSSSSSSSSSSSSSS', 71, 'SSSSSSSSSSSSSSSSSSSSS', 71);
INSERT INTO LOCATION (DATE, START_LOCATION, CURRENT_LOCATION, CUSTOMER_ID, LOCATION_NAME, LOCATION_ID) VALUES ('1900-10-11', 'TTTTTTTTTTTTTTTTTTTTTT', 'TTTTTTTTTTTTTTTTTTTTTT', 72, 'TTTTTTTTTTTTTTTTTTTTTT', 72);
INSERT INTO LOCATION (DATE, START_LOCATION, CURRENT_LOCATION, CUSTOMER_ID, LOCATION_NAME, LOCATION_ID) VALUES ('1934-11-8', 'UUUUUUUUUUUUUUUUUUUUUUU', 'UUUUUUUUUUUUUUUUUUUUUUU', 73, 'UUUUUUUUUUUUUUUUUUUUUUU', 73);
INSERT INTO LOCATION (DATE, START_LOCATION, CURRENT_LOCATION, CUSTOMER_ID, LOCATION_NAME, LOCATION_ID) VALUES ('1931-12-7', 'VVVVVVVVVVVVVVVVVVVVVVVV', 'VVVVVVVVVVVVVVVVVVVVVVVV', 74, 'VVVVVVVVVVVVVVVVVVVVVVVV', 74);
INSERT INTO LOCATION (DATE, START_LOCATION, CURRENT_LOCATION, CUSTOMER_ID, LOCATION_NAME, LOCATION_ID) VALUES ('1966-9-24', 'WWWWWWWWWWWWWWWWWWWWWWWWW', 'WWWWWWWWWWWWWWWWWWWWWWWWW', 75, 'WWWWWWWWWWWWWWWWWWWWWWWWW', 75);
INSERT INTO LOCATION (DATE, START_LOCATION, CURRENT_LOCATION, CUSTOMER_ID, LOCATION_NAME, LOCATION_ID) VALUES ('1955-9-9', 'XXXXXXXXXXXXXXXXXXXXXXXXXX', 'XXXXXXXXXXXXXXXXXXXXXXXXXX', 76, 'XXXXXXXXXXXXXXXXXXXXXXXXXX', 76);
INSERT INTO LOCATION (DATE, START_LOCATION, CURRENT_LOCATION, CUSTOMER_ID, LOCATION_NAME, LOCATION_ID) VALUES ('1962-9-8', 'YYYYYYYYYYYYYYYYYYYYYYYYYYY', 'YYYYYYYYYYYYYYYYYYYYYYYYYYY', 77, 'YYYYYYYYYYYYYYYYYYYYYYYYYYY', 77);
INSERT INTO LOCATION (DATE, START_LOCATION, CURRENT_LOCATION, CUSTOMER_ID, LOCATION_NAME, LOCATION_ID) VALUES ('1934-8-18', 'AAA_', 'AAA_', 78, 'AAA_', 78);
INSERT INTO LOCATION (DATE, START_LOCATION, CURRENT_LOCATION, CUSTOMER_ID, LOCATION_NAME, LOCATION_ID) VALUES ('2007-10-26', 'AAAA', 'AAAA', 79, 'AAAA', 79);
INSERT INTO LOCATION (DATE, START_LOCATION, CURRENT_LOCATION, CUSTOMER_ID, LOCATION_NAME, LOCATION_ID) VALUES ('1923-10-22', 'BBBBB', 'BBBBB', 80, 'BBBBB', 80);
INSERT INTO LOCATION (DATE, START_LOCATION, CURRENT_LOCATION, CUSTOMER_ID, LOCATION_NAME, LOCATION_ID) VALUES ('1916-10-23', 'CCCCCC', 'CCCCCC', 81, 'CCCCCC', 81);
INSERT INTO LOCATION (DATE, START_LOCATION, CURRENT_LOCATION, CUSTOMER_ID, LOCATION_NAME, LOCATION_ID) VALUES ('1969-8-3', 'DDDDDDD', 'DDDDDDD', 82, 'DDDDDDD', 82);
INSERT INTO LOCATION (DATE, START_LOCATION, CURRENT_LOCATION, CUSTOMER_ID, LOCATION_NAME, LOCATION_ID) VALUES ('1919-7-11', 'EEEEEEEE', 'EEEEEEEE', 83, 'EEEEEEEE', 83);
INSERT INTO LOCATION (DATE, START_LOCATION, CURRENT_LOCATION, CUSTOMER_ID, LOCATION_NAME, LOCATION_ID) VALUES ('2003-12-9', 'FFFFFFFFF', 'FFFFFFFFF', 84, 'FFFFFFFFF', 84);
INSERT INTO LOCATION (DATE, START_LOCATION, CURRENT_LOCATION, CUSTOMER_ID, LOCATION_NAME, LOCATION_ID) VALUES ('1983-7-21', 'GGGGGGGGGG', 'GGGGGGGGGG', 85, 'GGGGGGGGGG', 85);
INSERT INTO LOCATION (DATE, START_LOCATION, CURRENT_LOCATION, CUSTOMER_ID, LOCATION_NAME, LOCATION_ID) VALUES ('1970-4-18', 'HHHHHHHHHHH', 'HHHHHHHHHHH', 86, 'HHHHHHHHHHH', 86);
INSERT INTO LOCATION (DATE, START_LOCATION, CURRENT_LOCATION, CUSTOMER_ID, LOCATION_NAME, LOCATION_ID) VALUES ('1968-10-18', 'IIIIIIIIIIII', 'IIIIIIIIIIII', 87, 'IIIIIIIIIIII', 87);
INSERT INTO LOCATION (DATE, START_LOCATION, CURRENT_LOCATION, CUSTOMER_ID, LOCATION_NAME, LOCATION_ID) VALUES ('1916-6-6', 'JJJJJJJJJJJJJ', 'JJJJJJJJJJJJJ', 88, 'JJJJJJJJJJJJJ', 88);
INSERT INTO LOCATION (DATE, START_LOCATION, CURRENT_LOCATION, CUSTOMER_ID, LOCATION_NAME, LOCATION_ID) VALUES ('1979-8-8', 'KKKKKKKKKKKKKK', 'KKKKKKKKKKKKKK', 89, 'KKKKKKKKKKKKKK', 89);
INSERT INTO LOCATION (DATE, START_LOCATION, CURRENT_LOCATION, CUSTOMER_ID, LOCATION_NAME, LOCATION_ID) VALUES ('1901-9-19', 'LLLLLLLLLLLLLLL', 'LLLLLLLLLLLLLLL', 90, 'LLLLLLLLLLLLLLL', 90);
INSERT INTO LOCATION (DATE, START_LOCATION, CURRENT_LOCATION, CUSTOMER_ID, LOCATION_NAME, LOCATION_ID) VALUES ('1960-1-22', 'MMMMMMMMMMMMMMMM', 'MMMMMMMMMMMMMMMM', 91, 'MMMMMMMMMMMMMMMM', 91);
INSERT INTO LOCATION (DATE, START_LOCATION, CURRENT_LOCATION, CUSTOMER_ID, LOCATION_NAME, LOCATION_ID) VALUES ('1914-1-22', 'NNNNNNNNNNNNNNNNN', 'NNNNNNNNNNNNNNNNN', 92, 'NNNNNNNNNNNNNNNNN', 92);
INSERT INTO LOCATION (DATE, START_LOCATION, CURRENT_LOCATION, CUSTOMER_ID, LOCATION_NAME, LOCATION_ID) VALUES ('1900-9-6', 'OOOOOOOOOOOOOOOOOO', 'OOOOOOOOOOOOOOOOOO', 93, 'OOOOOOOOOOOOOOOOOO', 93);
INSERT INTO LOCATION (DATE, START_LOCATION, CURRENT_LOCATION, CUSTOMER_ID, LOCATION_NAME, LOCATION_ID) VALUES ('1905-11-18', 'PPPPPPPPPPPPPPPPPPP', 'PPPPPPPPPPPPPPPPPPP', 94, 'PPPPPPPPPPPPPPPPPPP', 94);
INSERT INTO LOCATION (DATE, START_LOCATION, CURRENT_LOCATION, CUSTOMER_ID, LOCATION_NAME, LOCATION_ID) VALUES ('1914-12-24', 'QQQQQQQQQQQQQQQQQQQQ', 'QQQQQQQQQQQQQQQQQQQQ', 95, 'QQQQQQQQQQQQQQQQQQQQ', 95);
INSERT INTO LOCATION (DATE, START_LOCATION, CURRENT_LOCATION, CUSTOMER_ID, LOCATION_NAME, LOCATION_ID) VALUES ('1909-12-10', 'RRRRRRRRRRRRRRRRRRRRR', 'RRRRRRRRRRRRRRRRRRRRR', 96, 'RRRRRRRRRRRRRRRRRRRRR', 96);
INSERT INTO LOCATION (DATE, START_LOCATION, CURRENT_LOCATION, CUSTOMER_ID, LOCATION_NAME, LOCATION_ID) VALUES ('1989-6-18', 'SSSSSSSSSSSSSSSSSSSSSS', 'SSSSSSSSSSSSSSSSSSSSSS', 97, 'SSSSSSSSSSSSSSSSSSSSSS', 97);
INSERT INTO LOCATION (DATE, START_LOCATION, CURRENT_LOCATION, CUSTOMER_ID, LOCATION_NAME, LOCATION_ID) VALUES ('2005-9-13', 'TTTTTTTTTTTTTTTTTTTTTTT', 'TTTTTTTTTTTTTTTTTTTTTTT', 98, 'TTTTTTTTTTTTTTTTTTTTTTT', 98);
INSERT INTO LOCATION (DATE, START_LOCATION, CURRENT_LOCATION, CUSTOMER_ID, LOCATION_NAME, LOCATION_ID) VALUES ('1962-1-18', 'UUUUUUUUUUUUUUUUUUUUUUUU', 'UUUUUUUUUUUUUUUUUUUUUUUU', 99, 'UUUUUUUUUUUUUUUUUUUUUUUU', 99);
INSERT INTO LOCATION (DATE, START_LOCATION, CURRENT_LOCATION, CUSTOMER_ID, LOCATION_NAME, LOCATION_ID) VALUES ('1937-7-9', 'VVVVVVVVVVVVVVVVVVVVVVVVV', 'VVVVVVVVVVVVVVVVVVVVVVVVV', 100, 'VVVVVVVVVVVVVVVVVVVVVVVVV', 100);
/* ------------- LOCATIONS ---------------- */ 
INSERT INTO LOCATIONS (COUNTRY_ID, CITY, POSTAL_CODE, STATE_PROVINCE, COUNTRY_NAME, LOCATION_ID, STREET_ADDRESS) VALUES (1, 'A', 'A', 'A', 'A', 1, 'A');
INSERT INTO LOCATIONS (COUNTRY_ID, CITY, POSTAL_CODE, STATE_PROVINCE, COUNTRY_NAME, LOCATION_ID, STREET_ADDRESS) VALUES (2, 'B', 'B', 'B', 'B', 2, 'B');
INSERT INTO LOCATIONS (COUNTRY_ID, CITY, POSTAL_CODE, STATE_PROVINCE, COUNTRY_NAME, LOCATION_ID, STREET_ADDRESS) VALUES (3, 'C', 'C', 'C', 'C', 3, 'C');
INSERT INTO LOCATIONS (COUNTRY_ID, CITY, POSTAL_CODE, STATE_PROVINCE, COUNTRY_NAME, LOCATION_ID, STREET_ADDRESS) VALUES (4, 'D', 'D', 'D', 'D', 4, 'D');
INSERT INTO LOCATIONS (COUNTRY_ID, CITY, POSTAL_CODE, STATE_PROVINCE, COUNTRY_NAME, LOCATION_ID, STREET_ADDRESS) VALUES (5, 'E', 'E', 'E', 'E', 5, 'E');
INSERT INTO LOCATIONS (COUNTRY_ID, CITY, POSTAL_CODE, STATE_PROVINCE, COUNTRY_NAME, LOCATION_ID, STREET_ADDRESS) VALUES (6, 'F', 'F', 'F', 'F', 6, 'F');
INSERT INTO LOCATIONS (COUNTRY_ID, CITY, POSTAL_CODE, STATE_PROVINCE, COUNTRY_NAME, LOCATION_ID, STREET_ADDRESS) VALUES (7, 'G', 'G', 'G', 'G', 7, 'G');
INSERT INTO LOCATIONS (COUNTRY_ID, CITY, POSTAL_CODE, STATE_PROVINCE, COUNTRY_NAME, LOCATION_ID, STREET_ADDRESS) VALUES (8, 'H', 'H', 'H', 'H', 8, 'H');
INSERT INTO LOCATIONS (COUNTRY_ID, CITY, POSTAL_CODE, STATE_PROVINCE, COUNTRY_NAME, LOCATION_ID, STREET_ADDRESS) VALUES (9, 'I', 'I', 'I', 'I', 9, 'I');
INSERT INTO LOCATIONS (COUNTRY_ID, CITY, POSTAL_CODE, STATE_PROVINCE, COUNTRY_NAME, LOCATION_ID, STREET_ADDRESS) VALUES (10, 'J', 'J', 'J', 'J', 10, 'J');
INSERT INTO LOCATIONS (COUNTRY_ID, CITY, POSTAL_CODE, STATE_PROVINCE, COUNTRY_NAME, LOCATION_ID, STREET_ADDRESS) VALUES (11, 'K', 'K', 'K', 'K', 11, 'K');
INSERT INTO LOCATIONS (COUNTRY_ID, CITY, POSTAL_CODE, STATE_PROVINCE, COUNTRY_NAME, LOCATION_ID, STREET_ADDRESS) VALUES (12, 'L', 'L', 'L', 'L', 12, 'L');
INSERT INTO LOCATIONS (COUNTRY_ID, CITY, POSTAL_CODE, STATE_PROVINCE, COUNTRY_NAME, LOCATION_ID, STREET_ADDRESS) VALUES (13, 'M', 'M', 'M', 'M', 13, 'M');
INSERT INTO LOCATIONS (COUNTRY_ID, CITY, POSTAL_CODE, STATE_PROVINCE, COUNTRY_NAME, LOCATION_ID, STREET_ADDRESS) VALUES (14, 'N', 'N', 'N', 'N', 14, 'N');
INSERT INTO LOCATIONS (COUNTRY_ID, CITY, POSTAL_CODE, STATE_PROVINCE, COUNTRY_NAME, LOCATION_ID, STREET_ADDRESS) VALUES (15, 'O', 'O', 'O', 'O', 15, 'O');
INSERT INTO LOCATIONS (COUNTRY_ID, CITY, POSTAL_CODE, STATE_PROVINCE, COUNTRY_NAME, LOCATION_ID, STREET_ADDRESS) VALUES (16, 'P', 'P', 'P', 'P', 16, 'P');
INSERT INTO LOCATIONS (COUNTRY_ID, CITY, POSTAL_CODE, STATE_PROVINCE, COUNTRY_NAME, LOCATION_ID, STREET_ADDRESS) VALUES (17, 'Q', 'Q', 'Q', 'Q', 17, 'Q');
INSERT INTO LOCATIONS (COUNTRY_ID, CITY, POSTAL_CODE, STATE_PROVINCE, COUNTRY_NAME, LOCATION_ID, STREET_ADDRESS) VALUES (18, 'R', 'R', 'R', 'R', 18, 'R');
INSERT INTO LOCATIONS (COUNTRY_ID, CITY, POSTAL_CODE, STATE_PROVINCE, COUNTRY_NAME, LOCATION_ID, STREET_ADDRESS) VALUES (19, 'S', 'S', 'S', 'S', 19, 'S');
INSERT INTO LOCATIONS (COUNTRY_ID, CITY, POSTAL_CODE, STATE_PROVINCE, COUNTRY_NAME, LOCATION_ID, STREET_ADDRESS) VALUES (20, 'T', 'T', 'T', 'T', 20, 'T');
INSERT INTO LOCATIONS (COUNTRY_ID, CITY, POSTAL_CODE, STATE_PROVINCE, COUNTRY_NAME, LOCATION_ID, STREET_ADDRESS) VALUES (21, 'U', 'U', 'U', 'U', 21, 'U');
INSERT INTO LOCATIONS (COUNTRY_ID, CITY, POSTAL_CODE, STATE_PROVINCE, COUNTRY_NAME, LOCATION_ID, STREET_ADDRESS) VALUES (22, 'V', 'V', 'V', 'V', 22, 'V');
INSERT INTO LOCATIONS (COUNTRY_ID, CITY, POSTAL_CODE, STATE_PROVINCE, COUNTRY_NAME, LOCATION_ID, STREET_ADDRESS) VALUES (23, 'W', 'W', 'W', 'W', 23, 'W');
INSERT INTO LOCATIONS (COUNTRY_ID, CITY, POSTAL_CODE, STATE_PROVINCE, COUNTRY_NAME, LOCATION_ID, STREET_ADDRESS) VALUES (24, 'X', 'X', 'X', 'X', 24, 'X');
INSERT INTO LOCATIONS (COUNTRY_ID, CITY, POSTAL_CODE, STATE_PROVINCE, COUNTRY_NAME, LOCATION_ID, STREET_ADDRESS) VALUES (25, 'Y', 'Y', 'Y', 'Y', 25, 'Y');
INSERT INTO LOCATIONS (COUNTRY_ID, CITY, POSTAL_CODE, STATE_PROVINCE, COUNTRY_NAME, LOCATION_ID, STREET_ADDRESS) VALUES (26, 'Z', 'Z', 'Z', 'Z', 26, 'Z');
INSERT INTO LOCATIONS (COUNTRY_ID, CITY, POSTAL_CODE, STATE_PROVINCE, COUNTRY_NAME, LOCATION_ID, STREET_ADDRESS) VALUES (27, 'AA', 'AA', 'AA', 'AA', 27, 'AA');
INSERT INTO LOCATIONS (COUNTRY_ID, CITY, POSTAL_CODE, STATE_PROVINCE, COUNTRY_NAME, LOCATION_ID, STREET_ADDRESS) VALUES (28, 'BBB', 'BBB', 'BBB', 'BBB', 28, 'BBB');
INSERT INTO LOCATIONS (COUNTRY_ID, CITY, POSTAL_CODE, STATE_PROVINCE, COUNTRY_NAME, LOCATION_ID, STREET_ADDRESS) VALUES (29, 'CCCC', 'CCCC', 'CCCC', 'CCCC', 29, 'CCCC');
INSERT INTO LOCATIONS (COUNTRY_ID, CITY, POSTAL_CODE, STATE_PROVINCE, COUNTRY_NAME, LOCATION_ID, STREET_ADDRESS) VALUES (30, 'DDDDD', 'DDDDD', 'DDDDD', 'DDDDD', 30, 'DDDDD');
INSERT INTO LOCATIONS (COUNTRY_ID, CITY, POSTAL_CODE, STATE_PROVINCE, COUNTRY_NAME, LOCATION_ID, STREET_ADDRESS) VALUES (31, 'EEEEEE', 'EEEEEE', 'EEEEEE', 'EEEEEE', 31, 'EEEEEE');
INSERT INTO LOCATIONS (COUNTRY_ID, CITY, POSTAL_CODE, STATE_PROVINCE, COUNTRY_NAME, LOCATION_ID, STREET_ADDRESS) VALUES (32, 'FFFFFFF', 'FFFFFFF', 'FFFFFFF', 'FFFFFFF', 32, 'FFFFFFF');
INSERT INTO LOCATIONS (COUNTRY_ID, CITY, POSTAL_CODE, STATE_PROVINCE, COUNTRY_NAME, LOCATION_ID, STREET_ADDRESS) VALUES (33, 'GGGGGGGG', 'GGGGGGGG', 'GGGGGGGG', 'GGGGGGGG', 33, 'GGGGGGGG');
INSERT INTO LOCATIONS (COUNTRY_ID, CITY, POSTAL_CODE, STATE_PROVINCE, COUNTRY_NAME, LOCATION_ID, STREET_ADDRESS) VALUES (34, 'HHHHHHHHH', 'HHHHHHHHH', 'HHHHHHHHH', 'HHHHHHHHH', 34, 'HHHHHHHHH');
INSERT INTO LOCATIONS (COUNTRY_ID, CITY, POSTAL_CODE, STATE_PROVINCE, COUNTRY_NAME, LOCATION_ID, STREET_ADDRESS) VALUES (35, 'IIIIIIIIII', 'IIIIIIIIII', 'IIIIIIIIII', 'IIIIIIIIII', 35, 'IIIIIIIIII');
INSERT INTO LOCATIONS (COUNTRY_ID, CITY, POSTAL_CODE, STATE_PROVINCE, COUNTRY_NAME, LOCATION_ID, STREET_ADDRESS) VALUES (36, 'JJJJJJJJJJJ', 'JJJJJJJJJJJ', 'JJJJJJJJJJJ', 'JJJJJJJJJJJ', 36, 'JJJJJJJJJJJ');
INSERT INTO LOCATIONS (COUNTRY_ID, CITY, POSTAL_CODE, STATE_PROVINCE, COUNTRY_NAME, LOCATION_ID, STREET_ADDRESS) VALUES (37, 'KKKKKKKKKKKK', 'KKKKKKKKKKKK', 'KKKKKKKKKKKK', 'KKKKKKKKKKKK', 37, 'KKKKKKKKKKKK');
INSERT INTO LOCATIONS (COUNTRY_ID, CITY, POSTAL_CODE, STATE_PROVINCE, COUNTRY_NAME, LOCATION_ID, STREET_ADDRESS) VALUES (38, 'LLLLLLLLLLLLL', 'LLLLLLLLLLLLL', 'LLLLLLLLLLLLL', 'LLLLLLLLLLLLL', 38, 'LLLLLLLLLLLLL');
INSERT INTO LOCATIONS (COUNTRY_ID, CITY, POSTAL_CODE, STATE_PROVINCE, COUNTRY_NAME, LOCATION_ID, STREET_ADDRESS) VALUES (39, 'MMMMMMMMMMMMMM', 'MMMMMMMMMMMMMM', 'MMMMMMMMMMMMMM', 'MMMMMMMMMMMMMM', 39, 'MMMMMMMMMMMMMM');
INSERT INTO LOCATIONS (COUNTRY_ID, CITY, POSTAL_CODE, STATE_PROVINCE, COUNTRY_NAME, LOCATION_ID, STREET_ADDRESS) VALUES (40, 'NNNNNNNNNNNNNNN', 'NNNNNNNNNNNNNNN', 'NNNNNNNNNNNNNNN', 'NNNNNNNNNNNNNNN', 40, 'NNNNNNNNNNNNNNN');
INSERT INTO LOCATIONS (COUNTRY_ID, CITY, POSTAL_CODE, STATE_PROVINCE, COUNTRY_NAME, LOCATION_ID, STREET_ADDRESS) VALUES (41, 'OOOOOOOOOOOOOOOO', 'OOOOOOOOOOOOOOOO', 'OOOOOOOOOOOOOOOO', 'OOOOOOOOOOOOOOOO', 41, 'OOOOOOOOOOOOOOOO');
INSERT INTO LOCATIONS (COUNTRY_ID, CITY, POSTAL_CODE, STATE_PROVINCE, COUNTRY_NAME, LOCATION_ID, STREET_ADDRESS) VALUES (42, 'PPPPPPPPPPPPPPPPP', 'PPPPPPPPPPPPPPPPP', 'PPPPPPPPPPPPPPPPP', 'PPPPPPPPPPPPPPPPP', 42, 'PPPPPPPPPPPPPPPPP');
INSERT INTO LOCATIONS (COUNTRY_ID, CITY, POSTAL_CODE, STATE_PROVINCE, COUNTRY_NAME, LOCATION_ID, STREET_ADDRESS) VALUES (43, 'QQQQQQQQQQQQQQQQQQ', 'QQQQQQQQQQQQQQQQQQ', 'QQQQQQQQQQQQQQQQQQ', 'QQQQQQQQQQQQQQQQQQ', 43, 'QQQQQQQQQQQQQQQQQQ');
INSERT INTO LOCATIONS (COUNTRY_ID, CITY, POSTAL_CODE, STATE_PROVINCE, COUNTRY_NAME, LOCATION_ID, STREET_ADDRESS) VALUES (44, 'RRRRRRRRRRRRRRRRRRR', 'RRRRRRRRRRRRRRRRRRR', 'RRRRRRRRRRRRRRRRRRR', 'RRRRRRRRRRRRRRRRRRR', 44, 'RRRRRRRRRRRRRRRRRRR');
INSERT INTO LOCATIONS (COUNTRY_ID, CITY, POSTAL_CODE, STATE_PROVINCE, COUNTRY_NAME, LOCATION_ID, STREET_ADDRESS) VALUES (45, 'SSSSSSSSSSSSSSSSSSSS', 'SSSSSSSSSSSSSSSSSSSS', 'SSSSSSSSSSSSSSSSSSSS', 'SSSSSSSSSSSSSSSSSSSS', 45, 'SSSSSSSSSSSSSSSSSSSS');
INSERT INTO LOCATIONS (COUNTRY_ID, CITY, POSTAL_CODE, STATE_PROVINCE, COUNTRY_NAME, LOCATION_ID, STREET_ADDRESS) VALUES (46, 'TTTTTTTTTTTTTTTTTTTTT', 'TTTTTTTTTTTTTTTTTTTTT', 'TTTTTTTTTTTTTTTTTTTTT', 'TTTTTTTTTTTTTTTTTTTTT', 46, 'TTTTTTTTTTTTTTTTTTTTT');
INSERT INTO LOCATIONS (COUNTRY_ID, CITY, POSTAL_CODE, STATE_PROVINCE, COUNTRY_NAME, LOCATION_ID, STREET_ADDRESS) VALUES (47, 'UUUUUUUUUUUUUUUUUUUUUU', 'UUUUUUUUUUUUUUUUUUUUUU', 'UUUUUUUUUUUUUUUUUUUUUU', 'UUUUUUUUUUUUUUUUUUUUUU', 47, 'UUUUUUUUUUUUUUUUUUUUUU');
INSERT INTO LOCATIONS (COUNTRY_ID, CITY, POSTAL_CODE, STATE_PROVINCE, COUNTRY_NAME, LOCATION_ID, STREET_ADDRESS) VALUES (48, 'VVVVVVVVVVVVVVVVVVVVVVV', 'VVVVVVVVVVVVVVVVVVVVVVV', 'VVVVVVVVVVVVVVVVVVVVVVV', 'VVVVVVVVVVVVVVVVVVVVVVV', 48, 'VVVVVVVVVVVVVVVVVVVVVVV');
INSERT INTO LOCATIONS (COUNTRY_ID, CITY, POSTAL_CODE, STATE_PROVINCE, COUNTRY_NAME, LOCATION_ID, STREET_ADDRESS) VALUES (49, 'WWWWWWWWWWWWWWWWWWWWWWWW', 'WWWWWWWWWWWWWWWWWWWWWWWW', 'WWWWWWWWWWWWWWWWWWWWWWWW', 'WWWWWWWWWWWWWWWWWWWWWWWW', 49, 'WWWWWWWWWWWWWWWWWWWWWWWW');
INSERT INTO LOCATIONS (COUNTRY_ID, CITY, POSTAL_CODE, STATE_PROVINCE, COUNTRY_NAME, LOCATION_ID, STREET_ADDRESS) VALUES (50, 'XXXXXXXXXXXXXXXXXXXXXXXXX', 'XXXXXXXXXXXXXXXXXXXXXXXXX', 'XXXXXXXXXXXXXXXXXXXXXXXXX', 'XXXXXXXXXXXXXXXXXXXXXXXXX', 50, 'XXXXXXXXXXXXXXXXXXXXXXXXX');
INSERT INTO LOCATIONS (COUNTRY_ID, CITY, POSTAL_CODE, STATE_PROVINCE, COUNTRY_NAME, LOCATION_ID, STREET_ADDRESS) VALUES (51, 'YYYYYYYYYYYYYYYYYYYYYYYYYY', 'YYYYYYYYYYYYYYYYYYYYYYYYYY', 'YYYYYYYYYYYYYYYYYYYYYYYYYY', 'YYYYYYYYYYYYYYYYYYYYYYYYYY', 51, 'YYYYYYYYYYYYYYYYYYYYYYYYYY');
INSERT INTO LOCATIONS (COUNTRY_ID, CITY, POSTAL_CODE, STATE_PROVINCE, COUNTRY_NAME, LOCATION_ID, STREET_ADDRESS) VALUES (52, 'AA_', 'AA_', 'AA_', 'AA_', 52, 'AA_');
INSERT INTO LOCATIONS (COUNTRY_ID, CITY, POSTAL_CODE, STATE_PROVINCE, COUNTRY_NAME, LOCATION_ID, STREET_ADDRESS) VALUES (53, 'AAA', 'AAA', 'AAA', 'AAA', 53, 'AAA');
INSERT INTO LOCATIONS (COUNTRY_ID, CITY, POSTAL_CODE, STATE_PROVINCE, COUNTRY_NAME, LOCATION_ID, STREET_ADDRESS) VALUES (54, 'BBBB', 'BBBB', 'BBBB', 'BBBB', 54, 'BBBB');
INSERT INTO LOCATIONS (COUNTRY_ID, CITY, POSTAL_CODE, STATE_PROVINCE, COUNTRY_NAME, LOCATION_ID, STREET_ADDRESS) VALUES (55, 'CCCCC', 'CCCCC', 'CCCCC', 'CCCCC', 55, 'CCCCC');
INSERT INTO LOCATIONS (COUNTRY_ID, CITY, POSTAL_CODE, STATE_PROVINCE, COUNTRY_NAME, LOCATION_ID, STREET_ADDRESS) VALUES (56, 'DDDDDD', 'DDDDDD', 'DDDDDD', 'DDDDDD', 56, 'DDDDDD');
INSERT INTO LOCATIONS (COUNTRY_ID, CITY, POSTAL_CODE, STATE_PROVINCE, COUNTRY_NAME, LOCATION_ID, STREET_ADDRESS) VALUES (57, 'EEEEEEE', 'EEEEEEE', 'EEEEEEE', 'EEEEEEE', 57, 'EEEEEEE');
INSERT INTO LOCATIONS (COUNTRY_ID, CITY, POSTAL_CODE, STATE_PROVINCE, COUNTRY_NAME, LOCATION_ID, STREET_ADDRESS) VALUES (58, 'FFFFFFFF', 'FFFFFFFF', 'FFFFFFFF', 'FFFFFFFF', 58, 'FFFFFFFF');
INSERT INTO LOCATIONS (COUNTRY_ID, CITY, POSTAL_CODE, STATE_PROVINCE, COUNTRY_NAME, LOCATION_ID, STREET_ADDRESS) VALUES (59, 'GGGGGGGGG', 'GGGGGGGGG', 'GGGGGGGGG', 'GGGGGGGGG', 59, 'GGGGGGGGG');
INSERT INTO LOCATIONS (COUNTRY_ID, CITY, POSTAL_CODE, STATE_PROVINCE, COUNTRY_NAME, LOCATION_ID, STREET_ADDRESS) VALUES (60, 'HHHHHHHHHH', 'HHHHHHHHHH', 'HHHHHHHHHH', 'HHHHHHHHHH', 60, 'HHHHHHHHHH');
INSERT INTO LOCATIONS (COUNTRY_ID, CITY, POSTAL_CODE, STATE_PROVINCE, COUNTRY_NAME, LOCATION_ID, STREET_ADDRESS) VALUES (61, 'IIIIIIIIIII', 'IIIIIIIIIII', 'IIIIIIIIIII', 'IIIIIIIIIII', 61, 'IIIIIIIIIII');
INSERT INTO LOCATIONS (COUNTRY_ID, CITY, POSTAL_CODE, STATE_PROVINCE, COUNTRY_NAME, LOCATION_ID, STREET_ADDRESS) VALUES (62, 'JJJJJJJJJJJJ', 'JJJJJJJJJJJJ', 'JJJJJJJJJJJJ', 'JJJJJJJJJJJJ', 62, 'JJJJJJJJJJJJ');
INSERT INTO LOCATIONS (COUNTRY_ID, CITY, POSTAL_CODE, STATE_PROVINCE, COUNTRY_NAME, LOCATION_ID, STREET_ADDRESS) VALUES (63, 'KKKKKKKKKKKKK', 'KKKKKKKKKKKKK', 'KKKKKKKKKKKKK', 'KKKKKKKKKKKKK', 63, 'KKKKKKKKKKKKK');
INSERT INTO LOCATIONS (COUNTRY_ID, CITY, POSTAL_CODE, STATE_PROVINCE, COUNTRY_NAME, LOCATION_ID, STREET_ADDRESS) VALUES (64, 'LLLLLLLLLLLLLL', 'LLLLLLLLLLLLLL', 'LLLLLLLLLLLLLL', 'LLLLLLLLLLLLLL', 64, 'LLLLLLLLLLLLLL');
INSERT INTO LOCATIONS (COUNTRY_ID, CITY, POSTAL_CODE, STATE_PROVINCE, COUNTRY_NAME, LOCATION_ID, STREET_ADDRESS) VALUES (65, 'MMMMMMMMMMMMMMM', 'MMMMMMMMMMMMMMM', 'MMMMMMMMMMMMMMM', 'MMMMMMMMMMMMMMM', 65, 'MMMMMMMMMMMMMMM');
INSERT INTO LOCATIONS (COUNTRY_ID, CITY, POSTAL_CODE, STATE_PROVINCE, COUNTRY_NAME, LOCATION_ID, STREET_ADDRESS) VALUES (66, 'NNNNNNNNNNNNNNNN', 'NNNNNNNNNNNNNNNN', 'NNNNNNNNNNNNNNNN', 'NNNNNNNNNNNNNNNN', 66, 'NNNNNNNNNNNNNNNN');
INSERT INTO LOCATIONS (COUNTRY_ID, CITY, POSTAL_CODE, STATE_PROVINCE, COUNTRY_NAME, LOCATION_ID, STREET_ADDRESS) VALUES (67, 'OOOOOOOOOOOOOOOOO', 'OOOOOOOOOOOOOOOOO', 'OOOOOOOOOOOOOOOOO', 'OOOOOOOOOOOOOOOOO', 67, 'OOOOOOOOOOOOOOOOO');
INSERT INTO LOCATIONS (COUNTRY_ID, CITY, POSTAL_CODE, STATE_PROVINCE, COUNTRY_NAME, LOCATION_ID, STREET_ADDRESS) VALUES (68, 'PPPPPPPPPPPPPPPPPP', 'PPPPPPPPPPPPPPPPPP', 'PPPPPPPPPPPPPPPPPP', 'PPPPPPPPPPPPPPPPPP', 68, 'PPPPPPPPPPPPPPPPPP');
INSERT INTO LOCATIONS (COUNTRY_ID, CITY, POSTAL_CODE, STATE_PROVINCE, COUNTRY_NAME, LOCATION_ID, STREET_ADDRESS) VALUES (69, 'QQQQQQQQQQQQQQQQQQQ', 'QQQQQQQQQQQQQQQQQQQ', 'QQQQQQQQQQQQQQQQQQQ', 'QQQQQQQQQQQQQQQQQQQ', 69, 'QQQQQQQQQQQQQQQQQQQ');
INSERT INTO LOCATIONS (COUNTRY_ID, CITY, POSTAL_CODE, STATE_PROVINCE, COUNTRY_NAME, LOCATION_ID, STREET_ADDRESS) VALUES (70, 'RRRRRRRRRRRRRRRRRRRR', 'RRRRRRRRRRRRRRRRRRRR', 'RRRRRRRRRRRRRRRRRRRR', 'RRRRRRRRRRRRRRRRRRRR', 70, 'RRRRRRRRRRRRRRRRRRRR');
INSERT INTO LOCATIONS (COUNTRY_ID, CITY, POSTAL_CODE, STATE_PROVINCE, COUNTRY_NAME, LOCATION_ID, STREET_ADDRESS) VALUES (71, 'SSSSSSSSSSSSSSSSSSSSS', 'SSSSSSSSSSSSSSSSSSSSS', 'SSSSSSSSSSSSSSSSSSSSS', 'SSSSSSSSSSSSSSSSSSSSS', 71, 'SSSSSSSSSSSSSSSSSSSSS');
INSERT INTO LOCATIONS (COUNTRY_ID, CITY, POSTAL_CODE, STATE_PROVINCE, COUNTRY_NAME, LOCATION_ID, STREET_ADDRESS) VALUES (72, 'TTTTTTTTTTTTTTTTTTTTTT', 'TTTTTTTTTTTTTTTTTTTTTT', 'TTTTTTTTTTTTTTTTTTTTTT', 'TTTTTTTTTTTTTTTTTTTTTT', 72, 'TTTTTTTTTTTTTTTTTTTTTT');
INSERT INTO LOCATIONS (COUNTRY_ID, CITY, POSTAL_CODE, STATE_PROVINCE, COUNTRY_NAME, LOCATION_ID, STREET_ADDRESS) VALUES (73, 'UUUUUUUUUUUUUUUUUUUUUUU', 'UUUUUUUUUUUUUUUUUUUUUUU', 'UUUUUUUUUUUUUUUUUUUUUUU', 'UUUUUUUUUUUUUUUUUUUUUUU', 73, 'UUUUUUUUUUUUUUUUUUUUUUU');
INSERT INTO LOCATIONS (COUNTRY_ID, CITY, POSTAL_CODE, STATE_PROVINCE, COUNTRY_NAME, LOCATION_ID, STREET_ADDRESS) VALUES (74, 'VVVVVVVVVVVVVVVVVVVVVVVV', 'VVVVVVVVVVVVVVVVVVVVVVVV', 'VVVVVVVVVVVVVVVVVVVVVVVV', 'VVVVVVVVVVVVVVVVVVVVVVVV', 74, 'VVVVVVVVVVVVVVVVVVVVVVVV');
INSERT INTO LOCATIONS (COUNTRY_ID, CITY, POSTAL_CODE, STATE_PROVINCE, COUNTRY_NAME, LOCATION_ID, STREET_ADDRESS) VALUES (75, 'WWWWWWWWWWWWWWWWWWWWWWWWW', 'WWWWWWWWWWWWWWWWWWWWWWWWW', 'WWWWWWWWWWWWWWWWWWWWWWWWW', 'WWWWWWWWWWWWWWWWWWWWWWWWW', 75, 'WWWWWWWWWWWWWWWWWWWWWWWWW');
INSERT INTO LOCATIONS (COUNTRY_ID, CITY, POSTAL_CODE, STATE_PROVINCE, COUNTRY_NAME, LOCATION_ID, STREET_ADDRESS) VALUES (76, 'XXXXXXXXXXXXXXXXXXXXXXXXXX', 'XXXXXXXXXXXXXXXXXXXXXXXXXX', 'XXXXXXXXXXXXXXXXXXXXXXXXXX', 'XXXXXXXXXXXXXXXXXXXXXXXXXX', 76, 'XXXXXXXXXXXXXXXXXXXXXXXXXX');
INSERT INTO LOCATIONS (COUNTRY_ID, CITY, POSTAL_CODE, STATE_PROVINCE, COUNTRY_NAME, LOCATION_ID, STREET_ADDRESS) VALUES (77, 'YYYYYYYYYYYYYYYYYYYYYYYYYYY', 'YYYYYYYYYYYYYYYYYYYYYYYYYYY', 'YYYYYYYYYYYYYYYYYYYYYYYYYYY', 'YYYYYYYYYYYYYYYYYYYYYYYYYYY', 77, 'YYYYYYYYYYYYYYYYYYYYYYYYYYY');
INSERT INTO LOCATIONS (COUNTRY_ID, CITY, POSTAL_CODE, STATE_PROVINCE, COUNTRY_NAME, LOCATION_ID, STREET_ADDRESS) VALUES (78, 'AAA_', 'AAA_', 'AAA_', 'AAA_', 78, 'AAA_');
INSERT INTO LOCATIONS (COUNTRY_ID, CITY, POSTAL_CODE, STATE_PROVINCE, COUNTRY_NAME, LOCATION_ID, STREET_ADDRESS) VALUES (79, 'AAAA', 'AAAA', 'AAAA', 'AAAA', 79, 'AAAA');
INSERT INTO LOCATIONS (COUNTRY_ID, CITY, POSTAL_CODE, STATE_PROVINCE, COUNTRY_NAME, LOCATION_ID, STREET_ADDRESS) VALUES (80, 'BBBBB', 'BBBBB', 'BBBBB', 'BBBBB', 80, 'BBBBB');
INSERT INTO LOCATIONS (COUNTRY_ID, CITY, POSTAL_CODE, STATE_PROVINCE, COUNTRY_NAME, LOCATION_ID, STREET_ADDRESS) VALUES (81, 'CCCCCC', 'CCCCCC', 'CCCCCC', 'CCCCCC', 81, 'CCCCCC');
INSERT INTO LOCATIONS (COUNTRY_ID, CITY, POSTAL_CODE, STATE_PROVINCE, COUNTRY_NAME, LOCATION_ID, STREET_ADDRESS) VALUES (82, 'DDDDDDD', 'DDDDDDD', 'DDDDDDD', 'DDDDDDD', 82, 'DDDDDDD');
INSERT INTO LOCATIONS (COUNTRY_ID, CITY, POSTAL_CODE, STATE_PROVINCE, COUNTRY_NAME, LOCATION_ID, STREET_ADDRESS) VALUES (83, 'EEEEEEEE', 'EEEEEEEE', 'EEEEEEEE', 'EEEEEEEE', 83, 'EEEEEEEE');
INSERT INTO LOCATIONS (COUNTRY_ID, CITY, POSTAL_CODE, STATE_PROVINCE, COUNTRY_NAME, LOCATION_ID, STREET_ADDRESS) VALUES (84, 'FFFFFFFFF', 'FFFFFFFFF', 'FFFFFFFFF', 'FFFFFFFFF', 84, 'FFFFFFFFF');
INSERT INTO LOCATIONS (COUNTRY_ID, CITY, POSTAL_CODE, STATE_PROVINCE, COUNTRY_NAME, LOCATION_ID, STREET_ADDRESS) VALUES (85, 'GGGGGGGGGG', 'GGGGGGGGGG', 'GGGGGGGGGG', 'GGGGGGGGGG', 85, 'GGGGGGGGGG');
INSERT INTO LOCATIONS (COUNTRY_ID, CITY, POSTAL_CODE, STATE_PROVINCE, COUNTRY_NAME, LOCATION_ID, STREET_ADDRESS) VALUES (86, 'HHHHHHHHHHH', 'HHHHHHHHHHH', 'HHHHHHHHHHH', 'HHHHHHHHHHH', 86, 'HHHHHHHHHHH');
INSERT INTO LOCATIONS (COUNTRY_ID, CITY, POSTAL_CODE, STATE_PROVINCE, COUNTRY_NAME, LOCATION_ID, STREET_ADDRESS) VALUES (87, 'IIIIIIIIIIII', 'IIIIIIIIIIII', 'IIIIIIIIIIII', 'IIIIIIIIIIII', 87, 'IIIIIIIIIIII');
INSERT INTO LOCATIONS (COUNTRY_ID, CITY, POSTAL_CODE, STATE_PROVINCE, COUNTRY_NAME, LOCATION_ID, STREET_ADDRESS) VALUES (88, 'JJJJJJJJJJJJJ', 'JJJJJJJJJJJJJ', 'JJJJJJJJJJJJJ', 'JJJJJJJJJJJJJ', 88, 'JJJJJJJJJJJJJ');
INSERT INTO LOCATIONS (COUNTRY_ID, CITY, POSTAL_CODE, STATE_PROVINCE, COUNTRY_NAME, LOCATION_ID, STREET_ADDRESS) VALUES (89, 'KKKKKKKKKKKKKK', 'KKKKKKKKKKKKKK', 'KKKKKKKKKKKKKK', 'KKKKKKKKKKKKKK', 89, 'KKKKKKKKKKKKKK');
INSERT INTO LOCATIONS (COUNTRY_ID, CITY, POSTAL_CODE, STATE_PROVINCE, COUNTRY_NAME, LOCATION_ID, STREET_ADDRESS) VALUES (90, 'LLLLLLLLLLLLLLL', 'LLLLLLLLLLLLLLL', 'LLLLLLLLLLLLLLL', 'LLLLLLLLLLLLLLL', 90, 'LLLLLLLLLLLLLLL');
INSERT INTO LOCATIONS (COUNTRY_ID, CITY, POSTAL_CODE, STATE_PROVINCE, COUNTRY_NAME, LOCATION_ID, STREET_ADDRESS) VALUES (91, 'MMMMMMMMMMMMMMMM', 'MMMMMMMMMMMMMMMM', 'MMMMMMMMMMMMMMMM', 'MMMMMMMMMMMMMMMM', 91, 'MMMMMMMMMMMMMMMM');
INSERT INTO LOCATIONS (COUNTRY_ID, CITY, POSTAL_CODE, STATE_PROVINCE, COUNTRY_NAME, LOCATION_ID, STREET_ADDRESS) VALUES (92, 'NNNNNNNNNNNNNNNNN', 'NNNNNNNNNNNNNNNNN', 'NNNNNNNNNNNNNNNNN', 'NNNNNNNNNNNNNNNNN', 92, 'NNNNNNNNNNNNNNNNN');
INSERT INTO LOCATIONS (COUNTRY_ID, CITY, POSTAL_CODE, STATE_PROVINCE, COUNTRY_NAME, LOCATION_ID, STREET_ADDRESS) VALUES (93, 'OOOOOOOOOOOOOOOOOO', 'OOOOOOOOOOOOOOOOOO', 'OOOOOOOOOOOOOOOOOO', 'OOOOOOOOOOOOOOOOOO', 93, 'OOOOOOOOOOOOOOOOOO');
INSERT INTO LOCATIONS (COUNTRY_ID, CITY, POSTAL_CODE, STATE_PROVINCE, COUNTRY_NAME, LOCATION_ID, STREET_ADDRESS) VALUES (94, 'PPPPPPPPPPPPPPPPPPP', 'PPPPPPPPPPPPPPPPPPP', 'PPPPPPPPPPPPPPPPPPP', 'PPPPPPPPPPPPPPPPPPP', 94, 'PPPPPPPPPPPPPPPPPPP');
INSERT INTO LOCATIONS (COUNTRY_ID, CITY, POSTAL_CODE, STATE_PROVINCE, COUNTRY_NAME, LOCATION_ID, STREET_ADDRESS) VALUES (95, 'QQQQQQQQQQQQQQQQQQQQ', 'QQQQQQQQQQQQQQQQQQQQ', 'QQQQQQQQQQQQQQQQQQQQ', 'QQQQQQQQQQQQQQQQQQQQ', 95, 'QQQQQQQQQQQQQQQQQQQQ');
INSERT INTO LOCATIONS (COUNTRY_ID, CITY, POSTAL_CODE, STATE_PROVINCE, COUNTRY_NAME, LOCATION_ID, STREET_ADDRESS) VALUES (96, 'RRRRRRRRRRRRRRRRRRRRR', 'RRRRRRRRRRRRRRRRRRRRR', 'RRRRRRRRRRRRRRRRRRRRR', 'RRRRRRRRRRRRRRRRRRRRR', 96, 'RRRRRRRRRRRRRRRRRRRRR');
INSERT INTO LOCATIONS (COUNTRY_ID, CITY, POSTAL_CODE, STATE_PROVINCE, COUNTRY_NAME, LOCATION_ID, STREET_ADDRESS) VALUES (97, 'SSSSSSSSSSSSSSSSSSSSSS', 'SSSSSSSSSSSSSSSSSSSSSS', 'SSSSSSSSSSSSSSSSSSSSSS', 'SSSSSSSSSSSSSSSSSSSSSS', 97, 'SSSSSSSSSSSSSSSSSSSSSS');
INSERT INTO LOCATIONS (COUNTRY_ID, CITY, POSTAL_CODE, STATE_PROVINCE, COUNTRY_NAME, LOCATION_ID, STREET_ADDRESS) VALUES (98, 'TTTTTTTTTTTTTTTTTTTTTTT', 'TTTTTTTTTTTTTTTTTTTTTTT', 'TTTTTTTTTTTTTTTTTTTTTTT', 'TTTTTTTTTTTTTTTTTTTTTTT', 98, 'TTTTTTTTTTTTTTTTTTTTTTT');
INSERT INTO LOCATIONS (COUNTRY_ID, CITY, POSTAL_CODE, STATE_PROVINCE, COUNTRY_NAME, LOCATION_ID, STREET_ADDRESS) VALUES (99, 'UUUUUUUUUUUUUUUUUUUUUUUU', 'UUUUUUUUUUUUUUUUUUUUUUUU', 'UUUUUUUUUUUUUUUUUUUUUUUU', 'UUUUUUUUUUUUUUUUUUUUUUUU', 99, 'UUUUUUUUUUUUUUUUUUUUUUUU');
INSERT INTO LOCATIONS (COUNTRY_ID, CITY, POSTAL_CODE, STATE_PROVINCE, COUNTRY_NAME, LOCATION_ID, STREET_ADDRESS) VALUES (100, 'VVVVVVVVVVVVVVVVVVVVVVVVV', 'VVVVVVVVVVVVVVVVVVVVVVVVV', 'VVVVVVVVVVVVVVVVVVVVVVVVV', 'VVVVVVVVVVVVVVVVVVVVVVVVV', 100, 'VVVVVVVVVVVVVVVVVVVVVVVVV');
/* ------------- OFFER ---------------- */ 
INSERT INTO OFFER (LOCATION, CUSTOMERID) VALUES ('A', 1);
INSERT INTO OFFER (LOCATION, CUSTOMERID) VALUES ('B', 2);
INSERT INTO OFFER (LOCATION, CUSTOMERID) VALUES ('C', 3);
INSERT INTO OFFER (LOCATION, CUSTOMERID) VALUES ('D', 4);
INSERT INTO OFFER (LOCATION, CUSTOMERID) VALUES ('E', 5);
INSERT INTO OFFER (LOCATION, CUSTOMERID) VALUES ('F', 6);
INSERT INTO OFFER (LOCATION, CUSTOMERID) VALUES ('G', 7);
INSERT INTO OFFER (LOCATION, CUSTOMERID) VALUES ('H', 8);
INSERT INTO OFFER (LOCATION, CUSTOMERID) VALUES ('I', 9);
INSERT INTO OFFER (LOCATION, CUSTOMERID) VALUES ('J', 10);
INSERT INTO OFFER (LOCATION, CUSTOMERID) VALUES ('K', 11);
INSERT INTO OFFER (LOCATION, CUSTOMERID) VALUES ('L', 12);
INSERT INTO OFFER (LOCATION, CUSTOMERID) VALUES ('M', 13);
INSERT INTO OFFER (LOCATION, CUSTOMERID) VALUES ('N', 14);
INSERT INTO OFFER (LOCATION, CUSTOMERID) VALUES ('O', 15);
INSERT INTO OFFER (LOCATION, CUSTOMERID) VALUES ('P', 16);
INSERT INTO OFFER (LOCATION, CUSTOMERID) VALUES ('Q', 17);
INSERT INTO OFFER (LOCATION, CUSTOMERID) VALUES ('R', 18);
INSERT INTO OFFER (LOCATION, CUSTOMERID) VALUES ('S', 19);
INSERT INTO OFFER (LOCATION, CUSTOMERID) VALUES ('T', 20);
INSERT INTO OFFER (LOCATION, CUSTOMERID) VALUES ('U', 21);
INSERT INTO OFFER (LOCATION, CUSTOMERID) VALUES ('V', 22);
INSERT INTO OFFER (LOCATION, CUSTOMERID) VALUES ('W', 23);
INSERT INTO OFFER (LOCATION, CUSTOMERID) VALUES ('X', 24);
INSERT INTO OFFER (LOCATION, CUSTOMERID) VALUES ('Y', 25);
INSERT INTO OFFER (LOCATION, CUSTOMERID) VALUES ('Z', 26);
INSERT INTO OFFER (LOCATION, CUSTOMERID) VALUES ('AA', 27);
INSERT INTO OFFER (LOCATION, CUSTOMERID) VALUES ('BBB', 28);
INSERT INTO OFFER (LOCATION, CUSTOMERID) VALUES ('CCCC', 29);
INSERT INTO OFFER (LOCATION, CUSTOMERID) VALUES ('DDDDD', 30);
INSERT INTO OFFER (LOCATION, CUSTOMERID) VALUES ('EEEEEE', 31);
INSERT INTO OFFER (LOCATION, CUSTOMERID) VALUES ('FFFFFFF', 32);
INSERT INTO OFFER (LOCATION, CUSTOMERID) VALUES ('GGGGGGGG', 33);
INSERT INTO OFFER (LOCATION, CUSTOMERID) VALUES ('HHHHHHHHH', 34);
INSERT INTO OFFER (LOCATION, CUSTOMERID) VALUES ('IIIIIIIIII', 35);
INSERT INTO OFFER (LOCATION, CUSTOMERID) VALUES ('JJJJJJJJJJJ', 36);
INSERT INTO OFFER (LOCATION, CUSTOMERID) VALUES ('KKKKKKKKKKKK', 37);
INSERT INTO OFFER (LOCATION, CUSTOMERID) VALUES ('LLLLLLLLLLLLL', 38);
INSERT INTO OFFER (LOCATION, CUSTOMERID) VALUES ('MMMMMMMMMMMMMM', 39);
INSERT INTO OFFER (LOCATION, CUSTOMERID) VALUES ('NNNNNNNNNNNNNNN', 40);
INSERT INTO OFFER (LOCATION, CUSTOMERID) VALUES ('OOOOOOOOOOOOOOOO', 41);
INSERT INTO OFFER (LOCATION, CUSTOMERID) VALUES ('PPPPPPPPPPPPPPPPP', 42);
INSERT INTO OFFER (LOCATION, CUSTOMERID) VALUES ('QQQQQQQQQQQQQQQQQQ', 43);
INSERT INTO OFFER (LOCATION, CUSTOMERID) VALUES ('RRRRRRRRRRRRRRRRRRR', 44);
INSERT INTO OFFER (LOCATION, CUSTOMERID) VALUES ('SSSSSSSSSSSSSSSSSSSS', 45);
INSERT INTO OFFER (LOCATION, CUSTOMERID) VALUES ('TTTTTTTTTTTTTTTTTTTTT', 46);
INSERT INTO OFFER (LOCATION, CUSTOMERID) VALUES ('UUUUUUUUUUUUUUUUUUUUUU', 47);
INSERT INTO OFFER (LOCATION, CUSTOMERID) VALUES ('VVVVVVVVVVVVVVVVVVVVVVV', 48);
INSERT INTO OFFER (LOCATION, CUSTOMERID) VALUES ('WWWWWWWWWWWWWWWWWWWWWWWW', 49);
INSERT INTO OFFER (LOCATION, CUSTOMERID) VALUES ('XXXXXXXXXXXXXXXXXXXXXXXXX', 50);
INSERT INTO OFFER (LOCATION, CUSTOMERID) VALUES ('YYYYYYYYYYYYYYYYYYYYYYYYYY', 51);
INSERT INTO OFFER (LOCATION, CUSTOMERID) VALUES ('AA_', 52);
INSERT INTO OFFER (LOCATION, CUSTOMERID) VALUES ('AAA', 53);
INSERT INTO OFFER (LOCATION, CUSTOMERID) VALUES ('BBBB', 54);
INSERT INTO OFFER (LOCATION, CUSTOMERID) VALUES ('CCCCC', 55);
INSERT INTO OFFER (LOCATION, CUSTOMERID) VALUES ('DDDDDD', 56);
INSERT INTO OFFER (LOCATION, CUSTOMERID) VALUES ('EEEEEEE', 57);
INSERT INTO OFFER (LOCATION, CUSTOMERID) VALUES ('FFFFFFFF', 58);
INSERT INTO OFFER (LOCATION, CUSTOMERID) VALUES ('GGGGGGGGG', 59);
INSERT INTO OFFER (LOCATION, CUSTOMERID) VALUES ('HHHHHHHHHH', 60);
INSERT INTO OFFER (LOCATION, CUSTOMERID) VALUES ('IIIIIIIIIII', 61);
INSERT INTO OFFER (LOCATION, CUSTOMERID) VALUES ('JJJJJJJJJJJJ', 62);
INSERT INTO OFFER (LOCATION, CUSTOMERID) VALUES ('KKKKKKKKKKKKK', 63);
INSERT INTO OFFER (LOCATION, CUSTOMERID) VALUES ('LLLLLLLLLLLLLL', 64);
INSERT INTO OFFER (LOCATION, CUSTOMERID) VALUES ('MMMMMMMMMMMMMMM', 65);
INSERT INTO OFFER (LOCATION, CUSTOMERID) VALUES ('NNNNNNNNNNNNNNNN', 66);
INSERT INTO OFFER (LOCATION, CUSTOMERID) VALUES ('OOOOOOOOOOOOOOOOO', 67);
INSERT INTO OFFER (LOCATION, CUSTOMERID) VALUES ('PPPPPPPPPPPPPPPPPP', 68);
INSERT INTO OFFER (LOCATION, CUSTOMERID) VALUES ('QQQQQQQQQQQQQQQQQQQ', 69);
INSERT INTO OFFER (LOCATION, CUSTOMERID) VALUES ('RRRRRRRRRRRRRRRRRRRR', 70);
INSERT INTO OFFER (LOCATION, CUSTOMERID) VALUES ('SSSSSSSSSSSSSSSSSSSSS', 71);
INSERT INTO OFFER (LOCATION, CUSTOMERID) VALUES ('TTTTTTTTTTTTTTTTTTTTTT', 72);
INSERT INTO OFFER (LOCATION, CUSTOMERID) VALUES ('UUUUUUUUUUUUUUUUUUUUUUU', 73);
INSERT INTO OFFER (LOCATION, CUSTOMERID) VALUES ('VVVVVVVVVVVVVVVVVVVVVVVV', 74);
INSERT INTO OFFER (LOCATION, CUSTOMERID) VALUES ('WWWWWWWWWWWWWWWWWWWWWWWWW', 75);
INSERT INTO OFFER (LOCATION, CUSTOMERID) VALUES ('XXXXXXXXXXXXXXXXXXXXXXXXXX', 76);
INSERT INTO OFFER (LOCATION, CUSTOMERID) VALUES ('YYYYYYYYYYYYYYYYYYYYYYYYYYY', 77);
INSERT INTO OFFER (LOCATION, CUSTOMERID) VALUES ('AAA_', 78);
INSERT INTO OFFER (LOCATION, CUSTOMERID) VALUES ('AAAA', 79);
INSERT INTO OFFER (LOCATION, CUSTOMERID) VALUES ('BBBBB', 80);
INSERT INTO OFFER (LOCATION, CUSTOMERID) VALUES ('CCCCCC', 81);
INSERT INTO OFFER (LOCATION, CUSTOMERID) VALUES ('DDDDDDD', 82);
INSERT INTO OFFER (LOCATION, CUSTOMERID) VALUES ('EEEEEEEE', 83);
INSERT INTO OFFER (LOCATION, CUSTOMERID) VALUES ('FFFFFFFFF', 84);
INSERT INTO OFFER (LOCATION, CUSTOMERID) VALUES ('GGGGGGGGGG', 85);
INSERT INTO OFFER (LOCATION, CUSTOMERID) VALUES ('HHHHHHHHHHH', 86);
INSERT INTO OFFER (LOCATION, CUSTOMERID) VALUES ('IIIIIIIIIIII', 87);
INSERT INTO OFFER (LOCATION, CUSTOMERID) VALUES ('JJJJJJJJJJJJJ', 88);
INSERT INTO OFFER (LOCATION, CUSTOMERID) VALUES ('KKKKKKKKKKKKKK', 89);
INSERT INTO OFFER (LOCATION, CUSTOMERID) VALUES ('LLLLLLLLLLLLLLL', 90);
INSERT INTO OFFER (LOCATION, CUSTOMERID) VALUES ('MMMMMMMMMMMMMMMM', 91);
INSERT INTO OFFER (LOCATION, CUSTOMERID) VALUES ('NNNNNNNNNNNNNNNNN', 92);
INSERT INTO OFFER (LOCATION, CUSTOMERID) VALUES ('OOOOOOOOOOOOOOOOOO', 93);
INSERT INTO OFFER (LOCATION, CUSTOMERID) VALUES ('PPPPPPPPPPPPPPPPPPP', 94);
INSERT INTO OFFER (LOCATION, CUSTOMERID) VALUES ('QQQQQQQQQQQQQQQQQQQQ', 95);
INSERT INTO OFFER (LOCATION, CUSTOMERID) VALUES ('RRRRRRRRRRRRRRRRRRRRR', 96);
INSERT INTO OFFER (LOCATION, CUSTOMERID) VALUES ('SSSSSSSSSSSSSSSSSSSSSS', 97);
INSERT INTO OFFER (LOCATION, CUSTOMERID) VALUES ('TTTTTTTTTTTTTTTTTTTTTTT', 98);
INSERT INTO OFFER (LOCATION, CUSTOMERID) VALUES ('UUUUUUUUUUUUUUUUUUUUUUUU', 99);
INSERT INTO OFFER (LOCATION, CUSTOMERID) VALUES ('VVVVVVVVVVVVVVVVVVVVVVVVV', 100);
/* ------------- OFFICES ---------------- */ 
INSERT INTO OFFICES (LOCATION, NUMBEREMPLOYEES, NAME, OFFICE_ID) VALUES ('A', 'A', 'A', 1);
INSERT INTO OFFICES (LOCATION, NUMBEREMPLOYEES, NAME, OFFICE_ID) VALUES ('B', 'B', 'B', 2);
INSERT INTO OFFICES (LOCATION, NUMBEREMPLOYEES, NAME, OFFICE_ID) VALUES ('C', 'C', 'C', 3);
INSERT INTO OFFICES (LOCATION, NUMBEREMPLOYEES, NAME, OFFICE_ID) VALUES ('D', 'D', 'D', 4);
INSERT INTO OFFICES (LOCATION, NUMBEREMPLOYEES, NAME, OFFICE_ID) VALUES ('E', 'E', 'E', 5);
INSERT INTO OFFICES (LOCATION, NUMBEREMPLOYEES, NAME, OFFICE_ID) VALUES ('F', 'F', 'F', 6);
INSERT INTO OFFICES (LOCATION, NUMBEREMPLOYEES, NAME, OFFICE_ID) VALUES ('G', 'G', 'G', 7);
INSERT INTO OFFICES (LOCATION, NUMBEREMPLOYEES, NAME, OFFICE_ID) VALUES ('H', 'H', 'H', 8);
INSERT INTO OFFICES (LOCATION, NUMBEREMPLOYEES, NAME, OFFICE_ID) VALUES ('I', 'I', 'I', 9);
INSERT INTO OFFICES (LOCATION, NUMBEREMPLOYEES, NAME, OFFICE_ID) VALUES ('J', 'J', 'J', 10);
INSERT INTO OFFICES (LOCATION, NUMBEREMPLOYEES, NAME, OFFICE_ID) VALUES ('K', 'K', 'K', 11);
INSERT INTO OFFICES (LOCATION, NUMBEREMPLOYEES, NAME, OFFICE_ID) VALUES ('L', 'L', 'L', 12);
INSERT INTO OFFICES (LOCATION, NUMBEREMPLOYEES, NAME, OFFICE_ID) VALUES ('M', 'M', 'M', 13);
INSERT INTO OFFICES (LOCATION, NUMBEREMPLOYEES, NAME, OFFICE_ID) VALUES ('N', 'N', 'N', 14);
INSERT INTO OFFICES (LOCATION, NUMBEREMPLOYEES, NAME, OFFICE_ID) VALUES ('O', 'O', 'O', 15);
INSERT INTO OFFICES (LOCATION, NUMBEREMPLOYEES, NAME, OFFICE_ID) VALUES ('P', 'P', 'P', 16);
INSERT INTO OFFICES (LOCATION, NUMBEREMPLOYEES, NAME, OFFICE_ID) VALUES ('Q', 'Q', 'Q', 17);
INSERT INTO OFFICES (LOCATION, NUMBEREMPLOYEES, NAME, OFFICE_ID) VALUES ('R', 'R', 'R', 18);
INSERT INTO OFFICES (LOCATION, NUMBEREMPLOYEES, NAME, OFFICE_ID) VALUES ('S', 'S', 'S', 19);
INSERT INTO OFFICES (LOCATION, NUMBEREMPLOYEES, NAME, OFFICE_ID) VALUES ('T', 'T', 'T', 20);
INSERT INTO OFFICES (LOCATION, NUMBEREMPLOYEES, NAME, OFFICE_ID) VALUES ('U', 'U', 'U', 21);
INSERT INTO OFFICES (LOCATION, NUMBEREMPLOYEES, NAME, OFFICE_ID) VALUES ('V', 'V', 'V', 22);
INSERT INTO OFFICES (LOCATION, NUMBEREMPLOYEES, NAME, OFFICE_ID) VALUES ('W', 'W', 'W', 23);
INSERT INTO OFFICES (LOCATION, NUMBEREMPLOYEES, NAME, OFFICE_ID) VALUES ('X', 'X', 'X', 24);
INSERT INTO OFFICES (LOCATION, NUMBEREMPLOYEES, NAME, OFFICE_ID) VALUES ('Y', 'Y', 'Y', 25);
INSERT INTO OFFICES (LOCATION, NUMBEREMPLOYEES, NAME, OFFICE_ID) VALUES ('Z', 'Z', 'Z', 26);
INSERT INTO OFFICES (LOCATION, NUMBEREMPLOYEES, NAME, OFFICE_ID) VALUES ('AA', 'AA', 'AA', 27);
INSERT INTO OFFICES (LOCATION, NUMBEREMPLOYEES, NAME, OFFICE_ID) VALUES ('BBB', 'BBB', 'BBB', 28);
INSERT INTO OFFICES (LOCATION, NUMBEREMPLOYEES, NAME, OFFICE_ID) VALUES ('CCCC', 'CCCC', 'CCCC', 29);
INSERT INTO OFFICES (LOCATION, NUMBEREMPLOYEES, NAME, OFFICE_ID) VALUES ('DDDDD', 'DDDDD', 'DDDDD', 30);
INSERT INTO OFFICES (LOCATION, NUMBEREMPLOYEES, NAME, OFFICE_ID) VALUES ('EEEEEE', 'EEEEEE', 'EEEEEE', 31);
INSERT INTO OFFICES (LOCATION, NUMBEREMPLOYEES, NAME, OFFICE_ID) VALUES ('FFFFFFF', 'FFFFFFF', 'FFFFFFF', 32);
INSERT INTO OFFICES (LOCATION, NUMBEREMPLOYEES, NAME, OFFICE_ID) VALUES ('GGGGGGGG', 'GGGGGGGG', 'GGGGGGGG', 33);
INSERT INTO OFFICES (LOCATION, NUMBEREMPLOYEES, NAME, OFFICE_ID) VALUES ('HHHHHHHHH', 'HHHHHHHHH', 'HHHHHHHHH', 34);
INSERT INTO OFFICES (LOCATION, NUMBEREMPLOYEES, NAME, OFFICE_ID) VALUES ('IIIIIIIIII', 'IIIIIIIIII', 'IIIIIIIIII', 35);
INSERT INTO OFFICES (LOCATION, NUMBEREMPLOYEES, NAME, OFFICE_ID) VALUES ('JJJJJJJJJJJ', 'JJJJJJJJJJJ', 'JJJJJJJJJJJ', 36);
INSERT INTO OFFICES (LOCATION, NUMBEREMPLOYEES, NAME, OFFICE_ID) VALUES ('KKKKKKKKKKKK', 'KKKKKKKKKKKK', 'KKKKKKKKKKKK', 37);
INSERT INTO OFFICES (LOCATION, NUMBEREMPLOYEES, NAME, OFFICE_ID) VALUES ('LLLLLLLLLLLLL', 'LLLLLLLLLLLLL', 'LLLLLLLLLLLLL', 38);
INSERT INTO OFFICES (LOCATION, NUMBEREMPLOYEES, NAME, OFFICE_ID) VALUES ('MMMMMMMMMMMMMM', 'MMMMMMMMMMMMMM', 'MMMMMMMMMMMMMM', 39);
INSERT INTO OFFICES (LOCATION, NUMBEREMPLOYEES, NAME, OFFICE_ID) VALUES ('NNNNNNNNNNNNNNN', 'NNNNNNNNNNNNNNN', 'NNNNNNNNNNNNNNN', 40);
INSERT INTO OFFICES (LOCATION, NUMBEREMPLOYEES, NAME, OFFICE_ID) VALUES ('OOOOOOOOOOOOOOOO', 'OOOOOOOOOOOOOOOO', 'OOOOOOOOOOOOOOOO', 41);
INSERT INTO OFFICES (LOCATION, NUMBEREMPLOYEES, NAME, OFFICE_ID) VALUES ('PPPPPPPPPPPPPPPPP', 'PPPPPPPPPPPPPPPPP', 'PPPPPPPPPPPPPPPPP', 42);
INSERT INTO OFFICES (LOCATION, NUMBEREMPLOYEES, NAME, OFFICE_ID) VALUES ('QQQQQQQQQQQQQQQQQQ', 'QQQQQQQQQQQQQQQQQQ', 'QQQQQQQQQQQQQQQQQQ', 43);
INSERT INTO OFFICES (LOCATION, NUMBEREMPLOYEES, NAME, OFFICE_ID) VALUES ('RRRRRRRRRRRRRRRRRRR', 'RRRRRRRRRRRRRRRRRRR', 'RRRRRRRRRRRRRRRRRRR', 44);
INSERT INTO OFFICES (LOCATION, NUMBEREMPLOYEES, NAME, OFFICE_ID) VALUES ('SSSSSSSSSSSSSSSSSSSS', 'SSSSSSSSSSSSSSSSSSSS', 'SSSSSSSSSSSSSSSSSSSS', 45);
INSERT INTO OFFICES (LOCATION, NUMBEREMPLOYEES, NAME, OFFICE_ID) VALUES ('TTTTTTTTTTTTTTTTTTTTT', 'TTTTTTTTTTTTTTTTTTTTT', 'TTTTTTTTTTTTTTTTTTTTT', 46);
INSERT INTO OFFICES (LOCATION, NUMBEREMPLOYEES, NAME, OFFICE_ID) VALUES ('UUUUUUUUUUUUUUUUUUUUUU', 'UUUUUUUUUUUUUUUUUUUUUU', 'UUUUUUUUUUUUUUUUUUUUUU', 47);
INSERT INTO OFFICES (LOCATION, NUMBEREMPLOYEES, NAME, OFFICE_ID) VALUES ('VVVVVVVVVVVVVVVVVVVVVVV', 'VVVVVVVVVVVVVVVVVVVVVVV', 'VVVVVVVVVVVVVVVVVVVVVVV', 48);
INSERT INTO OFFICES (LOCATION, NUMBEREMPLOYEES, NAME, OFFICE_ID) VALUES ('WWWWWWWWWWWWWWWWWWWWWWWW', 'WWWWWWWWWWWWWWWWWWWWWWWW', 'WWWWWWWWWWWWWWWWWWWWWWWW', 49);
INSERT INTO OFFICES (LOCATION, NUMBEREMPLOYEES, NAME, OFFICE_ID) VALUES ('XXXXXXXXXXXXXXXXXXXXXXXXX', 'XXXXXXXXXXXXXXXXXXXXXXXXX', 'XXXXXXXXXXXXXXXXXXXXXXXXX', 50);
INSERT INTO OFFICES (LOCATION, NUMBEREMPLOYEES, NAME, OFFICE_ID) VALUES ('YYYYYYYYYYYYYYYYYYYYYYYYYY', 'YYYYYYYYYYYYYYYYYYYYYYYYYY', 'YYYYYYYYYYYYYYYYYYYYYYYYYY', 51);
INSERT INTO OFFICES (LOCATION, NUMBEREMPLOYEES, NAME, OFFICE_ID) VALUES ('AA_', 'AA_', 'AA_', 52);
INSERT INTO OFFICES (LOCATION, NUMBEREMPLOYEES, NAME, OFFICE_ID) VALUES ('AAA', 'AAA', 'AAA', 53);
INSERT INTO OFFICES (LOCATION, NUMBEREMPLOYEES, NAME, OFFICE_ID) VALUES ('BBBB', 'BBBB', 'BBBB', 54);
INSERT INTO OFFICES (LOCATION, NUMBEREMPLOYEES, NAME, OFFICE_ID) VALUES ('CCCCC', 'CCCCC', 'CCCCC', 55);
INSERT INTO OFFICES (LOCATION, NUMBEREMPLOYEES, NAME, OFFICE_ID) VALUES ('DDDDDD', 'DDDDDD', 'DDDDDD', 56);
INSERT INTO OFFICES (LOCATION, NUMBEREMPLOYEES, NAME, OFFICE_ID) VALUES ('EEEEEEE', 'EEEEEEE', 'EEEEEEE', 57);
INSERT INTO OFFICES (LOCATION, NUMBEREMPLOYEES, NAME, OFFICE_ID) VALUES ('FFFFFFFF', 'FFFFFFFF', 'FFFFFFFF', 58);
INSERT INTO OFFICES (LOCATION, NUMBEREMPLOYEES, NAME, OFFICE_ID) VALUES ('GGGGGGGGG', 'GGGGGGGGG', 'GGGGGGGGG', 59);
INSERT INTO OFFICES (LOCATION, NUMBEREMPLOYEES, NAME, OFFICE_ID) VALUES ('HHHHHHHHHH', 'HHHHHHHHHH', 'HHHHHHHHHH', 60);
INSERT INTO OFFICES (LOCATION, NUMBEREMPLOYEES, NAME, OFFICE_ID) VALUES ('IIIIIIIIIII', 'IIIIIIIIIII', 'IIIIIIIIIII', 61);
INSERT INTO OFFICES (LOCATION, NUMBEREMPLOYEES, NAME, OFFICE_ID) VALUES ('JJJJJJJJJJJJ', 'JJJJJJJJJJJJ', 'JJJJJJJJJJJJ', 62);
INSERT INTO OFFICES (LOCATION, NUMBEREMPLOYEES, NAME, OFFICE_ID) VALUES ('KKKKKKKKKKKKK', 'KKKKKKKKKKKKK', 'KKKKKKKKKKKKK', 63);
INSERT INTO OFFICES (LOCATION, NUMBEREMPLOYEES, NAME, OFFICE_ID) VALUES ('LLLLLLLLLLLLLL', 'LLLLLLLLLLLLLL', 'LLLLLLLLLLLLLL', 64);
INSERT INTO OFFICES (LOCATION, NUMBEREMPLOYEES, NAME, OFFICE_ID) VALUES ('MMMMMMMMMMMMMMM', 'MMMMMMMMMMMMMMM', 'MMMMMMMMMMMMMMM', 65);
INSERT INTO OFFICES (LOCATION, NUMBEREMPLOYEES, NAME, OFFICE_ID) VALUES ('NNNNNNNNNNNNNNNN', 'NNNNNNNNNNNNNNNN', 'NNNNNNNNNNNNNNNN', 66);
INSERT INTO OFFICES (LOCATION, NUMBEREMPLOYEES, NAME, OFFICE_ID) VALUES ('OOOOOOOOOOOOOOOOO', 'OOOOOOOOOOOOOOOOO', 'OOOOOOOOOOOOOOOOO', 67);
INSERT INTO OFFICES (LOCATION, NUMBEREMPLOYEES, NAME, OFFICE_ID) VALUES ('PPPPPPPPPPPPPPPPPP', 'PPPPPPPPPPPPPPPPPP', 'PPPPPPPPPPPPPPPPPP', 68);
INSERT INTO OFFICES (LOCATION, NUMBEREMPLOYEES, NAME, OFFICE_ID) VALUES ('QQQQQQQQQQQQQQQQQQQ', 'QQQQQQQQQQQQQQQQQQQ', 'QQQQQQQQQQQQQQQQQQQ', 69);
INSERT INTO OFFICES (LOCATION, NUMBEREMPLOYEES, NAME, OFFICE_ID) VALUES ('RRRRRRRRRRRRRRRRRRRR', 'RRRRRRRRRRRRRRRRRRRR', 'RRRRRRRRRRRRRRRRRRRR', 70);
INSERT INTO OFFICES (LOCATION, NUMBEREMPLOYEES, NAME, OFFICE_ID) VALUES ('SSSSSSSSSSSSSSSSSSSSS', 'SSSSSSSSSSSSSSSSSSSSS', 'SSSSSSSSSSSSSSSSSSSSS', 71);
INSERT INTO OFFICES (LOCATION, NUMBEREMPLOYEES, NAME, OFFICE_ID) VALUES ('TTTTTTTTTTTTTTTTTTTTTT', 'TTTTTTTTTTTTTTTTTTTTTT', 'TTTTTTTTTTTTTTTTTTTTTT', 72);
INSERT INTO OFFICES (LOCATION, NUMBEREMPLOYEES, NAME, OFFICE_ID) VALUES ('UUUUUUUUUUUUUUUUUUUUUUU', 'UUUUUUUUUUUUUUUUUUUUUUU', 'UUUUUUUUUUUUUUUUUUUUUUU', 73);
INSERT INTO OFFICES (LOCATION, NUMBEREMPLOYEES, NAME, OFFICE_ID) VALUES ('VVVVVVVVVVVVVVVVVVVVVVVV', 'VVVVVVVVVVVVVVVVVVVVVVVV', 'VVVVVVVVVVVVVVVVVVVVVVVV', 74);
INSERT INTO OFFICES (LOCATION, NUMBEREMPLOYEES, NAME, OFFICE_ID) VALUES ('WWWWWWWWWWWWWWWWWWWWWWWWW', 'WWWWWWWWWWWWWWWWWWWWWWWWW', 'WWWWWWWWWWWWWWWWWWWWWWWWW', 75);
INSERT INTO OFFICES (LOCATION, NUMBEREMPLOYEES, NAME, OFFICE_ID) VALUES ('XXXXXXXXXXXXXXXXXXXXXXXXXX', 'XXXXXXXXXXXXXXXXXXXXXXXXXX', 'XXXXXXXXXXXXXXXXXXXXXXXXXX', 76);
INSERT INTO OFFICES (LOCATION, NUMBEREMPLOYEES, NAME, OFFICE_ID) VALUES ('YYYYYYYYYYYYYYYYYYYYYYYYYYY', 'YYYYYYYYYYYYYYYYYYYYYYYYYYY', 'YYYYYYYYYYYYYYYYYYYYYYYYYYY', 77);
INSERT INTO OFFICES (LOCATION, NUMBEREMPLOYEES, NAME, OFFICE_ID) VALUES ('AAA_', 'AAA_', 'AAA_', 78);
INSERT INTO OFFICES (LOCATION, NUMBEREMPLOYEES, NAME, OFFICE_ID) VALUES ('AAAA', 'AAAA', 'AAAA', 79);
INSERT INTO OFFICES (LOCATION, NUMBEREMPLOYEES, NAME, OFFICE_ID) VALUES ('BBBBB', 'BBBBB', 'BBBBB', 80);
INSERT INTO OFFICES (LOCATION, NUMBEREMPLOYEES, NAME, OFFICE_ID) VALUES ('CCCCCC', 'CCCCCC', 'CCCCCC', 81);
INSERT INTO OFFICES (LOCATION, NUMBEREMPLOYEES, NAME, OFFICE_ID) VALUES ('DDDDDDD', 'DDDDDDD', 'DDDDDDD', 82);
INSERT INTO OFFICES (LOCATION, NUMBEREMPLOYEES, NAME, OFFICE_ID) VALUES ('EEEEEEEE', 'EEEEEEEE', 'EEEEEEEE', 83);
INSERT INTO OFFICES (LOCATION, NUMBEREMPLOYEES, NAME, OFFICE_ID) VALUES ('FFFFFFFFF', 'FFFFFFFFF', 'FFFFFFFFF', 84);
INSERT INTO OFFICES (LOCATION, NUMBEREMPLOYEES, NAME, OFFICE_ID) VALUES ('GGGGGGGGGG', 'GGGGGGGGGG', 'GGGGGGGGGG', 85);
INSERT INTO OFFICES (LOCATION, NUMBEREMPLOYEES, NAME, OFFICE_ID) VALUES ('HHHHHHHHHHH', 'HHHHHHHHHHH', 'HHHHHHHHHHH', 86);
INSERT INTO OFFICES (LOCATION, NUMBEREMPLOYEES, NAME, OFFICE_ID) VALUES ('IIIIIIIIIIII', 'IIIIIIIIIIII', 'IIIIIIIIIIII', 87);
INSERT INTO OFFICES (LOCATION, NUMBEREMPLOYEES, NAME, OFFICE_ID) VALUES ('JJJJJJJJJJJJJ', 'JJJJJJJJJJJJJ', 'JJJJJJJJJJJJJ', 88);
INSERT INTO OFFICES (LOCATION, NUMBEREMPLOYEES, NAME, OFFICE_ID) VALUES ('KKKKKKKKKKKKKK', 'KKKKKKKKKKKKKK', 'KKKKKKKKKKKKKK', 89);
INSERT INTO OFFICES (LOCATION, NUMBEREMPLOYEES, NAME, OFFICE_ID) VALUES ('LLLLLLLLLLLLLLL', 'LLLLLLLLLLLLLLL', 'LLLLLLLLLLLLLLL', 90);
INSERT INTO OFFICES (LOCATION, NUMBEREMPLOYEES, NAME, OFFICE_ID) VALUES ('MMMMMMMMMMMMMMMM', 'MMMMMMMMMMMMMMMM', 'MMMMMMMMMMMMMMMM', 91);
INSERT INTO OFFICES (LOCATION, NUMBEREMPLOYEES, NAME, OFFICE_ID) VALUES ('NNNNNNNNNNNNNNNNN', 'NNNNNNNNNNNNNNNNN', 'NNNNNNNNNNNNNNNNN', 92);
INSERT INTO OFFICES (LOCATION, NUMBEREMPLOYEES, NAME, OFFICE_ID) VALUES ('OOOOOOOOOOOOOOOOOO', 'OOOOOOOOOOOOOOOOOO', 'OOOOOOOOOOOOOOOOOO', 93);
INSERT INTO OFFICES (LOCATION, NUMBEREMPLOYEES, NAME, OFFICE_ID) VALUES ('PPPPPPPPPPPPPPPPPPP', 'PPPPPPPPPPPPPPPPPPP', 'PPPPPPPPPPPPPPPPPPP', 94);
INSERT INTO OFFICES (LOCATION, NUMBEREMPLOYEES, NAME, OFFICE_ID) VALUES ('QQQQQQQQQQQQQQQQQQQQ', 'QQQQQQQQQQQQQQQQQQQQ', 'QQQQQQQQQQQQQQQQQQQQ', 95);
INSERT INTO OFFICES (LOCATION, NUMBEREMPLOYEES, NAME, OFFICE_ID) VALUES ('RRRRRRRRRRRRRRRRRRRRR', 'RRRRRRRRRRRRRRRRRRRRR', 'RRRRRRRRRRRRRRRRRRRRR', 96);
INSERT INTO OFFICES (LOCATION, NUMBEREMPLOYEES, NAME, OFFICE_ID) VALUES ('SSSSSSSSSSSSSSSSSSSSSS', 'SSSSSSSSSSSSSSSSSSSSSS', 'SSSSSSSSSSSSSSSSSSSSSS', 97);
INSERT INTO OFFICES (LOCATION, NUMBEREMPLOYEES, NAME, OFFICE_ID) VALUES ('TTTTTTTTTTTTTTTTTTTTTTT', 'TTTTTTTTTTTTTTTTTTTTTTT', 'TTTTTTTTTTTTTTTTTTTTTTT', 98);
INSERT INTO OFFICES (LOCATION, NUMBEREMPLOYEES, NAME, OFFICE_ID) VALUES ('UUUUUUUUUUUUUUUUUUUUUUUU', 'UUUUUUUUUUUUUUUUUUUUUUUU', 'UUUUUUUUUUUUUUUUUUUUUUUU', 99);
INSERT INTO OFFICES (LOCATION, NUMBEREMPLOYEES, NAME, OFFICE_ID) VALUES ('VVVVVVVVVVVVVVVVVVVVVVVVV', 'VVVVVVVVVVVVVVVVVVVVVVVVV', 'VVVVVVVVVVVVVVVVVVVVVVVVV', 100);
/* ------------- PAYMENT ---------------- */ 
INSERT INTO PAYMENT (DATE, CUSTOMERID, TOTALFARE, TRIPID, DRIVERID, PAYMENT_ID) VALUES ('1966-1-21', 1, 'A', 1, 1, 1);
INSERT INTO PAYMENT (DATE, CUSTOMERID, TOTALFARE, TRIPID, DRIVERID, PAYMENT_ID) VALUES ('1939-8-5', 2, 'B', 2, 2, 2);
INSERT INTO PAYMENT (DATE, CUSTOMERID, TOTALFARE, TRIPID, DRIVERID, PAYMENT_ID) VALUES ('1990-11-16', 3, 'C', 3, 3, 3);
INSERT INTO PAYMENT (DATE, CUSTOMERID, TOTALFARE, TRIPID, DRIVERID, PAYMENT_ID) VALUES ('1958-1-22', 4, 'D', 4, 4, 4);
INSERT INTO PAYMENT (DATE, CUSTOMERID, TOTALFARE, TRIPID, DRIVERID, PAYMENT_ID) VALUES ('1939-7-20', 5, 'E', 5, 5, 5);
INSERT INTO PAYMENT (DATE, CUSTOMERID, TOTALFARE, TRIPID, DRIVERID, PAYMENT_ID) VALUES ('2003-3-16', 6, 'F', 6, 6, 6);
INSERT INTO PAYMENT (DATE, CUSTOMERID, TOTALFARE, TRIPID, DRIVERID, PAYMENT_ID) VALUES ('1969-10-7', 7, 'G', 7, 7, 7);
INSERT INTO PAYMENT (DATE, CUSTOMERID, TOTALFARE, TRIPID, DRIVERID, PAYMENT_ID) VALUES ('1964-9-7', 8, 'H', 8, 8, 8);
INSERT INTO PAYMENT (DATE, CUSTOMERID, TOTALFARE, TRIPID, DRIVERID, PAYMENT_ID) VALUES ('1976-2-17', 9, 'I', 9, 9, 9);
INSERT INTO PAYMENT (DATE, CUSTOMERID, TOTALFARE, TRIPID, DRIVERID, PAYMENT_ID) VALUES ('1979-11-21', 10, 'J', 10, 10, 10);
INSERT INTO PAYMENT (DATE, CUSTOMERID, TOTALFARE, TRIPID, DRIVERID, PAYMENT_ID) VALUES ('1918-12-23', 11, 'K', 11, 11, 11);
INSERT INTO PAYMENT (DATE, CUSTOMERID, TOTALFARE, TRIPID, DRIVERID, PAYMENT_ID) VALUES ('1960-3-6', 12, 'L', 12, 12, 12);
INSERT INTO PAYMENT (DATE, CUSTOMERID, TOTALFARE, TRIPID, DRIVERID, PAYMENT_ID) VALUES ('1967-4-4', 13, 'M', 13, 13, 13);
INSERT INTO PAYMENT (DATE, CUSTOMERID, TOTALFARE, TRIPID, DRIVERID, PAYMENT_ID) VALUES ('1913-9-9', 14, 'N', 14, 14, 14);
INSERT INTO PAYMENT (DATE, CUSTOMERID, TOTALFARE, TRIPID, DRIVERID, PAYMENT_ID) VALUES ('2021-5-19', 15, 'O', 15, 15, 15);
INSERT INTO PAYMENT (DATE, CUSTOMERID, TOTALFARE, TRIPID, DRIVERID, PAYMENT_ID) VALUES ('2004-4-19', 16, 'P', 16, 16, 16);
INSERT INTO PAYMENT (DATE, CUSTOMERID, TOTALFARE, TRIPID, DRIVERID, PAYMENT_ID) VALUES ('1939-3-19', 17, 'Q', 17, 17, 17);
INSERT INTO PAYMENT (DATE, CUSTOMERID, TOTALFARE, TRIPID, DRIVERID, PAYMENT_ID) VALUES ('1965-6-9', 18, 'R', 18, 18, 18);
INSERT INTO PAYMENT (DATE, CUSTOMERID, TOTALFARE, TRIPID, DRIVERID, PAYMENT_ID) VALUES ('1915-5-22', 19, 'S', 19, 19, 19);
INSERT INTO PAYMENT (DATE, CUSTOMERID, TOTALFARE, TRIPID, DRIVERID, PAYMENT_ID) VALUES ('2000-7-20', 20, 'T', 20, 20, 20);
INSERT INTO PAYMENT (DATE, CUSTOMERID, TOTALFARE, TRIPID, DRIVERID, PAYMENT_ID) VALUES ('1943-4-22', 21, 'U', 21, 21, 21);
INSERT INTO PAYMENT (DATE, CUSTOMERID, TOTALFARE, TRIPID, DRIVERID, PAYMENT_ID) VALUES ('1999-1-3', 22, 'V', 22, 22, 22);
INSERT INTO PAYMENT (DATE, CUSTOMERID, TOTALFARE, TRIPID, DRIVERID, PAYMENT_ID) VALUES ('1939-4-22', 23, 'W', 23, 23, 23);
INSERT INTO PAYMENT (DATE, CUSTOMERID, TOTALFARE, TRIPID, DRIVERID, PAYMENT_ID) VALUES ('1963-3-6', 24, 'X', 24, 24, 24);
INSERT INTO PAYMENT (DATE, CUSTOMERID, TOTALFARE, TRIPID, DRIVERID, PAYMENT_ID) VALUES ('1993-10-9', 25, 'Y', 25, 25, 25);
INSERT INTO PAYMENT (DATE, CUSTOMERID, TOTALFARE, TRIPID, DRIVERID, PAYMENT_ID) VALUES ('2011-3-19', 26, 'Z', 26, 26, 26);
INSERT INTO PAYMENT (DATE, CUSTOMERID, TOTALFARE, TRIPID, DRIVERID, PAYMENT_ID) VALUES ('1918-4-16', 27, 'AA', 27, 27, 27);
INSERT INTO PAYMENT (DATE, CUSTOMERID, TOTALFARE, TRIPID, DRIVERID, PAYMENT_ID) VALUES ('1960-9-4', 28, 'BBB', 28, 28, 28);
INSERT INTO PAYMENT (DATE, CUSTOMERID, TOTALFARE, TRIPID, DRIVERID, PAYMENT_ID) VALUES ('1960-3-19', 29, 'CCCC', 29, 29, 29);
INSERT INTO PAYMENT (DATE, CUSTOMERID, TOTALFARE, TRIPID, DRIVERID, PAYMENT_ID) VALUES ('1945-3-16', 30, 'DDDDD', 30, 30, 30);
INSERT INTO PAYMENT (DATE, CUSTOMERID, TOTALFARE, TRIPID, DRIVERID, PAYMENT_ID) VALUES ('1957-8-17', 31, 'EEEEEE', 31, 31, 31);
INSERT INTO PAYMENT (DATE, CUSTOMERID, TOTALFARE, TRIPID, DRIVERID, PAYMENT_ID) VALUES ('1984-1-18', 32, 'FFFFFFF', 32, 32, 32);
INSERT INTO PAYMENT (DATE, CUSTOMERID, TOTALFARE, TRIPID, DRIVERID, PAYMENT_ID) VALUES ('1966-3-1', 33, 'GGGGGGGG', 33, 33, 33);
INSERT INTO PAYMENT (DATE, CUSTOMERID, TOTALFARE, TRIPID, DRIVERID, PAYMENT_ID) VALUES ('1973-10-26', 34, 'HHHHHHHHH', 34, 34, 34);
INSERT INTO PAYMENT (DATE, CUSTOMERID, TOTALFARE, TRIPID, DRIVERID, PAYMENT_ID) VALUES ('1913-9-17', 35, 'IIIIIIIIII', 35, 35, 35);
INSERT INTO PAYMENT (DATE, CUSTOMERID, TOTALFARE, TRIPID, DRIVERID, PAYMENT_ID) VALUES ('1997-12-22', 36, 'JJJJJJJJJJJ', 36, 36, 36);
INSERT INTO PAYMENT (DATE, CUSTOMERID, TOTALFARE, TRIPID, DRIVERID, PAYMENT_ID) VALUES ('1949-7-20', 37, 'KKKKKKKKKKKK', 37, 37, 37);
INSERT INTO PAYMENT (DATE, CUSTOMERID, TOTALFARE, TRIPID, DRIVERID, PAYMENT_ID) VALUES ('1948-10-28', 38, 'LLLLLLLLLLLLL', 38, 38, 38);
INSERT INTO PAYMENT (DATE, CUSTOMERID, TOTALFARE, TRIPID, DRIVERID, PAYMENT_ID) VALUES ('1945-1-9', 39, 'MMMMMMMMMMMMMM', 39, 39, 39);
INSERT INTO PAYMENT (DATE, CUSTOMERID, TOTALFARE, TRIPID, DRIVERID, PAYMENT_ID) VALUES ('1991-4-8', 40, 'NNNNNNNNNNNNNNN', 40, 40, 40);
INSERT INTO PAYMENT (DATE, CUSTOMERID, TOTALFARE, TRIPID, DRIVERID, PAYMENT_ID) VALUES ('1971-12-7', 41, 'OOOOOOOOOOOOOOOO', 41, 41, 41);
INSERT INTO PAYMENT (DATE, CUSTOMERID, TOTALFARE, TRIPID, DRIVERID, PAYMENT_ID) VALUES ('2012-1-25', 42, 'PPPPPPPPPPPPPPPPP', 42, 42, 42);
INSERT INTO PAYMENT (DATE, CUSTOMERID, TOTALFARE, TRIPID, DRIVERID, PAYMENT_ID) VALUES ('1973-9-23', 43, 'QQQQQQQQQQQQQQQQQQ', 43, 43, 43);
INSERT INTO PAYMENT (DATE, CUSTOMERID, TOTALFARE, TRIPID, DRIVERID, PAYMENT_ID) VALUES ('1916-4-3', 44, 'RRRRRRRRRRRRRRRRRRR', 44, 44, 44);
INSERT INTO PAYMENT (DATE, CUSTOMERID, TOTALFARE, TRIPID, DRIVERID, PAYMENT_ID) VALUES ('1971-7-2', 45, 'SSSSSSSSSSSSSSSSSSSS', 45, 45, 45);
INSERT INTO PAYMENT (DATE, CUSTOMERID, TOTALFARE, TRIPID, DRIVERID, PAYMENT_ID) VALUES ('1947-12-16', 46, 'TTTTTTTTTTTTTTTTTTTTT', 46, 46, 46);
INSERT INTO PAYMENT (DATE, CUSTOMERID, TOTALFARE, TRIPID, DRIVERID, PAYMENT_ID) VALUES ('1993-10-10', 47, 'UUUUUUUUUUUUUUUUUUUUUU', 47, 47, 47);
INSERT INTO PAYMENT (DATE, CUSTOMERID, TOTALFARE, TRIPID, DRIVERID, PAYMENT_ID) VALUES ('1935-2-14', 48, 'VVVVVVVVVVVVVVVVVVVVVVV', 48, 48, 48);
INSERT INTO PAYMENT (DATE, CUSTOMERID, TOTALFARE, TRIPID, DRIVERID, PAYMENT_ID) VALUES ('1900-10-6', 49, 'WWWWWWWWWWWWWWWWWWWWWWWW', 49, 49, 49);
INSERT INTO PAYMENT (DATE, CUSTOMERID, TOTALFARE, TRIPID, DRIVERID, PAYMENT_ID) VALUES ('1943-8-2', 50, 'XXXXXXXXXXXXXXXXXXXXXXXXX', 50, 50, 50);
INSERT INTO PAYMENT (DATE, CUSTOMERID, TOTALFARE, TRIPID, DRIVERID, PAYMENT_ID) VALUES ('1936-1-9', 51, 'YYYYYYYYYYYYYYYYYYYYYYYYYY', 51, 51, 51);
INSERT INTO PAYMENT (DATE, CUSTOMERID, TOTALFARE, TRIPID, DRIVERID, PAYMENT_ID) VALUES ('1903-6-1', 52, 'AA_', 52, 52, 52);
INSERT INTO PAYMENT (DATE, CUSTOMERID, TOTALFARE, TRIPID, DRIVERID, PAYMENT_ID) VALUES ('1994-10-8', 53, 'AAA', 53, 53, 53);
INSERT INTO PAYMENT (DATE, CUSTOMERID, TOTALFARE, TRIPID, DRIVERID, PAYMENT_ID) VALUES ('1907-3-6', 54, 'BBBB', 54, 54, 54);
INSERT INTO PAYMENT (DATE, CUSTOMERID, TOTALFARE, TRIPID, DRIVERID, PAYMENT_ID) VALUES ('1986-2-10', 55, 'CCCCC', 55, 55, 55);
INSERT INTO PAYMENT (DATE, CUSTOMERID, TOTALFARE, TRIPID, DRIVERID, PAYMENT_ID) VALUES ('1930-6-16', 56, 'DDDDDD', 56, 56, 56);
INSERT INTO PAYMENT (DATE, CUSTOMERID, TOTALFARE, TRIPID, DRIVERID, PAYMENT_ID) VALUES ('1959-4-17', 57, 'EEEEEEE', 57, 57, 57);
INSERT INTO PAYMENT (DATE, CUSTOMERID, TOTALFARE, TRIPID, DRIVERID, PAYMENT_ID) VALUES ('2006-11-13', 58, 'FFFFFFFF', 58, 58, 58);
INSERT INTO PAYMENT (DATE, CUSTOMERID, TOTALFARE, TRIPID, DRIVERID, PAYMENT_ID) VALUES ('1979-9-1', 59, 'GGGGGGGGG', 59, 59, 59);
INSERT INTO PAYMENT (DATE, CUSTOMERID, TOTALFARE, TRIPID, DRIVERID, PAYMENT_ID) VALUES ('2002-7-3', 60, 'HHHHHHHHHH', 60, 60, 60);
INSERT INTO PAYMENT (DATE, CUSTOMERID, TOTALFARE, TRIPID, DRIVERID, PAYMENT_ID) VALUES ('1973-9-2', 61, 'IIIIIIIIIII', 61, 61, 61);
INSERT INTO PAYMENT (DATE, CUSTOMERID, TOTALFARE, TRIPID, DRIVERID, PAYMENT_ID) VALUES ('1999-11-27', 62, 'JJJJJJJJJJJJ', 62, 62, 62);
INSERT INTO PAYMENT (DATE, CUSTOMERID, TOTALFARE, TRIPID, DRIVERID, PAYMENT_ID) VALUES ('2021-10-7', 63, 'KKKKKKKKKKKKK', 63, 63, 63);
INSERT INTO PAYMENT (DATE, CUSTOMERID, TOTALFARE, TRIPID, DRIVERID, PAYMENT_ID) VALUES ('2017-6-19', 64, 'LLLLLLLLLLLLLL', 64, 64, 64);
INSERT INTO PAYMENT (DATE, CUSTOMERID, TOTALFARE, TRIPID, DRIVERID, PAYMENT_ID) VALUES ('1927-9-4', 65, 'MMMMMMMMMMMMMMM', 65, 65, 65);
INSERT INTO PAYMENT (DATE, CUSTOMERID, TOTALFARE, TRIPID, DRIVERID, PAYMENT_ID) VALUES ('1980-11-21', 66, 'NNNNNNNNNNNNNNNN', 66, 66, 66);
INSERT INTO PAYMENT (DATE, CUSTOMERID, TOTALFARE, TRIPID, DRIVERID, PAYMENT_ID) VALUES ('1928-12-6', 67, 'OOOOOOOOOOOOOOOOO', 67, 67, 67);
INSERT INTO PAYMENT (DATE, CUSTOMERID, TOTALFARE, TRIPID, DRIVERID, PAYMENT_ID) VALUES ('1911-8-11', 68, 'PPPPPPPPPPPPPPPPPP', 68, 68, 68);
INSERT INTO PAYMENT (DATE, CUSTOMERID, TOTALFARE, TRIPID, DRIVERID, PAYMENT_ID) VALUES ('1981-8-13', 69, 'QQQQQQQQQQQQQQQQQQQ', 69, 69, 69);
INSERT INTO PAYMENT (DATE, CUSTOMERID, TOTALFARE, TRIPID, DRIVERID, PAYMENT_ID) VALUES ('1959-1-1', 70, 'RRRRRRRRRRRRRRRRRRRR', 70, 70, 70);
INSERT INTO PAYMENT (DATE, CUSTOMERID, TOTALFARE, TRIPID, DRIVERID, PAYMENT_ID) VALUES ('1922-10-13', 71, 'SSSSSSSSSSSSSSSSSSSSS', 71, 71, 71);
INSERT INTO PAYMENT (DATE, CUSTOMERID, TOTALFARE, TRIPID, DRIVERID, PAYMENT_ID) VALUES ('1900-10-11', 72, 'TTTTTTTTTTTTTTTTTTTTTT', 72, 72, 72);
INSERT INTO PAYMENT (DATE, CUSTOMERID, TOTALFARE, TRIPID, DRIVERID, PAYMENT_ID) VALUES ('1934-11-8', 73, 'UUUUUUUUUUUUUUUUUUUUUUU', 73, 73, 73);
INSERT INTO PAYMENT (DATE, CUSTOMERID, TOTALFARE, TRIPID, DRIVERID, PAYMENT_ID) VALUES ('1931-12-7', 74, 'VVVVVVVVVVVVVVVVVVVVVVVV', 74, 74, 74);
INSERT INTO PAYMENT (DATE, CUSTOMERID, TOTALFARE, TRIPID, DRIVERID, PAYMENT_ID) VALUES ('1966-9-24', 75, 'WWWWWWWWWWWWWWWWWWWWWWWWW', 75, 75, 75);
INSERT INTO PAYMENT (DATE, CUSTOMERID, TOTALFARE, TRIPID, DRIVERID, PAYMENT_ID) VALUES ('1955-9-9', 76, 'XXXXXXXXXXXXXXXXXXXXXXXXXX', 76, 76, 76);
INSERT INTO PAYMENT (DATE, CUSTOMERID, TOTALFARE, TRIPID, DRIVERID, PAYMENT_ID) VALUES ('1962-9-8', 77, 'YYYYYYYYYYYYYYYYYYYYYYYYYYY', 77, 77, 77);
INSERT INTO PAYMENT (DATE, CUSTOMERID, TOTALFARE, TRIPID, DRIVERID, PAYMENT_ID) VALUES ('1934-8-18', 78, 'AAA_', 78, 78, 78);
INSERT INTO PAYMENT (DATE, CUSTOMERID, TOTALFARE, TRIPID, DRIVERID, PAYMENT_ID) VALUES ('2007-10-26', 79, 'AAAA', 79, 79, 79);
INSERT INTO PAYMENT (DATE, CUSTOMERID, TOTALFARE, TRIPID, DRIVERID, PAYMENT_ID) VALUES ('1923-10-22', 80, 'BBBBB', 80, 80, 80);
INSERT INTO PAYMENT (DATE, CUSTOMERID, TOTALFARE, TRIPID, DRIVERID, PAYMENT_ID) VALUES ('1916-10-23', 81, 'CCCCCC', 81, 81, 81);
INSERT INTO PAYMENT (DATE, CUSTOMERID, TOTALFARE, TRIPID, DRIVERID, PAYMENT_ID) VALUES ('1969-8-3', 82, 'DDDDDDD', 82, 82, 82);
INSERT INTO PAYMENT (DATE, CUSTOMERID, TOTALFARE, TRIPID, DRIVERID, PAYMENT_ID) VALUES ('1919-7-11', 83, 'EEEEEEEE', 83, 83, 83);
INSERT INTO PAYMENT (DATE, CUSTOMERID, TOTALFARE, TRIPID, DRIVERID, PAYMENT_ID) VALUES ('2003-12-9', 84, 'FFFFFFFFF', 84, 84, 84);
INSERT INTO PAYMENT (DATE, CUSTOMERID, TOTALFARE, TRIPID, DRIVERID, PAYMENT_ID) VALUES ('1983-7-21', 85, 'GGGGGGGGGG', 85, 85, 85);
INSERT INTO PAYMENT (DATE, CUSTOMERID, TOTALFARE, TRIPID, DRIVERID, PAYMENT_ID) VALUES ('1970-4-18', 86, 'HHHHHHHHHHH', 86, 86, 86);
INSERT INTO PAYMENT (DATE, CUSTOMERID, TOTALFARE, TRIPID, DRIVERID, PAYMENT_ID) VALUES ('1968-10-18', 87, 'IIIIIIIIIIII', 87, 87, 87);
INSERT INTO PAYMENT (DATE, CUSTOMERID, TOTALFARE, TRIPID, DRIVERID, PAYMENT_ID) VALUES ('1916-6-6', 88, 'JJJJJJJJJJJJJ', 88, 88, 88);
INSERT INTO PAYMENT (DATE, CUSTOMERID, TOTALFARE, TRIPID, DRIVERID, PAYMENT_ID) VALUES ('1979-8-8', 89, 'KKKKKKKKKKKKKK', 89, 89, 89);
INSERT INTO PAYMENT (DATE, CUSTOMERID, TOTALFARE, TRIPID, DRIVERID, PAYMENT_ID) VALUES ('1901-9-19', 90, 'LLLLLLLLLLLLLLL', 90, 90, 90);
INSERT INTO PAYMENT (DATE, CUSTOMERID, TOTALFARE, TRIPID, DRIVERID, PAYMENT_ID) VALUES ('1960-1-22', 91, 'MMMMMMMMMMMMMMMM', 91, 91, 91);
INSERT INTO PAYMENT (DATE, CUSTOMERID, TOTALFARE, TRIPID, DRIVERID, PAYMENT_ID) VALUES ('1914-1-22', 92, 'NNNNNNNNNNNNNNNNN', 92, 92, 92);
INSERT INTO PAYMENT (DATE, CUSTOMERID, TOTALFARE, TRIPID, DRIVERID, PAYMENT_ID) VALUES ('1900-9-6', 93, 'OOOOOOOOOOOOOOOOOO', 93, 93, 93);
INSERT INTO PAYMENT (DATE, CUSTOMERID, TOTALFARE, TRIPID, DRIVERID, PAYMENT_ID) VALUES ('1905-11-18', 94, 'PPPPPPPPPPPPPPPPPPP', 94, 94, 94);
INSERT INTO PAYMENT (DATE, CUSTOMERID, TOTALFARE, TRIPID, DRIVERID, PAYMENT_ID) VALUES ('1914-12-24', 95, 'QQQQQQQQQQQQQQQQQQQQ', 95, 95, 95);
INSERT INTO PAYMENT (DATE, CUSTOMERID, TOTALFARE, TRIPID, DRIVERID, PAYMENT_ID) VALUES ('1909-12-10', 96, 'RRRRRRRRRRRRRRRRRRRRR', 96, 96, 96);
INSERT INTO PAYMENT (DATE, CUSTOMERID, TOTALFARE, TRIPID, DRIVERID, PAYMENT_ID) VALUES ('1989-6-18', 97, 'SSSSSSSSSSSSSSSSSSSSSS', 97, 97, 97);
INSERT INTO PAYMENT (DATE, CUSTOMERID, TOTALFARE, TRIPID, DRIVERID, PAYMENT_ID) VALUES ('2005-9-13', 98, 'TTTTTTTTTTTTTTTTTTTTTTT', 98, 98, 98);
INSERT INTO PAYMENT (DATE, CUSTOMERID, TOTALFARE, TRIPID, DRIVERID, PAYMENT_ID) VALUES ('1962-1-18', 99, 'UUUUUUUUUUUUUUUUUUUUUUUU', 99, 99, 99);
INSERT INTO PAYMENT (DATE, CUSTOMERID, TOTALFARE, TRIPID, DRIVERID, PAYMENT_ID) VALUES ('1937-7-9', 100, 'VVVVVVVVVVVVVVVVVVVVVVVVV', 100, 100, 100);
/* ------------- REGIONS ---------------- */ 
INSERT INTO REGIONS (REGION_ID, REGION_NAME, COUNTRY_NAME) VALUES (1, 'A', 'A');
INSERT INTO REGIONS (REGION_ID, REGION_NAME, COUNTRY_NAME) VALUES (2, 'B', 'B');
INSERT INTO REGIONS (REGION_ID, REGION_NAME, COUNTRY_NAME) VALUES (3, 'C', 'C');
INSERT INTO REGIONS (REGION_ID, REGION_NAME, COUNTRY_NAME) VALUES (4, 'D', 'D');
INSERT INTO REGIONS (REGION_ID, REGION_NAME, COUNTRY_NAME) VALUES (5, 'E', 'E');
INSERT INTO REGIONS (REGION_ID, REGION_NAME, COUNTRY_NAME) VALUES (6, 'F', 'F');
INSERT INTO REGIONS (REGION_ID, REGION_NAME, COUNTRY_NAME) VALUES (7, 'G', 'G');
INSERT INTO REGIONS (REGION_ID, REGION_NAME, COUNTRY_NAME) VALUES (8, 'H', 'H');
INSERT INTO REGIONS (REGION_ID, REGION_NAME, COUNTRY_NAME) VALUES (9, 'I', 'I');
INSERT INTO REGIONS (REGION_ID, REGION_NAME, COUNTRY_NAME) VALUES (10, 'J', 'J');
INSERT INTO REGIONS (REGION_ID, REGION_NAME, COUNTRY_NAME) VALUES (11, 'K', 'K');
INSERT INTO REGIONS (REGION_ID, REGION_NAME, COUNTRY_NAME) VALUES (12, 'L', 'L');
INSERT INTO REGIONS (REGION_ID, REGION_NAME, COUNTRY_NAME) VALUES (13, 'M', 'M');
INSERT INTO REGIONS (REGION_ID, REGION_NAME, COUNTRY_NAME) VALUES (14, 'N', 'N');
INSERT INTO REGIONS (REGION_ID, REGION_NAME, COUNTRY_NAME) VALUES (15, 'O', 'O');
INSERT INTO REGIONS (REGION_ID, REGION_NAME, COUNTRY_NAME) VALUES (16, 'P', 'P');
INSERT INTO REGIONS (REGION_ID, REGION_NAME, COUNTRY_NAME) VALUES (17, 'Q', 'Q');
INSERT INTO REGIONS (REGION_ID, REGION_NAME, COUNTRY_NAME) VALUES (18, 'R', 'R');
INSERT INTO REGIONS (REGION_ID, REGION_NAME, COUNTRY_NAME) VALUES (19, 'S', 'S');
INSERT INTO REGIONS (REGION_ID, REGION_NAME, COUNTRY_NAME) VALUES (20, 'T', 'T');
INSERT INTO REGIONS (REGION_ID, REGION_NAME, COUNTRY_NAME) VALUES (21, 'U', 'U');
INSERT INTO REGIONS (REGION_ID, REGION_NAME, COUNTRY_NAME) VALUES (22, 'V', 'V');
INSERT INTO REGIONS (REGION_ID, REGION_NAME, COUNTRY_NAME) VALUES (23, 'W', 'W');
INSERT INTO REGIONS (REGION_ID, REGION_NAME, COUNTRY_NAME) VALUES (24, 'X', 'X');
INSERT INTO REGIONS (REGION_ID, REGION_NAME, COUNTRY_NAME) VALUES (25, 'Y', 'Y');
INSERT INTO REGIONS (REGION_ID, REGION_NAME, COUNTRY_NAME) VALUES (26, 'Z', 'Z');
INSERT INTO REGIONS (REGION_ID, REGION_NAME, COUNTRY_NAME) VALUES (27, 'AA', 'AA');
INSERT INTO REGIONS (REGION_ID, REGION_NAME, COUNTRY_NAME) VALUES (28, 'BBB', 'BBB');
INSERT INTO REGIONS (REGION_ID, REGION_NAME, COUNTRY_NAME) VALUES (29, 'CCCC', 'CCCC');
INSERT INTO REGIONS (REGION_ID, REGION_NAME, COUNTRY_NAME) VALUES (30, 'DDDDD', 'DDDDD');
INSERT INTO REGIONS (REGION_ID, REGION_NAME, COUNTRY_NAME) VALUES (31, 'EEEEEE', 'EEEEEE');
INSERT INTO REGIONS (REGION_ID, REGION_NAME, COUNTRY_NAME) VALUES (32, 'FFFFFFF', 'FFFFFFF');
INSERT INTO REGIONS (REGION_ID, REGION_NAME, COUNTRY_NAME) VALUES (33, 'GGGGGGGG', 'GGGGGGGG');
INSERT INTO REGIONS (REGION_ID, REGION_NAME, COUNTRY_NAME) VALUES (34, 'HHHHHHHHH', 'HHHHHHHHH');
INSERT INTO REGIONS (REGION_ID, REGION_NAME, COUNTRY_NAME) VALUES (35, 'IIIIIIIIII', 'IIIIIIIIII');
INSERT INTO REGIONS (REGION_ID, REGION_NAME, COUNTRY_NAME) VALUES (36, 'JJJJJJJJJJJ', 'JJJJJJJJJJJ');
INSERT INTO REGIONS (REGION_ID, REGION_NAME, COUNTRY_NAME) VALUES (37, 'KKKKKKKKKKKK', 'KKKKKKKKKKKK');
INSERT INTO REGIONS (REGION_ID, REGION_NAME, COUNTRY_NAME) VALUES (38, 'LLLLLLLLLLLLL', 'LLLLLLLLLLLLL');
INSERT INTO REGIONS (REGION_ID, REGION_NAME, COUNTRY_NAME) VALUES (39, 'MMMMMMMMMMMMMM', 'MMMMMMMMMMMMMM');
INSERT INTO REGIONS (REGION_ID, REGION_NAME, COUNTRY_NAME) VALUES (40, 'NNNNNNNNNNNNNNN', 'NNNNNNNNNNNNNNN');
INSERT INTO REGIONS (REGION_ID, REGION_NAME, COUNTRY_NAME) VALUES (41, 'OOOOOOOOOOOOOOOO', 'OOOOOOOOOOOOOOOO');
INSERT INTO REGIONS (REGION_ID, REGION_NAME, COUNTRY_NAME) VALUES (42, 'PPPPPPPPPPPPPPPPP', 'PPPPPPPPPPPPPPPPP');
INSERT INTO REGIONS (REGION_ID, REGION_NAME, COUNTRY_NAME) VALUES (43, 'QQQQQQQQQQQQQQQQQQ', 'QQQQQQQQQQQQQQQQQQ');
INSERT INTO REGIONS (REGION_ID, REGION_NAME, COUNTRY_NAME) VALUES (44, 'RRRRRRRRRRRRRRRRRRR', 'RRRRRRRRRRRRRRRRRRR');
INSERT INTO REGIONS (REGION_ID, REGION_NAME, COUNTRY_NAME) VALUES (45, 'SSSSSSSSSSSSSSSSSSSS', 'SSSSSSSSSSSSSSSSSSSS');
INSERT INTO REGIONS (REGION_ID, REGION_NAME, COUNTRY_NAME) VALUES (46, 'TTTTTTTTTTTTTTTTTTTTT', 'TTTTTTTTTTTTTTTTTTTTT');
INSERT INTO REGIONS (REGION_ID, REGION_NAME, COUNTRY_NAME) VALUES (47, 'UUUUUUUUUUUUUUUUUUUUUU', 'UUUUUUUUUUUUUUUUUUUUUU');
INSERT INTO REGIONS (REGION_ID, REGION_NAME, COUNTRY_NAME) VALUES (48, 'VVVVVVVVVVVVVVVVVVVVVVV', 'VVVVVVVVVVVVVVVVVVVVVVV');
INSERT INTO REGIONS (REGION_ID, REGION_NAME, COUNTRY_NAME) VALUES (49, 'WWWWWWWWWWWWWWWWWWWWWWWW', 'WWWWWWWWWWWWWWWWWWWWWWWW');
INSERT INTO REGIONS (REGION_ID, REGION_NAME, COUNTRY_NAME) VALUES (50, 'XXXXXXXXXXXXXXXXXXXXXXXXX', 'XXXXXXXXXXXXXXXXXXXXXXXXX');
INSERT INTO REGIONS (REGION_ID, REGION_NAME, COUNTRY_NAME) VALUES (51, 'YYYYYYYYYYYYYYYYYYYYYYYYYY', 'YYYYYYYYYYYYYYYYYYYYYYYYYY');
INSERT INTO REGIONS (REGION_ID, REGION_NAME, COUNTRY_NAME) VALUES (52, 'AA_', 'AA_');
INSERT INTO REGIONS (REGION_ID, REGION_NAME, COUNTRY_NAME) VALUES (53, 'AAA', 'AAA');
INSERT INTO REGIONS (REGION_ID, REGION_NAME, COUNTRY_NAME) VALUES (54, 'BBBB', 'BBBB');
INSERT INTO REGIONS (REGION_ID, REGION_NAME, COUNTRY_NAME) VALUES (55, 'CCCCC', 'CCCCC');
INSERT INTO REGIONS (REGION_ID, REGION_NAME, COUNTRY_NAME) VALUES (56, 'DDDDDD', 'DDDDDD');
INSERT INTO REGIONS (REGION_ID, REGION_NAME, COUNTRY_NAME) VALUES (57, 'EEEEEEE', 'EEEEEEE');
INSERT INTO REGIONS (REGION_ID, REGION_NAME, COUNTRY_NAME) VALUES (58, 'FFFFFFFF', 'FFFFFFFF');
INSERT INTO REGIONS (REGION_ID, REGION_NAME, COUNTRY_NAME) VALUES (59, 'GGGGGGGGG', 'GGGGGGGGG');
INSERT INTO REGIONS (REGION_ID, REGION_NAME, COUNTRY_NAME) VALUES (60, 'HHHHHHHHHH', 'HHHHHHHHHH');
INSERT INTO REGIONS (REGION_ID, REGION_NAME, COUNTRY_NAME) VALUES (61, 'IIIIIIIIIII', 'IIIIIIIIIII');
INSERT INTO REGIONS (REGION_ID, REGION_NAME, COUNTRY_NAME) VALUES (62, 'JJJJJJJJJJJJ', 'JJJJJJJJJJJJ');
INSERT INTO REGIONS (REGION_ID, REGION_NAME, COUNTRY_NAME) VALUES (63, 'KKKKKKKKKKKKK', 'KKKKKKKKKKKKK');
INSERT INTO REGIONS (REGION_ID, REGION_NAME, COUNTRY_NAME) VALUES (64, 'LLLLLLLLLLLLLL', 'LLLLLLLLLLLLLL');
INSERT INTO REGIONS (REGION_ID, REGION_NAME, COUNTRY_NAME) VALUES (65, 'MMMMMMMMMMMMMMM', 'MMMMMMMMMMMMMMM');
INSERT INTO REGIONS (REGION_ID, REGION_NAME, COUNTRY_NAME) VALUES (66, 'NNNNNNNNNNNNNNNN', 'NNNNNNNNNNNNNNNN');
INSERT INTO REGIONS (REGION_ID, REGION_NAME, COUNTRY_NAME) VALUES (67, 'OOOOOOOOOOOOOOOOO', 'OOOOOOOOOOOOOOOOO');
INSERT INTO REGIONS (REGION_ID, REGION_NAME, COUNTRY_NAME) VALUES (68, 'PPPPPPPPPPPPPPPPPP', 'PPPPPPPPPPPPPPPPPP');
INSERT INTO REGIONS (REGION_ID, REGION_NAME, COUNTRY_NAME) VALUES (69, 'QQQQQQQQQQQQQQQQQQQ', 'QQQQQQQQQQQQQQQQQQQ');
INSERT INTO REGIONS (REGION_ID, REGION_NAME, COUNTRY_NAME) VALUES (70, 'RRRRRRRRRRRRRRRRRRRR', 'RRRRRRRRRRRRRRRRRRRR');
INSERT INTO REGIONS (REGION_ID, REGION_NAME, COUNTRY_NAME) VALUES (71, 'SSSSSSSSSSSSSSSSSSSSS', 'SSSSSSSSSSSSSSSSSSSSS');
INSERT INTO REGIONS (REGION_ID, REGION_NAME, COUNTRY_NAME) VALUES (72, 'TTTTTTTTTTTTTTTTTTTTTT', 'TTTTTTTTTTTTTTTTTTTTTT');
INSERT INTO REGIONS (REGION_ID, REGION_NAME, COUNTRY_NAME) VALUES (73, 'UUUUUUUUUUUUUUUUUUUUUUU', 'UUUUUUUUUUUUUUUUUUUUUUU');
INSERT INTO REGIONS (REGION_ID, REGION_NAME, COUNTRY_NAME) VALUES (74, 'VVVVVVVVVVVVVVVVVVVVVVVV', 'VVVVVVVVVVVVVVVVVVVVVVVV');
INSERT INTO REGIONS (REGION_ID, REGION_NAME, COUNTRY_NAME) VALUES (75, 'WWWWWWWWWWWWWWWWWWWWWWWWW', 'WWWWWWWWWWWWWWWWWWWWWWWWW');
INSERT INTO REGIONS (REGION_ID, REGION_NAME, COUNTRY_NAME) VALUES (76, 'XXXXXXXXXXXXXXXXXXXXXXXXXX', 'XXXXXXXXXXXXXXXXXXXXXXXXXX');
INSERT INTO REGIONS (REGION_ID, REGION_NAME, COUNTRY_NAME) VALUES (77, 'YYYYYYYYYYYYYYYYYYYYYYYYYYY', 'YYYYYYYYYYYYYYYYYYYYYYYYYYY');
INSERT INTO REGIONS (REGION_ID, REGION_NAME, COUNTRY_NAME) VALUES (78, 'AAA_', 'AAA_');
INSERT INTO REGIONS (REGION_ID, REGION_NAME, COUNTRY_NAME) VALUES (79, 'AAAA', 'AAAA');
INSERT INTO REGIONS (REGION_ID, REGION_NAME, COUNTRY_NAME) VALUES (80, 'BBBBB', 'BBBBB');
INSERT INTO REGIONS (REGION_ID, REGION_NAME, COUNTRY_NAME) VALUES (81, 'CCCCCC', 'CCCCCC');
INSERT INTO REGIONS (REGION_ID, REGION_NAME, COUNTRY_NAME) VALUES (82, 'DDDDDDD', 'DDDDDDD');
INSERT INTO REGIONS (REGION_ID, REGION_NAME, COUNTRY_NAME) VALUES (83, 'EEEEEEEE', 'EEEEEEEE');
INSERT INTO REGIONS (REGION_ID, REGION_NAME, COUNTRY_NAME) VALUES (84, 'FFFFFFFFF', 'FFFFFFFFF');
INSERT INTO REGIONS (REGION_ID, REGION_NAME, COUNTRY_NAME) VALUES (85, 'GGGGGGGGGG', 'GGGGGGGGGG');
INSERT INTO REGIONS (REGION_ID, REGION_NAME, COUNTRY_NAME) VALUES (86, 'HHHHHHHHHHH', 'HHHHHHHHHHH');
INSERT INTO REGIONS (REGION_ID, REGION_NAME, COUNTRY_NAME) VALUES (87, 'IIIIIIIIIIII', 'IIIIIIIIIIII');
INSERT INTO REGIONS (REGION_ID, REGION_NAME, COUNTRY_NAME) VALUES (88, 'JJJJJJJJJJJJJ', 'JJJJJJJJJJJJJ');
INSERT INTO REGIONS (REGION_ID, REGION_NAME, COUNTRY_NAME) VALUES (89, 'KKKKKKKKKKKKKK', 'KKKKKKKKKKKKKK');
INSERT INTO REGIONS (REGION_ID, REGION_NAME, COUNTRY_NAME) VALUES (90, 'LLLLLLLLLLLLLLL', 'LLLLLLLLLLLLLLL');
INSERT INTO REGIONS (REGION_ID, REGION_NAME, COUNTRY_NAME) VALUES (91, 'MMMMMMMMMMMMMMMM', 'MMMMMMMMMMMMMMMM');
INSERT INTO REGIONS (REGION_ID, REGION_NAME, COUNTRY_NAME) VALUES (92, 'NNNNNNNNNNNNNNNNN', 'NNNNNNNNNNNNNNNNN');
INSERT INTO REGIONS (REGION_ID, REGION_NAME, COUNTRY_NAME) VALUES (93, 'OOOOOOOOOOOOOOOOOO', 'OOOOOOOOOOOOOOOOOO');
INSERT INTO REGIONS (REGION_ID, REGION_NAME, COUNTRY_NAME) VALUES (94, 'PPPPPPPPPPPPPPPPPPP', 'PPPPPPPPPPPPPPPPPPP');
INSERT INTO REGIONS (REGION_ID, REGION_NAME, COUNTRY_NAME) VALUES (95, 'QQQQQQQQQQQQQQQQQQQQ', 'QQQQQQQQQQQQQQQQQQQQ');
INSERT INTO REGIONS (REGION_ID, REGION_NAME, COUNTRY_NAME) VALUES (96, 'RRRRRRRRRRRRRRRRRRRRR', 'RRRRRRRRRRRRRRRRRRRRR');
INSERT INTO REGIONS (REGION_ID, REGION_NAME, COUNTRY_NAME) VALUES (97, 'SSSSSSSSSSSSSSSSSSSSSS', 'SSSSSSSSSSSSSSSSSSSSSS');
INSERT INTO REGIONS (REGION_ID, REGION_NAME, COUNTRY_NAME) VALUES (98, 'TTTTTTTTTTTTTTTTTTTTTTT', 'TTTTTTTTTTTTTTTTTTTTTTT');
INSERT INTO REGIONS (REGION_ID, REGION_NAME, COUNTRY_NAME) VALUES (99, 'UUUUUUUUUUUUUUUUUUUUUUUU', 'UUUUUUUUUUUUUUUUUUUUUUUU');
INSERT INTO REGIONS (REGION_ID, REGION_NAME, COUNTRY_NAME) VALUES (100, 'VVVVVVVVVVVVVVVVVVVVVVVVV', 'VVVVVVVVVVVVVVVVVVVVVVVVV');
/* ------------- SALES_EMPLOYEES ---------------- */ 

INSERT INTO SALES_EMPLOYEES (EMPLOYEE_ID, ID, LAST_NAME, AGE, NAME) VALUES (1, 1, 'A', 'A', 'A');
INSERT INTO SALES_EMPLOYEES (EMPLOYEE_ID, ID, LAST_NAME, AGE, NAME) VALUES (2, 2, 'B', 'B', 'B');
INSERT INTO SALES_EMPLOYEES (EMPLOYEE_ID, ID, LAST_NAME, AGE, NAME) VALUES (3, 3, 'C', 'C', 'C');
INSERT INTO SALES_EMPLOYEES (EMPLOYEE_ID, ID, LAST_NAME, AGE, NAME) VALUES (4, 4, 'D', 'D', 'D');
INSERT INTO SALES_EMPLOYEES (EMPLOYEE_ID, ID, LAST_NAME, AGE, NAME) VALUES (5, 5, 'E', 'E', 'E');
INSERT INTO SALES_EMPLOYEES (EMPLOYEE_ID, ID, LAST_NAME, AGE, NAME) VALUES (6, 6, 'F', 'F', 'F');
INSERT INTO SALES_EMPLOYEES (EMPLOYEE_ID, ID, LAST_NAME, AGE, NAME) VALUES (7, 7, 'G', 'G', 'G');
INSERT INTO SALES_EMPLOYEES (EMPLOYEE_ID, ID, LAST_NAME, AGE, NAME) VALUES (8, 8, 'H', 'H', 'H');
INSERT INTO SALES_EMPLOYEES (EMPLOYEE_ID, ID, LAST_NAME, AGE, NAME) VALUES (9, 9, 'I', 'I', 'I');
INSERT INTO SALES_EMPLOYEES (EMPLOYEE_ID, ID, LAST_NAME, AGE, NAME) VALUES (10, 10, 'J', 'J', 'J');
INSERT INTO SALES_EMPLOYEES (EMPLOYEE_ID, ID, LAST_NAME, AGE, NAME) VALUES (11, 11, 'K', 'K', 'K');
INSERT INTO SALES_EMPLOYEES (EMPLOYEE_ID, ID, LAST_NAME, AGE, NAME) VALUES (12, 12, 'L', 'L', 'L');
INSERT INTO SALES_EMPLOYEES (EMPLOYEE_ID, ID, LAST_NAME, AGE, NAME) VALUES (13, 13, 'M', 'M', 'M');
INSERT INTO SALES_EMPLOYEES (EMPLOYEE_ID, ID, LAST_NAME, AGE, NAME) VALUES (14, 14, 'N', 'N', 'N');
INSERT INTO SALES_EMPLOYEES (EMPLOYEE_ID, ID, LAST_NAME, AGE, NAME) VALUES (15, 15, 'O', 'O', 'O');
INSERT INTO SALES_EMPLOYEES (EMPLOYEE_ID, ID, LAST_NAME, AGE, NAME) VALUES (16, 16, 'P', 'P', 'P');
INSERT INTO SALES_EMPLOYEES (EMPLOYEE_ID, ID, LAST_NAME, AGE, NAME) VALUES (17, 17, 'Q', 'Q', 'Q');
INSERT INTO SALES_EMPLOYEES (EMPLOYEE_ID, ID, LAST_NAME, AGE, NAME) VALUES (18, 18, 'R', 'R', 'R');
INSERT INTO SALES_EMPLOYEES (EMPLOYEE_ID, ID, LAST_NAME, AGE, NAME) VALUES (19, 19, 'S', 'S', 'S');
INSERT INTO SALES_EMPLOYEES (EMPLOYEE_ID, ID, LAST_NAME, AGE, NAME) VALUES (20, 20, 'T', 'T', 'T');
INSERT INTO SALES_EMPLOYEES (EMPLOYEE_ID, ID, LAST_NAME, AGE, NAME) VALUES (21, 21, 'U', 'U', 'U');
INSERT INTO SALES_EMPLOYEES (EMPLOYEE_ID, ID, LAST_NAME, AGE, NAME) VALUES (22, 22, 'V', 'V', 'V');
INSERT INTO SALES_EMPLOYEES (EMPLOYEE_ID, ID, LAST_NAME, AGE, NAME) VALUES (23, 23, 'W', 'W', 'W');
INSERT INTO SALES_EMPLOYEES (EMPLOYEE_ID, ID, LAST_NAME, AGE, NAME) VALUES (24, 24, 'X', 'X', 'X');
INSERT INTO SALES_EMPLOYEES (EMPLOYEE_ID, ID, LAST_NAME, AGE, NAME) VALUES (25, 25, 'Y', 'Y', 'Y');
INSERT INTO SALES_EMPLOYEES (EMPLOYEE_ID, ID, LAST_NAME, AGE, NAME) VALUES (26, 26, 'Z', 'Z', 'Z');
INSERT INTO SALES_EMPLOYEES (EMPLOYEE_ID, ID, LAST_NAME, AGE, NAME) VALUES (27, 27, 'AA', 'AA', 'AA');
INSERT INTO SALES_EMPLOYEES (EMPLOYEE_ID, ID, LAST_NAME, AGE, NAME) VALUES (28, 28, 'BBB', 'BBB', 'BBB');
INSERT INTO SALES_EMPLOYEES (EMPLOYEE_ID, ID, LAST_NAME, AGE, NAME) VALUES (29, 29, 'CCCC', 'CCCC', 'CCCC');
INSERT INTO SALES_EMPLOYEES (EMPLOYEE_ID, ID, LAST_NAME, AGE, NAME) VALUES (30, 30, 'DDDDD', 'DDDDD', 'DDDDD');
INSERT INTO SALES_EMPLOYEES (EMPLOYEE_ID, ID, LAST_NAME, AGE, NAME) VALUES (31, 31, 'EEEEEE', 'EEEEEE', 'EEEEEE');
INSERT INTO SALES_EMPLOYEES (EMPLOYEE_ID, ID, LAST_NAME, AGE, NAME) VALUES (32, 32, 'FFFFFFF', 'FFFFFFF', 'FFFFFFF');
INSERT INTO SALES_EMPLOYEES (EMPLOYEE_ID, ID, LAST_NAME, AGE, NAME) VALUES (33, 33, 'GGGGGGGG', 'GGGGGGGG', 'GGGGGGGG');
INSERT INTO SALES_EMPLOYEES (EMPLOYEE_ID, ID, LAST_NAME, AGE, NAME) VALUES (34, 34, 'HHHHHHHHH', 'HHHHHHHHH', 'HHHHHHHHH');
INSERT INTO SALES_EMPLOYEES (EMPLOYEE_ID, ID, LAST_NAME, AGE, NAME) VALUES (35, 35, 'IIIIIIIIII', 'IIIIIIIIII', 'IIIIIIIIII');
INSERT INTO SALES_EMPLOYEES (EMPLOYEE_ID, ID, LAST_NAME, AGE, NAME) VALUES (36, 36, 'JJJJJJJJJJJ', 'JJJJJJJJJJJ', 'JJJJJJJJJJJ');
INSERT INTO SALES_EMPLOYEES (EMPLOYEE_ID, ID, LAST_NAME, AGE, NAME) VALUES (37, 37, 'KKKKKKKKKKKK', 'KKKKKKKKKKKK', 'KKKKKKKKKKKK');
INSERT INTO SALES_EMPLOYEES (EMPLOYEE_ID, ID, LAST_NAME, AGE, NAME) VALUES (38, 38, 'LLLLLLLLLLLLL', 'LLLLLLLLLLLLL', 'LLLLLLLLLLLLL');
INSERT INTO SALES_EMPLOYEES (EMPLOYEE_ID, ID, LAST_NAME, AGE, NAME) VALUES (39, 39, 'MMMMMMMMMMMMMM', 'MMMMMMMMMMMMMM', 'MMMMMMMMMMMMMM');
INSERT INTO SALES_EMPLOYEES (EMPLOYEE_ID, ID, LAST_NAME, AGE, NAME) VALUES (40, 40, 'NNNNNNNNNNNNNNN', 'NNNNNNNNNNNNNNN', 'NNNNNNNNNNNNNNN');
INSERT INTO SALES_EMPLOYEES (EMPLOYEE_ID, ID, LAST_NAME, AGE, NAME) VALUES (41, 41, 'OOOOOOOOOOOOOOOO', 'OOOOOOOOOOOOOOOO', 'OOOOOOOOOOOOOOOO');
INSERT INTO SALES_EMPLOYEES (EMPLOYEE_ID, ID, LAST_NAME, AGE, NAME) VALUES (42, 42, 'PPPPPPPPPPPPPPPPP', 'PPPPPPPPPPPPPPPPP', 'PPPPPPPPPPPPPPPPP');
INSERT INTO SALES_EMPLOYEES (EMPLOYEE_ID, ID, LAST_NAME, AGE, NAME) VALUES (43, 43, 'QQQQQQQQQQQQQQQQQQ', 'QQQQQQQQQQQQQQQQQQ', 'QQQQQQQQQQQQQQQQQQ');
INSERT INTO SALES_EMPLOYEES (EMPLOYEE_ID, ID, LAST_NAME, AGE, NAME) VALUES (44, 44, 'RRRRRRRRRRRRRRRRRRR', 'RRRRRRRRRRRRRRRRRRR', 'RRRRRRRRRRRRRRRRRRR');
INSERT INTO SALES_EMPLOYEES (EMPLOYEE_ID, ID, LAST_NAME, AGE, NAME) VALUES (45, 45, 'SSSSSSSSSSSSSSSSSSSS', 'SSSSSSSSSSSSSSSSSSSS', 'SSSSSSSSSSSSSSSSSSSS');
INSERT INTO SALES_EMPLOYEES (EMPLOYEE_ID, ID, LAST_NAME, AGE, NAME) VALUES (46, 46, 'TTTTTTTTTTTTTTTTTTTTT', 'TTTTTTTTTTTTTTTTTTTTT', 'TTTTTTTTTTTTTTTTTTTTT');
INSERT INTO SALES_EMPLOYEES (EMPLOYEE_ID, ID, LAST_NAME, AGE, NAME) VALUES (47, 47, 'UUUUUUUUUUUUUUUUUUUUUU', 'UUUUUUUUUUUUUUUUUUUUUU', 'UUUUUUUUUUUUUUUUUUUUUU');
INSERT INTO SALES_EMPLOYEES (EMPLOYEE_ID, ID, LAST_NAME, AGE, NAME) VALUES (48, 48, 'VVVVVVVVVVVVVVVVVVVVVVV', 'VVVVVVVVVVVVVVVVVVVVVVV', 'VVVVVVVVVVVVVVVVVVVVVVV');
INSERT INTO SALES_EMPLOYEES (EMPLOYEE_ID, ID, LAST_NAME, AGE, NAME) VALUES (49, 49, 'WWWWWWWWWWWWWWWWWWWWWWWW', 'WWWWWWWWWWWWWWWWWWWWWWWW', 'WWWWWWWWWWWWWWWWWWWWWWWW');
INSERT INTO SALES_EMPLOYEES (EMPLOYEE_ID, ID, LAST_NAME, AGE, NAME) VALUES (50, 50, 'XXXXXXXXXXXXXXXXXXXXXXXXX', 'XXXXXXXXXXXXXXXXXXXXXXXXX', 'XXXXXXXXXXXXXXXXXXXXXXXXX');
INSERT INTO SALES_EMPLOYEES (EMPLOYEE_ID, ID, LAST_NAME, AGE, NAME) VALUES (51, 51, 'YYYYYYYYYYYYYYYYYYYYYYYYYY', 'YYYYYYYYYYYYYYYYYYYYYYYYYY', 'YYYYYYYYYYYYYYYYYYYYYYYYYY');
INSERT INTO SALES_EMPLOYEES (EMPLOYEE_ID, ID, LAST_NAME, AGE, NAME) VALUES (52, 52, 'AA_', 'AA_', 'AA_');
INSERT INTO SALES_EMPLOYEES (EMPLOYEE_ID, ID, LAST_NAME, AGE, NAME) VALUES (53, 53, 'AAA', 'AAA', 'AAA');
INSERT INTO SALES_EMPLOYEES (EMPLOYEE_ID, ID, LAST_NAME, AGE, NAME) VALUES (54, 54, 'BBBB', 'BBBB', 'BBBB');
INSERT INTO SALES_EMPLOYEES (EMPLOYEE_ID, ID, LAST_NAME, AGE, NAME) VALUES (55, 55, 'CCCCC', 'CCCCC', 'CCCCC');
INSERT INTO SALES_EMPLOYEES (EMPLOYEE_ID, ID, LAST_NAME, AGE, NAME) VALUES (56, 56, 'DDDDDD', 'DDDDDD', 'DDDDDD');
INSERT INTO SALES_EMPLOYEES (EMPLOYEE_ID, ID, LAST_NAME, AGE, NAME) VALUES (57, 57, 'EEEEEEE', 'EEEEEEE', 'EEEEEEE');
INSERT INTO SALES_EMPLOYEES (EMPLOYEE_ID, ID, LAST_NAME, AGE, NAME) VALUES (58, 58, 'FFFFFFFF', 'FFFFFFFF', 'FFFFFFFF');
INSERT INTO SALES_EMPLOYEES (EMPLOYEE_ID, ID, LAST_NAME, AGE, NAME) VALUES (59, 59, 'GGGGGGGGG', 'GGGGGGGGG', 'GGGGGGGGG');
INSERT INTO SALES_EMPLOYEES (EMPLOYEE_ID, ID, LAST_NAME, AGE, NAME) VALUES (60, 60, 'HHHHHHHHHH', 'HHHHHHHHHH', 'HHHHHHHHHH');
INSERT INTO SALES_EMPLOYEES (EMPLOYEE_ID, ID, LAST_NAME, AGE, NAME) VALUES (61, 61, 'IIIIIIIIIII', 'IIIIIIIIIII', 'IIIIIIIIIII');
INSERT INTO SALES_EMPLOYEES (EMPLOYEE_ID, ID, LAST_NAME, AGE, NAME) VALUES (62, 62, 'JJJJJJJJJJJJ', 'JJJJJJJJJJJJ', 'JJJJJJJJJJJJ');
INSERT INTO SALES_EMPLOYEES (EMPLOYEE_ID, ID, LAST_NAME, AGE, NAME) VALUES (63, 63, 'KKKKKKKKKKKKK', 'KKKKKKKKKKKKK', 'KKKKKKKKKKKKK');
INSERT INTO SALES_EMPLOYEES (EMPLOYEE_ID, ID, LAST_NAME, AGE, NAME) VALUES (64, 64, 'LLLLLLLLLLLLLL', 'LLLLLLLLLLLLLL', 'LLLLLLLLLLLLLL');
INSERT INTO SALES_EMPLOYEES (EMPLOYEE_ID, ID, LAST_NAME, AGE, NAME) VALUES (65, 65, 'MMMMMMMMMMMMMMM', 'MMMMMMMMMMMMMMM', 'MMMMMMMMMMMMMMM');
INSERT INTO SALES_EMPLOYEES (EMPLOYEE_ID, ID, LAST_NAME, AGE, NAME) VALUES (66, 66, 'NNNNNNNNNNNNNNNN', 'NNNNNNNNNNNNNNNN', 'NNNNNNNNNNNNNNNN');
INSERT INTO SALES_EMPLOYEES (EMPLOYEE_ID, ID, LAST_NAME, AGE, NAME) VALUES (67, 67, 'OOOOOOOOOOOOOOOOO', 'OOOOOOOOOOOOOOOOO', 'OOOOOOOOOOOOOOOOO');
INSERT INTO SALES_EMPLOYEES (EMPLOYEE_ID, ID, LAST_NAME, AGE, NAME) VALUES (68, 68, 'PPPPPPPPPPPPPPPPPP', 'PPPPPPPPPPPPPPPPPP', 'PPPPPPPPPPPPPPPPPP');
INSERT INTO SALES_EMPLOYEES (EMPLOYEE_ID, ID, LAST_NAME, AGE, NAME) VALUES (69, 69, 'QQQQQQQQQQQQQQQQQQQ', 'QQQQQQQQQQQQQQQQQQQ', 'QQQQQQQQQQQQQQQQQQQ');
INSERT INTO SALES_EMPLOYEES (EMPLOYEE_ID, ID, LAST_NAME, AGE, NAME) VALUES (70, 70, 'RRRRRRRRRRRRRRRRRRRR', 'RRRRRRRRRRRRRRRRRRRR', 'RRRRRRRRRRRRRRRRRRRR');
INSERT INTO SALES_EMPLOYEES (EMPLOYEE_ID, ID, LAST_NAME, AGE, NAME) VALUES (71, 71, 'SSSSSSSSSSSSSSSSSSSSS', 'SSSSSSSSSSSSSSSSSSSSS', 'SSSSSSSSSSSSSSSSSSSSS');
INSERT INTO SALES_EMPLOYEES (EMPLOYEE_ID, ID, LAST_NAME, AGE, NAME) VALUES (72, 72, 'TTTTTTTTTTTTTTTTTTTTTT', 'TTTTTTTTTTTTTTTTTTTTTT', 'TTTTTTTTTTTTTTTTTTTTTT');
INSERT INTO SALES_EMPLOYEES (EMPLOYEE_ID, ID, LAST_NAME, AGE, NAME) VALUES (73, 73, 'UUUUUUUUUUUUUUUUUUUUUUU', 'UUUUUUUUUUUUUUUUUUUUUUU', 'UUUUUUUUUUUUUUUUUUUUUUU');
INSERT INTO SALES_EMPLOYEES (EMPLOYEE_ID, ID, LAST_NAME, AGE, NAME) VALUES (74, 74, 'VVVVVVVVVVVVVVVVVVVVVVVV', 'VVVVVVVVVVVVVVVVVVVVVVVV', 'VVVVVVVVVVVVVVVVVVVVVVVV');
INSERT INTO SALES_EMPLOYEES (EMPLOYEE_ID, ID, LAST_NAME, AGE, NAME) VALUES (75, 75, 'WWWWWWWWWWWWWWWWWWWWWWWWW', 'WWWWWWWWWWWWWWWWWWWWWWWWW', 'WWWWWWWWWWWWWWWWWWWWWWWWW');
INSERT INTO SALES_EMPLOYEES (EMPLOYEE_ID, ID, LAST_NAME, AGE, NAME) VALUES (76, 76, 'XXXXXXXXXXXXXXXXXXXXXXXXXX', 'XXXXXXXXXXXXXXXXXXXXXXXXXX', 'XXXXXXXXXXXXXXXXXXXXXXXXXX');
INSERT INTO SALES_EMPLOYEES (EMPLOYEE_ID, ID, LAST_NAME, AGE, NAME) VALUES (77, 77, 'YYYYYYYYYYYYYYYYYYYYYYYYYYY', 'YYYYYYYYYYYYYYYYYYYYYYYYYYY', 'YYYYYYYYYYYYYYYYYYYYYYYYYYY');
INSERT INTO SALES_EMPLOYEES (EMPLOYEE_ID, ID, LAST_NAME, AGE, NAME) VALUES (78, 78, 'AAA_', 'AAA_', 'AAA_');
INSERT INTO SALES_EMPLOYEES (EMPLOYEE_ID, ID, LAST_NAME, AGE, NAME) VALUES (79, 79, 'AAAA', 'AAAA', 'AAAA');
INSERT INTO SALES_EMPLOYEES (EMPLOYEE_ID, ID, LAST_NAME, AGE, NAME) VALUES (80, 80, 'BBBBB', 'BBBBB', 'BBBBB');
INSERT INTO SALES_EMPLOYEES (EMPLOYEE_ID, ID, LAST_NAME, AGE, NAME) VALUES (81, 81, 'CCCCCC', 'CCCCCC', 'CCCCCC');
INSERT INTO SALES_EMPLOYEES (EMPLOYEE_ID, ID, LAST_NAME, AGE, NAME) VALUES (82, 82, 'DDDDDDD', 'DDDDDDD', 'DDDDDDD');
INSERT INTO SALES_EMPLOYEES (EMPLOYEE_ID, ID, LAST_NAME, AGE, NAME) VALUES (83, 83, 'EEEEEEEE', 'EEEEEEEE', 'EEEEEEEE');
INSERT INTO SALES_EMPLOYEES (EMPLOYEE_ID, ID, LAST_NAME, AGE, NAME) VALUES (84, 84, 'FFFFFFFFF', 'FFFFFFFFF', 'FFFFFFFFF');
INSERT INTO SALES_EMPLOYEES (EMPLOYEE_ID, ID, LAST_NAME, AGE, NAME) VALUES (85, 85, 'GGGGGGGGGG', 'GGGGGGGGGG', 'GGGGGGGGGG');
INSERT INTO SALES_EMPLOYEES (EMPLOYEE_ID, ID, LAST_NAME, AGE, NAME) VALUES (86, 86, 'HHHHHHHHHHH', 'HHHHHHHHHHH', 'HHHHHHHHHHH');
INSERT INTO SALES_EMPLOYEES (EMPLOYEE_ID, ID, LAST_NAME, AGE, NAME) VALUES (87, 87, 'IIIIIIIIIIII', 'IIIIIIIIIIII', 'IIIIIIIIIIII');
INSERT INTO SALES_EMPLOYEES (EMPLOYEE_ID, ID, LAST_NAME, AGE, NAME) VALUES (88, 88, 'JJJJJJJJJJJJJ', 'JJJJJJJJJJJJJ', 'JJJJJJJJJJJJJ');
INSERT INTO SALES_EMPLOYEES (EMPLOYEE_ID, ID, LAST_NAME, AGE, NAME) VALUES (89, 89, 'KKKKKKKKKKKKKK', 'KKKKKKKKKKKKKK', 'KKKKKKKKKKKKKK');
INSERT INTO SALES_EMPLOYEES (EMPLOYEE_ID, ID, LAST_NAME, AGE, NAME) VALUES (90, 90, 'LLLLLLLLLLLLLLL', 'LLLLLLLLLLLLLLL', 'LLLLLLLLLLLLLLL');
INSERT INTO SALES_EMPLOYEES (EMPLOYEE_ID, ID, LAST_NAME, AGE, NAME) VALUES (91, 91, 'MMMMMMMMMMMMMMMM', 'MMMMMMMMMMMMMMMM', 'MMMMMMMMMMMMMMMM');
INSERT INTO SALES_EMPLOYEES (EMPLOYEE_ID, ID, LAST_NAME, AGE, NAME) VALUES (92, 92, 'NNNNNNNNNNNNNNNNN', 'NNNNNNNNNNNNNNNNN', 'NNNNNNNNNNNNNNNNN');
INSERT INTO SALES_EMPLOYEES (EMPLOYEE_ID, ID, LAST_NAME, AGE, NAME) VALUES (93, 93, 'OOOOOOOOOOOOOOOOOO', 'OOOOOOOOOOOOOOOOOO', 'OOOOOOOOOOOOOOOOOO');
INSERT INTO SALES_EMPLOYEES (EMPLOYEE_ID, ID, LAST_NAME, AGE, NAME) VALUES (94, 94, 'PPPPPPPPPPPPPPPPPPP', 'PPPPPPPPPPPPPPPPPPP', 'PPPPPPPPPPPPPPPPPPP');
INSERT INTO SALES_EMPLOYEES (EMPLOYEE_ID, ID, LAST_NAME, AGE, NAME) VALUES (95, 95, 'QQQQQQQQQQQQQQQQQQQQ', 'QQQQQQQQQQQQQQQQQQQQ', 'QQQQQQQQQQQQQQQQQQQQ');
INSERT INTO SALES_EMPLOYEES (EMPLOYEE_ID, ID, LAST_NAME, AGE, NAME) VALUES (96, 96, 'RRRRRRRRRRRRRRRRRRRRR', 'RRRRRRRRRRRRRRRRRRRRR', 'RRRRRRRRRRRRRRRRRRRRR');
INSERT INTO SALES_EMPLOYEES (EMPLOYEE_ID, ID, LAST_NAME, AGE, NAME) VALUES (97, 97, 'SSSSSSSSSSSSSSSSSSSSSS', 'SSSSSSSSSSSSSSSSSSSSSS', 'SSSSSSSSSSSSSSSSSSSSSS');
INSERT INTO SALES_EMPLOYEES (EMPLOYEE_ID, ID, LAST_NAME, AGE, NAME) VALUES (98, 98, 'TTTTTTTTTTTTTTTTTTTTTTT', 'TTTTTTTTTTTTTTTTTTTTTTT', 'TTTTTTTTTTTTTTTTTTTTTTT');
INSERT INTO SALES_EMPLOYEES (EMPLOYEE_ID, ID, LAST_NAME, AGE, NAME) VALUES (99, 99, 'UUUUUUUUUUUUUUUUUUUUUUUU', 'UUUUUUUUUUUUUUUUUUUUUUUU', 'UUUUUUUUUUUUUUUUUUUUUUUU');
INSERT INTO SALES_EMPLOYEES (EMPLOYEE_ID, ID, LAST_NAME, AGE, NAME) VALUES (100, 100, 'VVVVVVVVVVVVVVVVVVVVVVVVV', 'VVVVVVVVVVVVVVVVVVVVVVVVV', 'VVVVVVVVVVVVVVVVVVVVVVVVV');
/* ------------- SCHOOLS ---------------- */ 

INSERT INTO SCHOOLS (ID, TEACHERS, NAME) VALUES (1, 'A', 'A');
INSERT INTO SCHOOLS (ID, TEACHERS, NAME) VALUES (2, 'B', 'B');
INSERT INTO SCHOOLS (ID, TEACHERS, NAME) VALUES (3, 'C', 'C');
INSERT INTO SCHOOLS (ID, TEACHERS, NAME) VALUES (4, 'D', 'D');
INSERT INTO SCHOOLS (ID, TEACHERS, NAME) VALUES (5, 'E', 'E');
INSERT INTO SCHOOLS (ID, TEACHERS, NAME) VALUES (6, 'F', 'F');
INSERT INTO SCHOOLS (ID, TEACHERS, NAME) VALUES (7, 'G', 'G');
INSERT INTO SCHOOLS (ID, TEACHERS, NAME) VALUES (8, 'H', 'H');
INSERT INTO SCHOOLS (ID, TEACHERS, NAME) VALUES (9, 'I', 'I');
INSERT INTO SCHOOLS (ID, TEACHERS, NAME) VALUES (10, 'J', 'J');
INSERT INTO SCHOOLS (ID, TEACHERS, NAME) VALUES (11, 'K', 'K');
INSERT INTO SCHOOLS (ID, TEACHERS, NAME) VALUES (12, 'L', 'L');
INSERT INTO SCHOOLS (ID, TEACHERS, NAME) VALUES (13, 'M', 'M');
INSERT INTO SCHOOLS (ID, TEACHERS, NAME) VALUES (14, 'N', 'N');
INSERT INTO SCHOOLS (ID, TEACHERS, NAME) VALUES (15, 'O', 'O');
INSERT INTO SCHOOLS (ID, TEACHERS, NAME) VALUES (16, 'P', 'P');
INSERT INTO SCHOOLS (ID, TEACHERS, NAME) VALUES (17, 'Q', 'Q');
INSERT INTO SCHOOLS (ID, TEACHERS, NAME) VALUES (18, 'R', 'R');
INSERT INTO SCHOOLS (ID, TEACHERS, NAME) VALUES (19, 'S', 'S');
INSERT INTO SCHOOLS (ID, TEACHERS, NAME) VALUES (20, 'T', 'T');
INSERT INTO SCHOOLS (ID, TEACHERS, NAME) VALUES (21, 'U', 'U');
INSERT INTO SCHOOLS (ID, TEACHERS, NAME) VALUES (22, 'V', 'V');
INSERT INTO SCHOOLS (ID, TEACHERS, NAME) VALUES (23, 'W', 'W');
INSERT INTO SCHOOLS (ID, TEACHERS, NAME) VALUES (24, 'X', 'X');
INSERT INTO SCHOOLS (ID, TEACHERS, NAME) VALUES (25, 'Y', 'Y');
INSERT INTO SCHOOLS (ID, TEACHERS, NAME) VALUES (26, 'Z', 'Z');
INSERT INTO SCHOOLS (ID, TEACHERS, NAME) VALUES (27, 'AA', 'AA');
INSERT INTO SCHOOLS (ID, TEACHERS, NAME) VALUES (28, 'BBB', 'BBB');
INSERT INTO SCHOOLS (ID, TEACHERS, NAME) VALUES (29, 'CCCC', 'CCCC');
INSERT INTO SCHOOLS (ID, TEACHERS, NAME) VALUES (30, 'DDDDD', 'DDDDD');
INSERT INTO SCHOOLS (ID, TEACHERS, NAME) VALUES (31, 'EEEEEE', 'EEEEEE');
INSERT INTO SCHOOLS (ID, TEACHERS, NAME) VALUES (32, 'FFFFFFF', 'FFFFFFF');
INSERT INTO SCHOOLS (ID, TEACHERS, NAME) VALUES (33, 'GGGGGGGG', 'GGGGGGGG');
INSERT INTO SCHOOLS (ID, TEACHERS, NAME) VALUES (34, 'HHHHHHHHH', 'HHHHHHHHH');
INSERT INTO SCHOOLS (ID, TEACHERS, NAME) VALUES (35, 'IIIIIIIIII', 'IIIIIIIIII');
INSERT INTO SCHOOLS (ID, TEACHERS, NAME) VALUES (36, 'JJJJJJJJJJJ', 'JJJJJJJJJJJ');
INSERT INTO SCHOOLS (ID, TEACHERS, NAME) VALUES (37, 'KKKKKKKKKKKK', 'KKKKKKKKKKKK');
INSERT INTO SCHOOLS (ID, TEACHERS, NAME) VALUES (38, 'LLLLLLLLLLLLL', 'LLLLLLLLLLLLL');
INSERT INTO SCHOOLS (ID, TEACHERS, NAME) VALUES (39, 'MMMMMMMMMMMMMM', 'MMMMMMMMMMMMMM');
INSERT INTO SCHOOLS (ID, TEACHERS, NAME) VALUES (40, 'NNNNNNNNNNNNNNN', 'NNNNNNNNNNNNNNN');
INSERT INTO SCHOOLS (ID, TEACHERS, NAME) VALUES (41, 'OOOOOOOOOOOOOOOO', 'OOOOOOOOOOOOOOOO');
INSERT INTO SCHOOLS (ID, TEACHERS, NAME) VALUES (42, 'PPPPPPPPPPPPPPPPP', 'PPPPPPPPPPPPPPPPP');
INSERT INTO SCHOOLS (ID, TEACHERS, NAME) VALUES (43, 'QQQQQQQQQQQQQQQQQQ', 'QQQQQQQQQQQQQQQQQQ');
INSERT INTO SCHOOLS (ID, TEACHERS, NAME) VALUES (44, 'RRRRRRRRRRRRRRRRRRR', 'RRRRRRRRRRRRRRRRRRR');
INSERT INTO SCHOOLS (ID, TEACHERS, NAME) VALUES (45, 'SSSSSSSSSSSSSSSSSSSS', 'SSSSSSSSSSSSSSSSSSSS');
INSERT INTO SCHOOLS (ID, TEACHERS, NAME) VALUES (46, 'TTTTTTTTTTTTTTTTTTTTT', 'TTTTTTTTTTTTTTTTTTTTT');
INSERT INTO SCHOOLS (ID, TEACHERS, NAME) VALUES (47, 'UUUUUUUUUUUUUUUUUUUUUU', 'UUUUUUUUUUUUUUUUUUUUUU');
INSERT INTO SCHOOLS (ID, TEACHERS, NAME) VALUES (48, 'VVVVVVVVVVVVVVVVVVVVVVV', 'VVVVVVVVVVVVVVVVVVVVVVV');
INSERT INTO SCHOOLS (ID, TEACHERS, NAME) VALUES (49, 'WWWWWWWWWWWWWWWWWWWWWWWW', 'WWWWWWWWWWWWWWWWWWWWWWWW');
INSERT INTO SCHOOLS (ID, TEACHERS, NAME) VALUES (50, 'XXXXXXXXXXXXXXXXXXXXXXXXX', 'XXXXXXXXXXXXXXXXXXXXXXXXX');
INSERT INTO SCHOOLS (ID, TEACHERS, NAME) VALUES (51, 'YYYYYYYYYYYYYYYYYYYYYYYYYY', 'YYYYYYYYYYYYYYYYYYYYYYYYYY');
INSERT INTO SCHOOLS (ID, TEACHERS, NAME) VALUES (52, 'AA_', 'AA_');
INSERT INTO SCHOOLS (ID, TEACHERS, NAME) VALUES (53, 'AAA', 'AAA');
INSERT INTO SCHOOLS (ID, TEACHERS, NAME) VALUES (54, 'BBBB', 'BBBB');
INSERT INTO SCHOOLS (ID, TEACHERS, NAME) VALUES (55, 'CCCCC', 'CCCCC');
INSERT INTO SCHOOLS (ID, TEACHERS, NAME) VALUES (56, 'DDDDDD', 'DDDDDD');
INSERT INTO SCHOOLS (ID, TEACHERS, NAME) VALUES (57, 'EEEEEEE', 'EEEEEEE');
INSERT INTO SCHOOLS (ID, TEACHERS, NAME) VALUES (58, 'FFFFFFFF', 'FFFFFFFF');
INSERT INTO SCHOOLS (ID, TEACHERS, NAME) VALUES (59, 'GGGGGGGGG', 'GGGGGGGGG');
INSERT INTO SCHOOLS (ID, TEACHERS, NAME) VALUES (60, 'HHHHHHHHHH', 'HHHHHHHHHH');
INSERT INTO SCHOOLS (ID, TEACHERS, NAME) VALUES (61, 'IIIIIIIIIII', 'IIIIIIIIIII');
INSERT INTO SCHOOLS (ID, TEACHERS, NAME) VALUES (62, 'JJJJJJJJJJJJ', 'JJJJJJJJJJJJ');
INSERT INTO SCHOOLS (ID, TEACHERS, NAME) VALUES (63, 'KKKKKKKKKKKKK', 'KKKKKKKKKKKKK');
INSERT INTO SCHOOLS (ID, TEACHERS, NAME) VALUES (64, 'LLLLLLLLLLLLLL', 'LLLLLLLLLLLLLL');
INSERT INTO SCHOOLS (ID, TEACHERS, NAME) VALUES (65, 'MMMMMMMMMMMMMMM', 'MMMMMMMMMMMMMMM');
INSERT INTO SCHOOLS (ID, TEACHERS, NAME) VALUES (66, 'NNNNNNNNNNNNNNNN', 'NNNNNNNNNNNNNNNN');
INSERT INTO SCHOOLS (ID, TEACHERS, NAME) VALUES (67, 'OOOOOOOOOOOOOOOOO', 'OOOOOOOOOOOOOOOOO');
INSERT INTO SCHOOLS (ID, TEACHERS, NAME) VALUES (68, 'PPPPPPPPPPPPPPPPPP', 'PPPPPPPPPPPPPPPPPP');
INSERT INTO SCHOOLS (ID, TEACHERS, NAME) VALUES (69, 'QQQQQQQQQQQQQQQQQQQ', 'QQQQQQQQQQQQQQQQQQQ');
INSERT INTO SCHOOLS (ID, TEACHERS, NAME) VALUES (70, 'RRRRRRRRRRRRRRRRRRRR', 'RRRRRRRRRRRRRRRRRRRR');
INSERT INTO SCHOOLS (ID, TEACHERS, NAME) VALUES (71, 'SSSSSSSSSSSSSSSSSSSSS', 'SSSSSSSSSSSSSSSSSSSSS');
INSERT INTO SCHOOLS (ID, TEACHERS, NAME) VALUES (72, 'TTTTTTTTTTTTTTTTTTTTTT', 'TTTTTTTTTTTTTTTTTTTTTT');
INSERT INTO SCHOOLS (ID, TEACHERS, NAME) VALUES (73, 'UUUUUUUUUUUUUUUUUUUUUUU', 'UUUUUUUUUUUUUUUUUUUUUUU');
INSERT INTO SCHOOLS (ID, TEACHERS, NAME) VALUES (74, 'VVVVVVVVVVVVVVVVVVVVVVVV', 'VVVVVVVVVVVVVVVVVVVVVVVV');
INSERT INTO SCHOOLS (ID, TEACHERS, NAME) VALUES (75, 'WWWWWWWWWWWWWWWWWWWWWWWWW', 'WWWWWWWWWWWWWWWWWWWWWWWWW');
INSERT INTO SCHOOLS (ID, TEACHERS, NAME) VALUES (76, 'XXXXXXXXXXXXXXXXXXXXXXXXXX', 'XXXXXXXXXXXXXXXXXXXXXXXXXX');
INSERT INTO SCHOOLS (ID, TEACHERS, NAME) VALUES (77, 'YYYYYYYYYYYYYYYYYYYYYYYYYYY', 'YYYYYYYYYYYYYYYYYYYYYYYYYYY');
INSERT INTO SCHOOLS (ID, TEACHERS, NAME) VALUES (78, 'AAA_', 'AAA_');
INSERT INTO SCHOOLS (ID, TEACHERS, NAME) VALUES (79, 'AAAA', 'AAAA');
INSERT INTO SCHOOLS (ID, TEACHERS, NAME) VALUES (80, 'BBBBB', 'BBBBB');
INSERT INTO SCHOOLS (ID, TEACHERS, NAME) VALUES (81, 'CCCCCC', 'CCCCCC');
INSERT INTO SCHOOLS (ID, TEACHERS, NAME) VALUES (82, 'DDDDDDD', 'DDDDDDD');
INSERT INTO SCHOOLS (ID, TEACHERS, NAME) VALUES (83, 'EEEEEEEE', 'EEEEEEEE');
INSERT INTO SCHOOLS (ID, TEACHERS, NAME) VALUES (84, 'FFFFFFFFF', 'FFFFFFFFF');
INSERT INTO SCHOOLS (ID, TEACHERS, NAME) VALUES (85, 'GGGGGGGGGG', 'GGGGGGGGGG');
INSERT INTO SCHOOLS (ID, TEACHERS, NAME) VALUES (86, 'HHHHHHHHHHH', 'HHHHHHHHHHH');
INSERT INTO SCHOOLS (ID, TEACHERS, NAME) VALUES (87, 'IIIIIIIIIIII', 'IIIIIIIIIIII');
INSERT INTO SCHOOLS (ID, TEACHERS, NAME) VALUES (88, 'JJJJJJJJJJJJJ', 'JJJJJJJJJJJJJ');
INSERT INTO SCHOOLS (ID, TEACHERS, NAME) VALUES (89, 'KKKKKKKKKKKKKK', 'KKKKKKKKKKKKKK');
INSERT INTO SCHOOLS (ID, TEACHERS, NAME) VALUES (90, 'LLLLLLLLLLLLLLL', 'LLLLLLLLLLLLLLL');
INSERT INTO SCHOOLS (ID, TEACHERS, NAME) VALUES (91, 'MMMMMMMMMMMMMMMM', 'MMMMMMMMMMMMMMMM');
INSERT INTO SCHOOLS (ID, TEACHERS, NAME) VALUES (92, 'NNNNNNNNNNNNNNNNN', 'NNNNNNNNNNNNNNNNN');
INSERT INTO SCHOOLS (ID, TEACHERS, NAME) VALUES (93, 'OOOOOOOOOOOOOOOOOO', 'OOOOOOOOOOOOOOOOOO');
INSERT INTO SCHOOLS (ID, TEACHERS, NAME) VALUES (94, 'PPPPPPPPPPPPPPPPPPP', 'PPPPPPPPPPPPPPPPPPP');
INSERT INTO SCHOOLS (ID, TEACHERS, NAME) VALUES (95, 'QQQQQQQQQQQQQQQQQQQQ', 'QQQQQQQQQQQQQQQQQQQQ');
INSERT INTO SCHOOLS (ID, TEACHERS, NAME) VALUES (96, 'RRRRRRRRRRRRRRRRRRRRR', 'RRRRRRRRRRRRRRRRRRRRR');
INSERT INTO SCHOOLS (ID, TEACHERS, NAME) VALUES (97, 'SSSSSSSSSSSSSSSSSSSSSS', 'SSSSSSSSSSSSSSSSSSSSSS');
INSERT INTO SCHOOLS (ID, TEACHERS, NAME) VALUES (98, 'TTTTTTTTTTTTTTTTTTTTTTT', 'TTTTTTTTTTTTTTTTTTTTTTT');
INSERT INTO SCHOOLS (ID, TEACHERS, NAME) VALUES (99, 'UUUUUUUUUUUUUUUUUUUUUUUU', 'UUUUUUUUUUUUUUUUUUUUUUUU');
INSERT INTO SCHOOLS (ID, TEACHERS, NAME) VALUES (100, 'VVVVVVVVVVVVVVVVVVVVVVVVV', 'VVVVVVVVVVVVVVVVVVVVVVVVV');
/* ------------- STUDENT ---------------- */ 
INSERT INTO STUDENT (ID, AGE, NAME) VALUES (1, 'A', 'A');
INSERT INTO STUDENT (ID, AGE, NAME) VALUES (2, 'B', 'B');
INSERT INTO STUDENT (ID, AGE, NAME) VALUES (3, 'C', 'C');
INSERT INTO STUDENT (ID, AGE, NAME) VALUES (4, 'D', 'D');
INSERT INTO STUDENT (ID, AGE, NAME) VALUES (5, 'E', 'E');
INSERT INTO STUDENT (ID, AGE, NAME) VALUES (6, 'F', 'F');
INSERT INTO STUDENT (ID, AGE, NAME) VALUES (7, 'G', 'G');
INSERT INTO STUDENT (ID, AGE, NAME) VALUES (8, 'H', 'H');
INSERT INTO STUDENT (ID, AGE, NAME) VALUES (9, 'I', 'I');
INSERT INTO STUDENT (ID, AGE, NAME) VALUES (10, 'J', 'J');
INSERT INTO STUDENT (ID, AGE, NAME) VALUES (11, 'K', 'K');
INSERT INTO STUDENT (ID, AGE, NAME) VALUES (12, 'L', 'L');
INSERT INTO STUDENT (ID, AGE, NAME) VALUES (13, 'M', 'M');
INSERT INTO STUDENT (ID, AGE, NAME) VALUES (14, 'N', 'N');
INSERT INTO STUDENT (ID, AGE, NAME) VALUES (15, 'O', 'O');
INSERT INTO STUDENT (ID, AGE, NAME) VALUES (16, 'P', 'P');
INSERT INTO STUDENT (ID, AGE, NAME) VALUES (17, 'Q', 'Q');
INSERT INTO STUDENT (ID, AGE, NAME) VALUES (18, 'R', 'R');
INSERT INTO STUDENT (ID, AGE, NAME) VALUES (19, 'S', 'S');
INSERT INTO STUDENT (ID, AGE, NAME) VALUES (20, 'T', 'T');
INSERT INTO STUDENT (ID, AGE, NAME) VALUES (21, 'U', 'U');
INSERT INTO STUDENT (ID, AGE, NAME) VALUES (22, 'V', 'V');
INSERT INTO STUDENT (ID, AGE, NAME) VALUES (23, 'W', 'W');
INSERT INTO STUDENT (ID, AGE, NAME) VALUES (24, 'X', 'X');
INSERT INTO STUDENT (ID, AGE, NAME) VALUES (25, 'Y', 'Y');
INSERT INTO STUDENT (ID, AGE, NAME) VALUES (26, 'Z', 'Z');
INSERT INTO STUDENT (ID, AGE, NAME) VALUES (27, 'AA', 'AA');
INSERT INTO STUDENT (ID, AGE, NAME) VALUES (28, 'BBB', 'BBB');
INSERT INTO STUDENT (ID, AGE, NAME) VALUES (29, 'CCCC', 'CCCC');
INSERT INTO STUDENT (ID, AGE, NAME) VALUES (30, 'DDDDD', 'DDDDD');
INSERT INTO STUDENT (ID, AGE, NAME) VALUES (31, 'EEEEEE', 'EEEEEE');
INSERT INTO STUDENT (ID, AGE, NAME) VALUES (32, 'FFFFFFF', 'FFFFFFF');
INSERT INTO STUDENT (ID, AGE, NAME) VALUES (33, 'GGGGGGGG', 'GGGGGGGG');
INSERT INTO STUDENT (ID, AGE, NAME) VALUES (34, 'HHHHHHHHH', 'HHHHHHHHH');
INSERT INTO STUDENT (ID, AGE, NAME) VALUES (35, 'IIIIIIIIII', 'IIIIIIIIII');
INSERT INTO STUDENT (ID, AGE, NAME) VALUES (36, 'JJJJJJJJJJJ', 'JJJJJJJJJJJ');
INSERT INTO STUDENT (ID, AGE, NAME) VALUES (37, 'KKKKKKKKKKKK', 'KKKKKKKKKKKK');
INSERT INTO STUDENT (ID, AGE, NAME) VALUES (38, 'LLLLLLLLLLLLL', 'LLLLLLLLLLLLL');
INSERT INTO STUDENT (ID, AGE, NAME) VALUES (39, 'MMMMMMMMMMMMMM', 'MMMMMMMMMMMMMM');
INSERT INTO STUDENT (ID, AGE, NAME) VALUES (40, 'NNNNNNNNNNNNNNN', 'NNNNNNNNNNNNNNN');
INSERT INTO STUDENT (ID, AGE, NAME) VALUES (41, 'OOOOOOOOOOOOOOOO', 'OOOOOOOOOOOOOOOO');
INSERT INTO STUDENT (ID, AGE, NAME) VALUES (42, 'PPPPPPPPPPPPPPPPP', 'PPPPPPPPPPPPPPPPP');
INSERT INTO STUDENT (ID, AGE, NAME) VALUES (43, 'QQQQQQQQQQQQQQQQQQ', 'QQQQQQQQQQQQQQQQQQ');
INSERT INTO STUDENT (ID, AGE, NAME) VALUES (44, 'RRRRRRRRRRRRRRRRRRR', 'RRRRRRRRRRRRRRRRRRR');
INSERT INTO STUDENT (ID, AGE, NAME) VALUES (45, 'SSSSSSSSSSSSSSSSSSSS', 'SSSSSSSSSSSSSSSSSSSS');
INSERT INTO STUDENT (ID, AGE, NAME) VALUES (46, 'TTTTTTTTTTTTTTTTTTTTT', 'TTTTTTTTTTTTTTTTTTTTT');
INSERT INTO STUDENT (ID, AGE, NAME) VALUES (47, 'UUUUUUUUUUUUUUUUUUUUUU', 'UUUUUUUUUUUUUUUUUUUUUU');
INSERT INTO STUDENT (ID, AGE, NAME) VALUES (48, 'VVVVVVVVVVVVVVVVVVVVVVV', 'VVVVVVVVVVVVVVVVVVVVVVV');
INSERT INTO STUDENT (ID, AGE, NAME) VALUES (49, 'WWWWWWWWWWWWWWWWWWWWWWWW', 'WWWWWWWWWWWWWWWWWWWWWWWW');
INSERT INTO STUDENT (ID, AGE, NAME) VALUES (50, 'XXXXXXXXXXXXXXXXXXXXXXXXX', 'XXXXXXXXXXXXXXXXXXXXXXXXX');
INSERT INTO STUDENT (ID, AGE, NAME) VALUES (51, 'YYYYYYYYYYYYYYYYYYYYYYYYYY', 'YYYYYYYYYYYYYYYYYYYYYYYYYY');
INSERT INTO STUDENT (ID, AGE, NAME) VALUES (52, 'AA_', 'AA_');
INSERT INTO STUDENT (ID, AGE, NAME) VALUES (53, 'AAA', 'AAA');
INSERT INTO STUDENT (ID, AGE, NAME) VALUES (54, 'BBBB', 'BBBB');
INSERT INTO STUDENT (ID, AGE, NAME) VALUES (55, 'CCCCC', 'CCCCC');
INSERT INTO STUDENT (ID, AGE, NAME) VALUES (56, 'DDDDDD', 'DDDDDD');
INSERT INTO STUDENT (ID, AGE, NAME) VALUES (57, 'EEEEEEE', 'EEEEEEE');
INSERT INTO STUDENT (ID, AGE, NAME) VALUES (58, 'FFFFFFFF', 'FFFFFFFF');
INSERT INTO STUDENT (ID, AGE, NAME) VALUES (59, 'GGGGGGGGG', 'GGGGGGGGG');
INSERT INTO STUDENT (ID, AGE, NAME) VALUES (60, 'HHHHHHHHHH', 'HHHHHHHHHH');
INSERT INTO STUDENT (ID, AGE, NAME) VALUES (61, 'IIIIIIIIIII', 'IIIIIIIIIII');
INSERT INTO STUDENT (ID, AGE, NAME) VALUES (62, 'JJJJJJJJJJJJ', 'JJJJJJJJJJJJ');
INSERT INTO STUDENT (ID, AGE, NAME) VALUES (63, 'KKKKKKKKKKKKK', 'KKKKKKKKKKKKK');
INSERT INTO STUDENT (ID, AGE, NAME) VALUES (64, 'LLLLLLLLLLLLLL', 'LLLLLLLLLLLLLL');
INSERT INTO STUDENT (ID, AGE, NAME) VALUES (65, 'MMMMMMMMMMMMMMM', 'MMMMMMMMMMMMMMM');
INSERT INTO STUDENT (ID, AGE, NAME) VALUES (66, 'NNNNNNNNNNNNNNNN', 'NNNNNNNNNNNNNNNN');
INSERT INTO STUDENT (ID, AGE, NAME) VALUES (67, 'OOOOOOOOOOOOOOOOO', 'OOOOOOOOOOOOOOOOO');
INSERT INTO STUDENT (ID, AGE, NAME) VALUES (68, 'PPPPPPPPPPPPPPPPPP', 'PPPPPPPPPPPPPPPPPP');
INSERT INTO STUDENT (ID, AGE, NAME) VALUES (69, 'QQQQQQQQQQQQQQQQQQQ', 'QQQQQQQQQQQQQQQQQQQ');
INSERT INTO STUDENT (ID, AGE, NAME) VALUES (70, 'RRRRRRRRRRRRRRRRRRRR', 'RRRRRRRRRRRRRRRRRRRR');
INSERT INTO STUDENT (ID, AGE, NAME) VALUES (71, 'SSSSSSSSSSSSSSSSSSSSS', 'SSSSSSSSSSSSSSSSSSSSS');
INSERT INTO STUDENT (ID, AGE, NAME) VALUES (72, 'TTTTTTTTTTTTTTTTTTTTTT', 'TTTTTTTTTTTTTTTTTTTTTT');
INSERT INTO STUDENT (ID, AGE, NAME) VALUES (73, 'UUUUUUUUUUUUUUUUUUUUUUU', 'UUUUUUUUUUUUUUUUUUUUUUU');
INSERT INTO STUDENT (ID, AGE, NAME) VALUES (74, 'VVVVVVVVVVVVVVVVVVVVVVVV', 'VVVVVVVVVVVVVVVVVVVVVVVV');
INSERT INTO STUDENT (ID, AGE, NAME) VALUES (75, 'WWWWWWWWWWWWWWWWWWWWWWWWW', 'WWWWWWWWWWWWWWWWWWWWWWWWW');
INSERT INTO STUDENT (ID, AGE, NAME) VALUES (76, 'XXXXXXXXXXXXXXXXXXXXXXXXXX', 'XXXXXXXXXXXXXXXXXXXXXXXXXX');
INSERT INTO STUDENT (ID, AGE, NAME) VALUES (77, 'YYYYYYYYYYYYYYYYYYYYYYYYYYY', 'YYYYYYYYYYYYYYYYYYYYYYYYYYY');
INSERT INTO STUDENT (ID, AGE, NAME) VALUES (78, 'AAA_', 'AAA_');
INSERT INTO STUDENT (ID, AGE, NAME) VALUES (79, 'AAAA', 'AAAA');
INSERT INTO STUDENT (ID, AGE, NAME) VALUES (80, 'BBBBB', 'BBBBB');
INSERT INTO STUDENT (ID, AGE, NAME) VALUES (81, 'CCCCCC', 'CCCCCC');
INSERT INTO STUDENT (ID, AGE, NAME) VALUES (82, 'DDDDDDD', 'DDDDDDD');
INSERT INTO STUDENT (ID, AGE, NAME) VALUES (83, 'EEEEEEEE', 'EEEEEEEE');
INSERT INTO STUDENT (ID, AGE, NAME) VALUES (84, 'FFFFFFFFF', 'FFFFFFFFF');
INSERT INTO STUDENT (ID, AGE, NAME) VALUES (85, 'GGGGGGGGGG', 'GGGGGGGGGG');
INSERT INTO STUDENT (ID, AGE, NAME) VALUES (86, 'HHHHHHHHHHH', 'HHHHHHHHHHH');
INSERT INTO STUDENT (ID, AGE, NAME) VALUES (87, 'IIIIIIIIIIII', 'IIIIIIIIIIII');
INSERT INTO STUDENT (ID, AGE, NAME) VALUES (88, 'JJJJJJJJJJJJJ', 'JJJJJJJJJJJJJ');
INSERT INTO STUDENT (ID, AGE, NAME) VALUES (89, 'KKKKKKKKKKKKKK', 'KKKKKKKKKKKKKK');
INSERT INTO STUDENT (ID, AGE, NAME) VALUES (90, 'LLLLLLLLLLLLLLL', 'LLLLLLLLLLLLLLL');
INSERT INTO STUDENT (ID, AGE, NAME) VALUES (91, 'MMMMMMMMMMMMMMMM', 'MMMMMMMMMMMMMMMM');
INSERT INTO STUDENT (ID, AGE, NAME) VALUES (92, 'NNNNNNNNNNNNNNNNN', 'NNNNNNNNNNNNNNNNN');
INSERT INTO STUDENT (ID, AGE, NAME) VALUES (93, 'OOOOOOOOOOOOOOOOOO', 'OOOOOOOOOOOOOOOOOO');
INSERT INTO STUDENT (ID, AGE, NAME) VALUES (94, 'PPPPPPPPPPPPPPPPPPP', 'PPPPPPPPPPPPPPPPPPP');
INSERT INTO STUDENT (ID, AGE, NAME) VALUES (95, 'QQQQQQQQQQQQQQQQQQQQ', 'QQQQQQQQQQQQQQQQQQQQ');
INSERT INTO STUDENT (ID, AGE, NAME) VALUES (96, 'RRRRRRRRRRRRRRRRRRRRR', 'RRRRRRRRRRRRRRRRRRRRR');
INSERT INTO STUDENT (ID, AGE, NAME) VALUES (97, 'SSSSSSSSSSSSSSSSSSSSSS', 'SSSSSSSSSSSSSSSSSSSSSS');
INSERT INTO STUDENT (ID, AGE, NAME) VALUES (98, 'TTTTTTTTTTTTTTTTTTTTTTT', 'TTTTTTTTTTTTTTTTTTTTTTT');
INSERT INTO STUDENT (ID, AGE, NAME) VALUES (99, 'UUUUUUUUUUUUUUUUUUUUUUUU', 'UUUUUUUUUUUUUUUUUUUUUUUU');
INSERT INTO STUDENT (ID, AGE, NAME) VALUES (100, 'VVVVVVVVVVVVVVVVVVVVVVVVV', 'VVVVVVVVVVVVVVVVVVVVVVVVV');
/* ------------- STUDENTS ---------------- */ 
INSERT INTO STUDENTS (GPA, ID, NAME) VALUES ('A', 1, 'A');
INSERT INTO STUDENTS (GPA, ID, NAME) VALUES ('B', 2, 'B');
INSERT INTO STUDENTS (GPA, ID, NAME) VALUES ('C', 3, 'C');
INSERT INTO STUDENTS (GPA, ID, NAME) VALUES ('D', 4, 'D');
INSERT INTO STUDENTS (GPA, ID, NAME) VALUES ('E', 5, 'E');
INSERT INTO STUDENTS (GPA, ID, NAME) VALUES ('F', 6, 'F');
INSERT INTO STUDENTS (GPA, ID, NAME) VALUES ('G', 7, 'G');
INSERT INTO STUDENTS (GPA, ID, NAME) VALUES ('H', 8, 'H');
INSERT INTO STUDENTS (GPA, ID, NAME) VALUES ('I', 9, 'I');
INSERT INTO STUDENTS (GPA, ID, NAME) VALUES ('J', 10, 'J');
INSERT INTO STUDENTS (GPA, ID, NAME) VALUES ('K', 11, 'K');
INSERT INTO STUDENTS (GPA, ID, NAME) VALUES ('L', 12, 'L');
INSERT INTO STUDENTS (GPA, ID, NAME) VALUES ('M', 13, 'M');
INSERT INTO STUDENTS (GPA, ID, NAME) VALUES ('N', 14, 'N');
INSERT INTO STUDENTS (GPA, ID, NAME) VALUES ('O', 15, 'O');
INSERT INTO STUDENTS (GPA, ID, NAME) VALUES ('P', 16, 'P');
INSERT INTO STUDENTS (GPA, ID, NAME) VALUES ('Q', 17, 'Q');
INSERT INTO STUDENTS (GPA, ID, NAME) VALUES ('R', 18, 'R');
INSERT INTO STUDENTS (GPA, ID, NAME) VALUES ('S', 19, 'S');
INSERT INTO STUDENTS (GPA, ID, NAME) VALUES ('T', 20, 'T');
INSERT INTO STUDENTS (GPA, ID, NAME) VALUES ('U', 21, 'U');
INSERT INTO STUDENTS (GPA, ID, NAME) VALUES ('V', 22, 'V');
INSERT INTO STUDENTS (GPA, ID, NAME) VALUES ('W', 23, 'W');
INSERT INTO STUDENTS (GPA, ID, NAME) VALUES ('X', 24, 'X');
INSERT INTO STUDENTS (GPA, ID, NAME) VALUES ('Y', 25, 'Y');
INSERT INTO STUDENTS (GPA, ID, NAME) VALUES ('Z', 26, 'Z');
INSERT INTO STUDENTS (GPA, ID, NAME) VALUES ('AA', 27, 'AA');
INSERT INTO STUDENTS (GPA, ID, NAME) VALUES ('BBB', 28, 'BBB');
INSERT INTO STUDENTS (GPA, ID, NAME) VALUES ('CCCC', 29, 'CCCC');
INSERT INTO STUDENTS (GPA, ID, NAME) VALUES ('DDDDD', 30, 'DDDDD');
INSERT INTO STUDENTS (GPA, ID, NAME) VALUES ('EEEEEE', 31, 'EEEEEE');
INSERT INTO STUDENTS (GPA, ID, NAME) VALUES ('FFFFFFF', 32, 'FFFFFFF');
INSERT INTO STUDENTS (GPA, ID, NAME) VALUES ('GGGGGGGG', 33, 'GGGGGGGG');
INSERT INTO STUDENTS (GPA, ID, NAME) VALUES ('HHHHHHHHH', 34, 'HHHHHHHHH');
INSERT INTO STUDENTS (GPA, ID, NAME) VALUES ('IIIIIIIIII', 35, 'IIIIIIIIII');
INSERT INTO STUDENTS (GPA, ID, NAME) VALUES ('JJJJJJJJJJJ', 36, 'JJJJJJJJJJJ');
INSERT INTO STUDENTS (GPA, ID, NAME) VALUES ('KKKKKKKKKKKK', 37, 'KKKKKKKKKKKK');
INSERT INTO STUDENTS (GPA, ID, NAME) VALUES ('LLLLLLLLLLLLL', 38, 'LLLLLLLLLLLLL');
INSERT INTO STUDENTS (GPA, ID, NAME) VALUES ('MMMMMMMMMMMMMM', 39, 'MMMMMMMMMMMMMM');
INSERT INTO STUDENTS (GPA, ID, NAME) VALUES ('NNNNNNNNNNNNNNN', 40, 'NNNNNNNNNNNNNNN');
INSERT INTO STUDENTS (GPA, ID, NAME) VALUES ('OOOOOOOOOOOOOOOO', 41, 'OOOOOOOOOOOOOOOO');
INSERT INTO STUDENTS (GPA, ID, NAME) VALUES ('PPPPPPPPPPPPPPPPP', 42, 'PPPPPPPPPPPPPPPPP');
INSERT INTO STUDENTS (GPA, ID, NAME) VALUES ('QQQQQQQQQQQQQQQQQQ', 43, 'QQQQQQQQQQQQQQQQQQ');
INSERT INTO STUDENTS (GPA, ID, NAME) VALUES ('RRRRRRRRRRRRRRRRRRR', 44, 'RRRRRRRRRRRRRRRRRRR');
INSERT INTO STUDENTS (GPA, ID, NAME) VALUES ('SSSSSSSSSSSSSSSSSSSS', 45, 'SSSSSSSSSSSSSSSSSSSS');
INSERT INTO STUDENTS (GPA, ID, NAME) VALUES ('TTTTTTTTTTTTTTTTTTTTT', 46, 'TTTTTTTTTTTTTTTTTTTTT');
INSERT INTO STUDENTS (GPA, ID, NAME) VALUES ('UUUUUUUUUUUUUUUUUUUUUU', 47, 'UUUUUUUUUUUUUUUUUUUUUU');
INSERT INTO STUDENTS (GPA, ID, NAME) VALUES ('VVVVVVVVVVVVVVVVVVVVVVV', 48, 'VVVVVVVVVVVVVVVVVVVVVVV');
INSERT INTO STUDENTS (GPA, ID, NAME) VALUES ('WWWWWWWWWWWWWWWWWWWWWWWW', 49, 'WWWWWWWWWWWWWWWWWWWWWWWW');
INSERT INTO STUDENTS (GPA, ID, NAME) VALUES ('XXXXXXXXXXXXXXXXXXXXXXXXX', 50, 'XXXXXXXXXXXXXXXXXXXXXXXXX');
INSERT INTO STUDENTS (GPA, ID, NAME) VALUES ('YYYYYYYYYYYYYYYYYYYYYYYYYY', 51, 'YYYYYYYYYYYYYYYYYYYYYYYYYY');
INSERT INTO STUDENTS (GPA, ID, NAME) VALUES ('AA_', 52, 'AA_');
INSERT INTO STUDENTS (GPA, ID, NAME) VALUES ('AAA', 53, 'AAA');
INSERT INTO STUDENTS (GPA, ID, NAME) VALUES ('BBBB', 54, 'BBBB');
INSERT INTO STUDENTS (GPA, ID, NAME) VALUES ('CCCCC', 55, 'CCCCC');
INSERT INTO STUDENTS (GPA, ID, NAME) VALUES ('DDDDDD', 56, 'DDDDDD');
INSERT INTO STUDENTS (GPA, ID, NAME) VALUES ('EEEEEEE', 57, 'EEEEEEE');
INSERT INTO STUDENTS (GPA, ID, NAME) VALUES ('FFFFFFFF', 58, 'FFFFFFFF');
INSERT INTO STUDENTS (GPA, ID, NAME) VALUES ('GGGGGGGGG', 59, 'GGGGGGGGG');
INSERT INTO STUDENTS (GPA, ID, NAME) VALUES ('HHHHHHHHHH', 60, 'HHHHHHHHHH');
INSERT INTO STUDENTS (GPA, ID, NAME) VALUES ('IIIIIIIIIII', 61, 'IIIIIIIIIII');
INSERT INTO STUDENTS (GPA, ID, NAME) VALUES ('JJJJJJJJJJJJ', 62, 'JJJJJJJJJJJJ');
INSERT INTO STUDENTS (GPA, ID, NAME) VALUES ('KKKKKKKKKKKKK', 63, 'KKKKKKKKKKKKK');
INSERT INTO STUDENTS (GPA, ID, NAME) VALUES ('LLLLLLLLLLLLLL', 64, 'LLLLLLLLLLLLLL');
INSERT INTO STUDENTS (GPA, ID, NAME) VALUES ('MMMMMMMMMMMMMMM', 65, 'MMMMMMMMMMMMMMM');
INSERT INTO STUDENTS (GPA, ID, NAME) VALUES ('NNNNNNNNNNNNNNNN', 66, 'NNNNNNNNNNNNNNNN');
INSERT INTO STUDENTS (GPA, ID, NAME) VALUES ('OOOOOOOOOOOOOOOOO', 67, 'OOOOOOOOOOOOOOOOO');
INSERT INTO STUDENTS (GPA, ID, NAME) VALUES ('PPPPPPPPPPPPPPPPPP', 68, 'PPPPPPPPPPPPPPPPPP');
INSERT INTO STUDENTS (GPA, ID, NAME) VALUES ('QQQQQQQQQQQQQQQQQQQ', 69, 'QQQQQQQQQQQQQQQQQQQ');
INSERT INTO STUDENTS (GPA, ID, NAME) VALUES ('RRRRRRRRRRRRRRRRRRRR', 70, 'RRRRRRRRRRRRRRRRRRRR');
INSERT INTO STUDENTS (GPA, ID, NAME) VALUES ('SSSSSSSSSSSSSSSSSSSSS', 71, 'SSSSSSSSSSSSSSSSSSSSS');
INSERT INTO STUDENTS (GPA, ID, NAME) VALUES ('TTTTTTTTTTTTTTTTTTTTTT', 72, 'TTTTTTTTTTTTTTTTTTTTTT');
INSERT INTO STUDENTS (GPA, ID, NAME) VALUES ('UUUUUUUUUUUUUUUUUUUUUUU', 73, 'UUUUUUUUUUUUUUUUUUUUUUU');
INSERT INTO STUDENTS (GPA, ID, NAME) VALUES ('VVVVVVVVVVVVVVVVVVVVVVVV', 74, 'VVVVVVVVVVVVVVVVVVVVVVVV');
INSERT INTO STUDENTS (GPA, ID, NAME) VALUES ('WWWWWWWWWWWWWWWWWWWWWWWWW', 75, 'WWWWWWWWWWWWWWWWWWWWWWWWW');
INSERT INTO STUDENTS (GPA, ID, NAME) VALUES ('XXXXXXXXXXXXXXXXXXXXXXXXXX', 76, 'XXXXXXXXXXXXXXXXXXXXXXXXXX');
INSERT INTO STUDENTS (GPA, ID, NAME) VALUES ('YYYYYYYYYYYYYYYYYYYYYYYYYYY', 77, 'YYYYYYYYYYYYYYYYYYYYYYYYYYY');
INSERT INTO STUDENTS (GPA, ID, NAME) VALUES ('AAA_', 78, 'AAA_');
INSERT INTO STUDENTS (GPA, ID, NAME) VALUES ('AAAA', 79, 'AAAA');
INSERT INTO STUDENTS (GPA, ID, NAME) VALUES ('BBBBB', 80, 'BBBBB');
INSERT INTO STUDENTS (GPA, ID, NAME) VALUES ('CCCCCC', 81, 'CCCCCC');
INSERT INTO STUDENTS (GPA, ID, NAME) VALUES ('DDDDDDD', 82, 'DDDDDDD');
INSERT INTO STUDENTS (GPA, ID, NAME) VALUES ('EEEEEEEE', 83, 'EEEEEEEE');
INSERT INTO STUDENTS (GPA, ID, NAME) VALUES ('FFFFFFFFF', 84, 'FFFFFFFFF');
INSERT INTO STUDENTS (GPA, ID, NAME) VALUES ('GGGGGGGGGG', 85, 'GGGGGGGGGG');
INSERT INTO STUDENTS (GPA, ID, NAME) VALUES ('HHHHHHHHHHH', 86, 'HHHHHHHHHHH');
INSERT INTO STUDENTS (GPA, ID, NAME) VALUES ('IIIIIIIIIIII', 87, 'IIIIIIIIIIII');
INSERT INTO STUDENTS (GPA, ID, NAME) VALUES ('JJJJJJJJJJJJJ', 88, 'JJJJJJJJJJJJJ');
INSERT INTO STUDENTS (GPA, ID, NAME) VALUES ('KKKKKKKKKKKKKK', 89, 'KKKKKKKKKKKKKK');
INSERT INTO STUDENTS (GPA, ID, NAME) VALUES ('LLLLLLLLLLLLLLL', 90, 'LLLLLLLLLLLLLLL');
INSERT INTO STUDENTS (GPA, ID, NAME) VALUES ('MMMMMMMMMMMMMMMM', 91, 'MMMMMMMMMMMMMMMM');
INSERT INTO STUDENTS (GPA, ID, NAME) VALUES ('NNNNNNNNNNNNNNNNN', 92, 'NNNNNNNNNNNNNNNNN');
INSERT INTO STUDENTS (GPA, ID, NAME) VALUES ('OOOOOOOOOOOOOOOOOO', 93, 'OOOOOOOOOOOOOOOOOO');
INSERT INTO STUDENTS (GPA, ID, NAME) VALUES ('PPPPPPPPPPPPPPPPPPP', 94, 'PPPPPPPPPPPPPPPPPPP');
INSERT INTO STUDENTS (GPA, ID, NAME) VALUES ('QQQQQQQQQQQQQQQQQQQQ', 95, 'QQQQQQQQQQQQQQQQQQQQ');
INSERT INTO STUDENTS (GPA, ID, NAME) VALUES ('RRRRRRRRRRRRRRRRRRRRR', 96, 'RRRRRRRRRRRRRRRRRRRRR');
INSERT INTO STUDENTS (GPA, ID, NAME) VALUES ('SSSSSSSSSSSSSSSSSSSSSS', 97, 'SSSSSSSSSSSSSSSSSSSSSS');
INSERT INTO STUDENTS (GPA, ID, NAME) VALUES ('TTTTTTTTTTTTTTTTTTTTTTT', 98, 'TTTTTTTTTTTTTTTTTTTTTTT');
INSERT INTO STUDENTS (GPA, ID, NAME) VALUES ('UUUUUUUUUUUUUUUUUUUUUUUU', 99, 'UUUUUUUUUUUUUUUUUUUUUUUU');
INSERT INTO STUDENTS (GPA, ID, NAME) VALUES ('VVVVVVVVVVVVVVVVVVVVVVVVV', 100, 'VVVVVVVVVVVVVVVVVVVVVVVVV');
/* ------------- TABLE_ ---------------- */ 

INSERT INTO TABLE_ (JOB_ID, EMPLOYEE_ID, EMAIL, NAME) VALUES (1, 1, 'AAA1@company.com', 'A');
INSERT INTO TABLE_ (JOB_ID, EMPLOYEE_ID, EMAIL, NAME) VALUES (2, 2, 'BBB2@company.com', 'B');
INSERT INTO TABLE_ (JOB_ID, EMPLOYEE_ID, EMAIL, NAME) VALUES (3, 3, 'CCC3@company.com', 'C');
INSERT INTO TABLE_ (JOB_ID, EMPLOYEE_ID, EMAIL, NAME) VALUES (4, 4, 'DDD4@company.com', 'D');
INSERT INTO TABLE_ (JOB_ID, EMPLOYEE_ID, EMAIL, NAME) VALUES (5, 5, 'EEE5@company.com', 'E');
INSERT INTO TABLE_ (JOB_ID, EMPLOYEE_ID, EMAIL, NAME) VALUES (6, 6, 'FFF6@company.com', 'F');
INSERT INTO TABLE_ (JOB_ID, EMPLOYEE_ID, EMAIL, NAME) VALUES (7, 7, 'GGG7@company.com', 'G');
INSERT INTO TABLE_ (JOB_ID, EMPLOYEE_ID, EMAIL, NAME) VALUES (8, 8, 'HHH8@company.com', 'H');
INSERT INTO TABLE_ (JOB_ID, EMPLOYEE_ID, EMAIL, NAME) VALUES (9, 9, 'III9@company.com', 'I');
INSERT INTO TABLE_ (JOB_ID, EMPLOYEE_ID, EMAIL, NAME) VALUES (10, 10, 'JJJ10@company.com', 'J');
INSERT INTO TABLE_ (JOB_ID, EMPLOYEE_ID, EMAIL, NAME) VALUES (11, 11, 'KKK11@company.com', 'K');
INSERT INTO TABLE_ (JOB_ID, EMPLOYEE_ID, EMAIL, NAME) VALUES (12, 12, 'LLL12@company.com', 'L');
INSERT INTO TABLE_ (JOB_ID, EMPLOYEE_ID, EMAIL, NAME) VALUES (13, 13, 'MMM13@company.com', 'M');
INSERT INTO TABLE_ (JOB_ID, EMPLOYEE_ID, EMAIL, NAME) VALUES (14, 14, 'NNN14@company.com', 'N');
INSERT INTO TABLE_ (JOB_ID, EMPLOYEE_ID, EMAIL, NAME) VALUES (15, 15, 'OOO15@company.com', 'O');
INSERT INTO TABLE_ (JOB_ID, EMPLOYEE_ID, EMAIL, NAME) VALUES (16, 16, 'PPP16@company.com', 'P');
INSERT INTO TABLE_ (JOB_ID, EMPLOYEE_ID, EMAIL, NAME) VALUES (17, 17, 'QQQ17@company.com', 'Q');
INSERT INTO TABLE_ (JOB_ID, EMPLOYEE_ID, EMAIL, NAME) VALUES (18, 18, 'RRR18@company.com', 'R');
INSERT INTO TABLE_ (JOB_ID, EMPLOYEE_ID, EMAIL, NAME) VALUES (19, 19, 'SSS19@company.com', 'S');
INSERT INTO TABLE_ (JOB_ID, EMPLOYEE_ID, EMAIL, NAME) VALUES (20, 20, 'TTT20@company.com', 'T');
INSERT INTO TABLE_ (JOB_ID, EMPLOYEE_ID, EMAIL, NAME) VALUES (21, 21, 'UUU21@company.com', 'U');
INSERT INTO TABLE_ (JOB_ID, EMPLOYEE_ID, EMAIL, NAME) VALUES (22, 22, 'VVV22@company.com', 'V');
INSERT INTO TABLE_ (JOB_ID, EMPLOYEE_ID, EMAIL, NAME) VALUES (23, 23, 'WWW23@company.com', 'W');
INSERT INTO TABLE_ (JOB_ID, EMPLOYEE_ID, EMAIL, NAME) VALUES (24, 24, 'XXX24@company.com', 'X');
INSERT INTO TABLE_ (JOB_ID, EMPLOYEE_ID, EMAIL, NAME) VALUES (25, 25, 'YYY25@company.com', 'Y');
INSERT INTO TABLE_ (JOB_ID, EMPLOYEE_ID, EMAIL, NAME) VALUES (26, 26, 'ZZZ26@company.com', 'Z');
INSERT INTO TABLE_ (JOB_ID, EMPLOYEE_ID, EMAIL, NAME) VALUES (27, 27, 'AAA27@company.com', 'AA');
INSERT INTO TABLE_ (JOB_ID, EMPLOYEE_ID, EMAIL, NAME) VALUES (28, 28, 'BBB28@company.com', 'BBB');
INSERT INTO TABLE_ (JOB_ID, EMPLOYEE_ID, EMAIL, NAME) VALUES (29, 29, 'CCC29@company.com', 'CCCC');
INSERT INTO TABLE_ (JOB_ID, EMPLOYEE_ID, EMAIL, NAME) VALUES (30, 30, 'DDD30@company.com', 'DDDDD');
INSERT INTO TABLE_ (JOB_ID, EMPLOYEE_ID, EMAIL, NAME) VALUES (31, 31, 'EEE31@company.com', 'EEEEEE');
INSERT INTO TABLE_ (JOB_ID, EMPLOYEE_ID, EMAIL, NAME) VALUES (32, 32, 'FFF32@company.com', 'FFFFFFF');
INSERT INTO TABLE_ (JOB_ID, EMPLOYEE_ID, EMAIL, NAME) VALUES (33, 33, 'GGG33@company.com', 'GGGGGGGG');
INSERT INTO TABLE_ (JOB_ID, EMPLOYEE_ID, EMAIL, NAME) VALUES (34, 34, 'HHH34@company.com', 'HHHHHHHHH');
INSERT INTO TABLE_ (JOB_ID, EMPLOYEE_ID, EMAIL, NAME) VALUES (35, 35, 'III35@company.com', 'IIIIIIIIII');
INSERT INTO TABLE_ (JOB_ID, EMPLOYEE_ID, EMAIL, NAME) VALUES (36, 36, 'JJJ36@company.com', 'JJJJJJJJJJJ');
INSERT INTO TABLE_ (JOB_ID, EMPLOYEE_ID, EMAIL, NAME) VALUES (37, 37, 'KKK37@company.com', 'KKKKKKKKKKKK');
INSERT INTO TABLE_ (JOB_ID, EMPLOYEE_ID, EMAIL, NAME) VALUES (38, 38, 'LLL38@company.com', 'LLLLLLLLLLLLL');
INSERT INTO TABLE_ (JOB_ID, EMPLOYEE_ID, EMAIL, NAME) VALUES (39, 39, 'MMM39@company.com', 'MMMMMMMMMMMMMM');
INSERT INTO TABLE_ (JOB_ID, EMPLOYEE_ID, EMAIL, NAME) VALUES (40, 40, 'NNN40@company.com', 'NNNNNNNNNNNNNNN');
INSERT INTO TABLE_ (JOB_ID, EMPLOYEE_ID, EMAIL, NAME) VALUES (41, 41, 'OOO41@company.com', 'OOOOOOOOOOOOOOOO');
INSERT INTO TABLE_ (JOB_ID, EMPLOYEE_ID, EMAIL, NAME) VALUES (42, 42, 'PPP42@company.com', 'PPPPPPPPPPPPPPPPP');
INSERT INTO TABLE_ (JOB_ID, EMPLOYEE_ID, EMAIL, NAME) VALUES (43, 43, 'QQQ43@company.com', 'QQQQQQQQQQQQQQQQQQ');
INSERT INTO TABLE_ (JOB_ID, EMPLOYEE_ID, EMAIL, NAME) VALUES (44, 44, 'RRR44@company.com', 'RRRRRRRRRRRRRRRRRRR');
INSERT INTO TABLE_ (JOB_ID, EMPLOYEE_ID, EMAIL, NAME) VALUES (45, 45, 'SSS45@company.com', 'SSSSSSSSSSSSSSSSSSSS');
INSERT INTO TABLE_ (JOB_ID, EMPLOYEE_ID, EMAIL, NAME) VALUES (46, 46, 'TTT46@company.com', 'TTTTTTTTTTTTTTTTTTTTT');
INSERT INTO TABLE_ (JOB_ID, EMPLOYEE_ID, EMAIL, NAME) VALUES (47, 47, 'UUU47@company.com', 'UUUUUUUUUUUUUUUUUUUUUU');
INSERT INTO TABLE_ (JOB_ID, EMPLOYEE_ID, EMAIL, NAME) VALUES (48, 48, 'VVV48@company.com', 'VVVVVVVVVVVVVVVVVVVVVVV');
INSERT INTO TABLE_ (JOB_ID, EMPLOYEE_ID, EMAIL, NAME) VALUES (49, 49, 'WWW49@company.com', 'WWWWWWWWWWWWWWWWWWWWWWWW');
INSERT INTO TABLE_ (JOB_ID, EMPLOYEE_ID, EMAIL, NAME) VALUES (50, 50, 'XXX50@company.com', 'XXXXXXXXXXXXXXXXXXXXXXXXX');
INSERT INTO TABLE_ (JOB_ID, EMPLOYEE_ID, EMAIL, NAME) VALUES (51, 51, 'YYY51@company.com', 'YYYYYYYYYYYYYYYYYYYYYYYYYY');
INSERT INTO TABLE_ (JOB_ID, EMPLOYEE_ID, EMAIL, NAME) VALUES (52, 52, 'AAA52@company.com', 'AA_');
INSERT INTO TABLE_ (JOB_ID, EMPLOYEE_ID, EMAIL, NAME) VALUES (53, 53, 'AAA53@company.com', 'AAA');
INSERT INTO TABLE_ (JOB_ID, EMPLOYEE_ID, EMAIL, NAME) VALUES (54, 54, 'BBB54@company.com', 'BBBB');
INSERT INTO TABLE_ (JOB_ID, EMPLOYEE_ID, EMAIL, NAME) VALUES (55, 55, 'CCC55@company.com', 'CCCCC');
INSERT INTO TABLE_ (JOB_ID, EMPLOYEE_ID, EMAIL, NAME) VALUES (56, 56, 'DDD56@company.com', 'DDDDDD');
INSERT INTO TABLE_ (JOB_ID, EMPLOYEE_ID, EMAIL, NAME) VALUES (57, 57, 'EEE57@company.com', 'EEEEEEE');
INSERT INTO TABLE_ (JOB_ID, EMPLOYEE_ID, EMAIL, NAME) VALUES (58, 58, 'FFF58@company.com', 'FFFFFFFF');
INSERT INTO TABLE_ (JOB_ID, EMPLOYEE_ID, EMAIL, NAME) VALUES (59, 59, 'GGG59@company.com', 'GGGGGGGGG');
INSERT INTO TABLE_ (JOB_ID, EMPLOYEE_ID, EMAIL, NAME) VALUES (60, 60, 'HHH60@company.com', 'HHHHHHHHHH');
INSERT INTO TABLE_ (JOB_ID, EMPLOYEE_ID, EMAIL, NAME) VALUES (61, 61, 'III61@company.com', 'IIIIIIIIIII');
INSERT INTO TABLE_ (JOB_ID, EMPLOYEE_ID, EMAIL, NAME) VALUES (62, 62, 'JJJ62@company.com', 'JJJJJJJJJJJJ');
INSERT INTO TABLE_ (JOB_ID, EMPLOYEE_ID, EMAIL, NAME) VALUES (63, 63, 'KKK63@company.com', 'KKKKKKKKKKKKK');
INSERT INTO TABLE_ (JOB_ID, EMPLOYEE_ID, EMAIL, NAME) VALUES (64, 64, 'LLL64@company.com', 'LLLLLLLLLLLLLL');
INSERT INTO TABLE_ (JOB_ID, EMPLOYEE_ID, EMAIL, NAME) VALUES (65, 65, 'MMM65@company.com', 'MMMMMMMMMMMMMMM');
INSERT INTO TABLE_ (JOB_ID, EMPLOYEE_ID, EMAIL, NAME) VALUES (66, 66, 'NNN66@company.com', 'NNNNNNNNNNNNNNNN');
INSERT INTO TABLE_ (JOB_ID, EMPLOYEE_ID, EMAIL, NAME) VALUES (67, 67, 'OOO67@company.com', 'OOOOOOOOOOOOOOOOO');
INSERT INTO TABLE_ (JOB_ID, EMPLOYEE_ID, EMAIL, NAME) VALUES (68, 68, 'PPP68@company.com', 'PPPPPPPPPPPPPPPPPP');
INSERT INTO TABLE_ (JOB_ID, EMPLOYEE_ID, EMAIL, NAME) VALUES (69, 69, 'QQQ69@company.com', 'QQQQQQQQQQQQQQQQQQQ');
INSERT INTO TABLE_ (JOB_ID, EMPLOYEE_ID, EMAIL, NAME) VALUES (70, 70, 'RRR70@company.com', 'RRRRRRRRRRRRRRRRRRRR');
INSERT INTO TABLE_ (JOB_ID, EMPLOYEE_ID, EMAIL, NAME) VALUES (71, 71, 'SSS71@company.com', 'SSSSSSSSSSSSSSSSSSSSS');
INSERT INTO TABLE_ (JOB_ID, EMPLOYEE_ID, EMAIL, NAME) VALUES (72, 72, 'TTT72@company.com', 'TTTTTTTTTTTTTTTTTTTTTT');
INSERT INTO TABLE_ (JOB_ID, EMPLOYEE_ID, EMAIL, NAME) VALUES (73, 73, 'UUU73@company.com', 'UUUUUUUUUUUUUUUUUUUUUUU');
INSERT INTO TABLE_ (JOB_ID, EMPLOYEE_ID, EMAIL, NAME) VALUES (74, 74, 'VVV74@company.com', 'VVVVVVVVVVVVVVVVVVVVVVVV');
INSERT INTO TABLE_ (JOB_ID, EMPLOYEE_ID, EMAIL, NAME) VALUES (75, 75, 'WWW75@company.com', 'WWWWWWWWWWWWWWWWWWWWWWWWW');
INSERT INTO TABLE_ (JOB_ID, EMPLOYEE_ID, EMAIL, NAME) VALUES (76, 76, 'XXX76@company.com', 'XXXXXXXXXXXXXXXXXXXXXXXXXX');
INSERT INTO TABLE_ (JOB_ID, EMPLOYEE_ID, EMAIL, NAME) VALUES (77, 77, 'YYY77@company.com', 'YYYYYYYYYYYYYYYYYYYYYYYYYYY');
INSERT INTO TABLE_ (JOB_ID, EMPLOYEE_ID, EMAIL, NAME) VALUES (78, 78, 'AAA78@company.com', 'AAA_');
INSERT INTO TABLE_ (JOB_ID, EMPLOYEE_ID, EMAIL, NAME) VALUES (79, 79, 'AAA79@company.com', 'AAAA');
INSERT INTO TABLE_ (JOB_ID, EMPLOYEE_ID, EMAIL, NAME) VALUES (80, 80, 'BBB80@company.com', 'BBBBB');
INSERT INTO TABLE_ (JOB_ID, EMPLOYEE_ID, EMAIL, NAME) VALUES (81, 81, 'CCC81@company.com', 'CCCCCC');
INSERT INTO TABLE_ (JOB_ID, EMPLOYEE_ID, EMAIL, NAME) VALUES (82, 82, 'DDD82@company.com', 'DDDDDDD');
INSERT INTO TABLE_ (JOB_ID, EMPLOYEE_ID, EMAIL, NAME) VALUES (83, 83, 'EEE83@company.com', 'EEEEEEEE');
INSERT INTO TABLE_ (JOB_ID, EMPLOYEE_ID, EMAIL, NAME) VALUES (84, 84, 'FFF84@company.com', 'FFFFFFFFF');
INSERT INTO TABLE_ (JOB_ID, EMPLOYEE_ID, EMAIL, NAME) VALUES (85, 85, 'GGG85@company.com', 'GGGGGGGGGG');
INSERT INTO TABLE_ (JOB_ID, EMPLOYEE_ID, EMAIL, NAME) VALUES (86, 86, 'HHH86@company.com', 'HHHHHHHHHHH');
INSERT INTO TABLE_ (JOB_ID, EMPLOYEE_ID, EMAIL, NAME) VALUES (87, 87, 'III87@company.com', 'IIIIIIIIIIII');
INSERT INTO TABLE_ (JOB_ID, EMPLOYEE_ID, EMAIL, NAME) VALUES (88, 88, 'JJJ88@company.com', 'JJJJJJJJJJJJJ');
INSERT INTO TABLE_ (JOB_ID, EMPLOYEE_ID, EMAIL, NAME) VALUES (89, 89, 'KKK89@company.com', 'KKKKKKKKKKKKKK');
INSERT INTO TABLE_ (JOB_ID, EMPLOYEE_ID, EMAIL, NAME) VALUES (90, 90, 'LLL90@company.com', 'LLLLLLLLLLLLLLL');
INSERT INTO TABLE_ (JOB_ID, EMPLOYEE_ID, EMAIL, NAME) VALUES (91, 91, 'MMM91@company.com', 'MMMMMMMMMMMMMMMM');
INSERT INTO TABLE_ (JOB_ID, EMPLOYEE_ID, EMAIL, NAME) VALUES (92, 92, 'NNN92@company.com', 'NNNNNNNNNNNNNNNNN');
INSERT INTO TABLE_ (JOB_ID, EMPLOYEE_ID, EMAIL, NAME) VALUES (93, 93, 'OOO93@company.com', 'OOOOOOOOOOOOOOOOOO');
INSERT INTO TABLE_ (JOB_ID, EMPLOYEE_ID, EMAIL, NAME) VALUES (94, 94, 'PPP94@company.com', 'PPPPPPPPPPPPPPPPPPP');
INSERT INTO TABLE_ (JOB_ID, EMPLOYEE_ID, EMAIL, NAME) VALUES (95, 95, 'QQQ95@company.com', 'QQQQQQQQQQQQQQQQQQQQ');
INSERT INTO TABLE_ (JOB_ID, EMPLOYEE_ID, EMAIL, NAME) VALUES (96, 96, 'RRR96@company.com', 'RRRRRRRRRRRRRRRRRRRRR');
INSERT INTO TABLE_ (JOB_ID, EMPLOYEE_ID, EMAIL, NAME) VALUES (97, 97, 'SSS97@company.com', 'SSSSSSSSSSSSSSSSSSSSSS');
INSERT INTO TABLE_ (JOB_ID, EMPLOYEE_ID, EMAIL, NAME) VALUES (98, 98, 'TTT98@company.com', 'TTTTTTTTTTTTTTTTTTTTTTT');
INSERT INTO TABLE_ (JOB_ID, EMPLOYEE_ID, EMAIL, NAME) VALUES (99, 99, 'UUU99@company.com', 'UUUUUUUUUUUUUUUUUUUUUUUU');
INSERT INTO TABLE_ (JOB_ID, EMPLOYEE_ID, EMAIL, NAME) VALUES (100, 100, 'VVV100@company.com', 'VVVVVVVVVVVVVVVVVVVVVVVVV');
/* ------------- TOPSCHOOLS ---------------- */ 
INSERT INTO TOPSCHOOLS (ID, TEACHERS, NAME) VALUES (1, 'A', 'A');
INSERT INTO TOPSCHOOLS (ID, TEACHERS, NAME) VALUES (2, 'B', 'B');
INSERT INTO TOPSCHOOLS (ID, TEACHERS, NAME) VALUES (3, 'C', 'C');
INSERT INTO TOPSCHOOLS (ID, TEACHERS, NAME) VALUES (4, 'D', 'D');
INSERT INTO TOPSCHOOLS (ID, TEACHERS, NAME) VALUES (5, 'E', 'E');
INSERT INTO TOPSCHOOLS (ID, TEACHERS, NAME) VALUES (6, 'F', 'F');
INSERT INTO TOPSCHOOLS (ID, TEACHERS, NAME) VALUES (7, 'G', 'G');
INSERT INTO TOPSCHOOLS (ID, TEACHERS, NAME) VALUES (8, 'H', 'H');
INSERT INTO TOPSCHOOLS (ID, TEACHERS, NAME) VALUES (9, 'I', 'I');
INSERT INTO TOPSCHOOLS (ID, TEACHERS, NAME) VALUES (10, 'J', 'J');
INSERT INTO TOPSCHOOLS (ID, TEACHERS, NAME) VALUES (11, 'K', 'K');
INSERT INTO TOPSCHOOLS (ID, TEACHERS, NAME) VALUES (12, 'L', 'L');
INSERT INTO TOPSCHOOLS (ID, TEACHERS, NAME) VALUES (13, 'M', 'M');
INSERT INTO TOPSCHOOLS (ID, TEACHERS, NAME) VALUES (14, 'N', 'N');
INSERT INTO TOPSCHOOLS (ID, TEACHERS, NAME) VALUES (15, 'O', 'O');
INSERT INTO TOPSCHOOLS (ID, TEACHERS, NAME) VALUES (16, 'P', 'P');
INSERT INTO TOPSCHOOLS (ID, TEACHERS, NAME) VALUES (17, 'Q', 'Q');
INSERT INTO TOPSCHOOLS (ID, TEACHERS, NAME) VALUES (18, 'R', 'R');
INSERT INTO TOPSCHOOLS (ID, TEACHERS, NAME) VALUES (19, 'S', 'S');
INSERT INTO TOPSCHOOLS (ID, TEACHERS, NAME) VALUES (20, 'T', 'T');
INSERT INTO TOPSCHOOLS (ID, TEACHERS, NAME) VALUES (21, 'U', 'U');
INSERT INTO TOPSCHOOLS (ID, TEACHERS, NAME) VALUES (22, 'V', 'V');
INSERT INTO TOPSCHOOLS (ID, TEACHERS, NAME) VALUES (23, 'W', 'W');
INSERT INTO TOPSCHOOLS (ID, TEACHERS, NAME) VALUES (24, 'X', 'X');
INSERT INTO TOPSCHOOLS (ID, TEACHERS, NAME) VALUES (25, 'Y', 'Y');
INSERT INTO TOPSCHOOLS (ID, TEACHERS, NAME) VALUES (26, 'Z', 'Z');
INSERT INTO TOPSCHOOLS (ID, TEACHERS, NAME) VALUES (27, 'AA', 'AA');
INSERT INTO TOPSCHOOLS (ID, TEACHERS, NAME) VALUES (28, 'BBB', 'BBB');
INSERT INTO TOPSCHOOLS (ID, TEACHERS, NAME) VALUES (29, 'CCCC', 'CCCC');
INSERT INTO TOPSCHOOLS (ID, TEACHERS, NAME) VALUES (30, 'DDDDD', 'DDDDD');
INSERT INTO TOPSCHOOLS (ID, TEACHERS, NAME) VALUES (31, 'EEEEEE', 'EEEEEE');
INSERT INTO TOPSCHOOLS (ID, TEACHERS, NAME) VALUES (32, 'FFFFFFF', 'FFFFFFF');
INSERT INTO TOPSCHOOLS (ID, TEACHERS, NAME) VALUES (33, 'GGGGGGGG', 'GGGGGGGG');
INSERT INTO TOPSCHOOLS (ID, TEACHERS, NAME) VALUES (34, 'HHHHHHHHH', 'HHHHHHHHH');
INSERT INTO TOPSCHOOLS (ID, TEACHERS, NAME) VALUES (35, 'IIIIIIIIII', 'IIIIIIIIII');
INSERT INTO TOPSCHOOLS (ID, TEACHERS, NAME) VALUES (36, 'JJJJJJJJJJJ', 'JJJJJJJJJJJ');
INSERT INTO TOPSCHOOLS (ID, TEACHERS, NAME) VALUES (37, 'KKKKKKKKKKKK', 'KKKKKKKKKKKK');
INSERT INTO TOPSCHOOLS (ID, TEACHERS, NAME) VALUES (38, 'LLLLLLLLLLLLL', 'LLLLLLLLLLLLL');
INSERT INTO TOPSCHOOLS (ID, TEACHERS, NAME) VALUES (39, 'MMMMMMMMMMMMMM', 'MMMMMMMMMMMMMM');
INSERT INTO TOPSCHOOLS (ID, TEACHERS, NAME) VALUES (40, 'NNNNNNNNNNNNNNN', 'NNNNNNNNNNNNNNN');
INSERT INTO TOPSCHOOLS (ID, TEACHERS, NAME) VALUES (41, 'OOOOOOOOOOOOOOOO', 'OOOOOOOOOOOOOOOO');
INSERT INTO TOPSCHOOLS (ID, TEACHERS, NAME) VALUES (42, 'PPPPPPPPPPPPPPPPP', 'PPPPPPPPPPPPPPPPP');
INSERT INTO TOPSCHOOLS (ID, TEACHERS, NAME) VALUES (43, 'QQQQQQQQQQQQQQQQQQ', 'QQQQQQQQQQQQQQQQQQ');
INSERT INTO TOPSCHOOLS (ID, TEACHERS, NAME) VALUES (44, 'RRRRRRRRRRRRRRRRRRR', 'RRRRRRRRRRRRRRRRRRR');
INSERT INTO TOPSCHOOLS (ID, TEACHERS, NAME) VALUES (45, 'SSSSSSSSSSSSSSSSSSSS', 'SSSSSSSSSSSSSSSSSSSS');
INSERT INTO TOPSCHOOLS (ID, TEACHERS, NAME) VALUES (46, 'TTTTTTTTTTTTTTTTTTTTT', 'TTTTTTTTTTTTTTTTTTTTT');
INSERT INTO TOPSCHOOLS (ID, TEACHERS, NAME) VALUES (47, 'UUUUUUUUUUUUUUUUUUUUUU', 'UUUUUUUUUUUUUUUUUUUUUU');
INSERT INTO TOPSCHOOLS (ID, TEACHERS, NAME) VALUES (48, 'VVVVVVVVVVVVVVVVVVVVVVV', 'VVVVVVVVVVVVVVVVVVVVVVV');
INSERT INTO TOPSCHOOLS (ID, TEACHERS, NAME) VALUES (49, 'WWWWWWWWWWWWWWWWWWWWWWWW', 'WWWWWWWWWWWWWWWWWWWWWWWW');
INSERT INTO TOPSCHOOLS (ID, TEACHERS, NAME) VALUES (50, 'XXXXXXXXXXXXXXXXXXXXXXXXX', 'XXXXXXXXXXXXXXXXXXXXXXXXX');
INSERT INTO TOPSCHOOLS (ID, TEACHERS, NAME) VALUES (51, 'YYYYYYYYYYYYYYYYYYYYYYYYYY', 'YYYYYYYYYYYYYYYYYYYYYYYYYY');
INSERT INTO TOPSCHOOLS (ID, TEACHERS, NAME) VALUES (52, 'AA_', 'AA_');
INSERT INTO TOPSCHOOLS (ID, TEACHERS, NAME) VALUES (53, 'AAA', 'AAA');
INSERT INTO TOPSCHOOLS (ID, TEACHERS, NAME) VALUES (54, 'BBBB', 'BBBB');
INSERT INTO TOPSCHOOLS (ID, TEACHERS, NAME) VALUES (55, 'CCCCC', 'CCCCC');
INSERT INTO TOPSCHOOLS (ID, TEACHERS, NAME) VALUES (56, 'DDDDDD', 'DDDDDD');
INSERT INTO TOPSCHOOLS (ID, TEACHERS, NAME) VALUES (57, 'EEEEEEE', 'EEEEEEE');
INSERT INTO TOPSCHOOLS (ID, TEACHERS, NAME) VALUES (58, 'FFFFFFFF', 'FFFFFFFF');
INSERT INTO TOPSCHOOLS (ID, TEACHERS, NAME) VALUES (59, 'GGGGGGGGG', 'GGGGGGGGG');
INSERT INTO TOPSCHOOLS (ID, TEACHERS, NAME) VALUES (60, 'HHHHHHHHHH', 'HHHHHHHHHH');
INSERT INTO TOPSCHOOLS (ID, TEACHERS, NAME) VALUES (61, 'IIIIIIIIIII', 'IIIIIIIIIII');
INSERT INTO TOPSCHOOLS (ID, TEACHERS, NAME) VALUES (62, 'JJJJJJJJJJJJ', 'JJJJJJJJJJJJ');
INSERT INTO TOPSCHOOLS (ID, TEACHERS, NAME) VALUES (63, 'KKKKKKKKKKKKK', 'KKKKKKKKKKKKK');
INSERT INTO TOPSCHOOLS (ID, TEACHERS, NAME) VALUES (64, 'LLLLLLLLLLLLLL', 'LLLLLLLLLLLLLL');
INSERT INTO TOPSCHOOLS (ID, TEACHERS, NAME) VALUES (65, 'MMMMMMMMMMMMMMM', 'MMMMMMMMMMMMMMM');
INSERT INTO TOPSCHOOLS (ID, TEACHERS, NAME) VALUES (66, 'NNNNNNNNNNNNNNNN', 'NNNNNNNNNNNNNNNN');
INSERT INTO TOPSCHOOLS (ID, TEACHERS, NAME) VALUES (67, 'OOOOOOOOOOOOOOOOO', 'OOOOOOOOOOOOOOOOO');
INSERT INTO TOPSCHOOLS (ID, TEACHERS, NAME) VALUES (68, 'PPPPPPPPPPPPPPPPPP', 'PPPPPPPPPPPPPPPPPP');
INSERT INTO TOPSCHOOLS (ID, TEACHERS, NAME) VALUES (69, 'QQQQQQQQQQQQQQQQQQQ', 'QQQQQQQQQQQQQQQQQQQ');
INSERT INTO TOPSCHOOLS (ID, TEACHERS, NAME) VALUES (70, 'RRRRRRRRRRRRRRRRRRRR', 'RRRRRRRRRRRRRRRRRRRR');
INSERT INTO TOPSCHOOLS (ID, TEACHERS, NAME) VALUES (71, 'SSSSSSSSSSSSSSSSSSSSS', 'SSSSSSSSSSSSSSSSSSSSS');
INSERT INTO TOPSCHOOLS (ID, TEACHERS, NAME) VALUES (72, 'TTTTTTTTTTTTTTTTTTTTTT', 'TTTTTTTTTTTTTTTTTTTTTT');
INSERT INTO TOPSCHOOLS (ID, TEACHERS, NAME) VALUES (73, 'UUUUUUUUUUUUUUUUUUUUUUU', 'UUUUUUUUUUUUUUUUUUUUUUU');
INSERT INTO TOPSCHOOLS (ID, TEACHERS, NAME) VALUES (74, 'VVVVVVVVVVVVVVVVVVVVVVVV', 'VVVVVVVVVVVVVVVVVVVVVVVV');
INSERT INTO TOPSCHOOLS (ID, TEACHERS, NAME) VALUES (75, 'WWWWWWWWWWWWWWWWWWWWWWWWW', 'WWWWWWWWWWWWWWWWWWWWWWWWW');
INSERT INTO TOPSCHOOLS (ID, TEACHERS, NAME) VALUES (76, 'XXXXXXXXXXXXXXXXXXXXXXXXXX', 'XXXXXXXXXXXXXXXXXXXXXXXXXX');
INSERT INTO TOPSCHOOLS (ID, TEACHERS, NAME) VALUES (77, 'YYYYYYYYYYYYYYYYYYYYYYYYYYY', 'YYYYYYYYYYYYYYYYYYYYYYYYYYY');
INSERT INTO TOPSCHOOLS (ID, TEACHERS, NAME) VALUES (78, 'AAA_', 'AAA_');
INSERT INTO TOPSCHOOLS (ID, TEACHERS, NAME) VALUES (79, 'AAAA', 'AAAA');
INSERT INTO TOPSCHOOLS (ID, TEACHERS, NAME) VALUES (80, 'BBBBB', 'BBBBB');
INSERT INTO TOPSCHOOLS (ID, TEACHERS, NAME) VALUES (81, 'CCCCCC', 'CCCCCC');
INSERT INTO TOPSCHOOLS (ID, TEACHERS, NAME) VALUES (82, 'DDDDDDD', 'DDDDDDD');
INSERT INTO TOPSCHOOLS (ID, TEACHERS, NAME) VALUES (83, 'EEEEEEEE', 'EEEEEEEE');
INSERT INTO TOPSCHOOLS (ID, TEACHERS, NAME) VALUES (84, 'FFFFFFFFF', 'FFFFFFFFF');
INSERT INTO TOPSCHOOLS (ID, TEACHERS, NAME) VALUES (85, 'GGGGGGGGGG', 'GGGGGGGGGG');
INSERT INTO TOPSCHOOLS (ID, TEACHERS, NAME) VALUES (86, 'HHHHHHHHHHH', 'HHHHHHHHHHH');
INSERT INTO TOPSCHOOLS (ID, TEACHERS, NAME) VALUES (87, 'IIIIIIIIIIII', 'IIIIIIIIIIII');
INSERT INTO TOPSCHOOLS (ID, TEACHERS, NAME) VALUES (88, 'JJJJJJJJJJJJJ', 'JJJJJJJJJJJJJ');
INSERT INTO TOPSCHOOLS (ID, TEACHERS, NAME) VALUES (89, 'KKKKKKKKKKKKKK', 'KKKKKKKKKKKKKK');
INSERT INTO TOPSCHOOLS (ID, TEACHERS, NAME) VALUES (90, 'LLLLLLLLLLLLLLL', 'LLLLLLLLLLLLLLL');
INSERT INTO TOPSCHOOLS (ID, TEACHERS, NAME) VALUES (91, 'MMMMMMMMMMMMMMMM', 'MMMMMMMMMMMMMMMM');
INSERT INTO TOPSCHOOLS (ID, TEACHERS, NAME) VALUES (92, 'NNNNNNNNNNNNNNNNN', 'NNNNNNNNNNNNNNNNN');
INSERT INTO TOPSCHOOLS (ID, TEACHERS, NAME) VALUES (93, 'OOOOOOOOOOOOOOOOOO', 'OOOOOOOOOOOOOOOOOO');
INSERT INTO TOPSCHOOLS (ID, TEACHERS, NAME) VALUES (94, 'PPPPPPPPPPPPPPPPPPP', 'PPPPPPPPPPPPPPPPPPP');
INSERT INTO TOPSCHOOLS (ID, TEACHERS, NAME) VALUES (95, 'QQQQQQQQQQQQQQQQQQQQ', 'QQQQQQQQQQQQQQQQQQQQ');
INSERT INTO TOPSCHOOLS (ID, TEACHERS, NAME) VALUES (96, 'RRRRRRRRRRRRRRRRRRRRR', 'RRRRRRRRRRRRRRRRRRRRR');
INSERT INTO TOPSCHOOLS (ID, TEACHERS, NAME) VALUES (97, 'SSSSSSSSSSSSSSSSSSSSSS', 'SSSSSSSSSSSSSSSSSSSSSS');
INSERT INTO TOPSCHOOLS (ID, TEACHERS, NAME) VALUES (98, 'TTTTTTTTTTTTTTTTTTTTTTT', 'TTTTTTTTTTTTTTTTTTTTTTT');
INSERT INTO TOPSCHOOLS (ID, TEACHERS, NAME) VALUES (99, 'UUUUUUUUUUUUUUUUUUUUUUUU', 'UUUUUUUUUUUUUUUUUUUUUUUU');
INSERT INTO TOPSCHOOLS (ID, TEACHERS, NAME) VALUES (100, 'VVVVVVVVVVVVVVVVVVVVVVVVV', 'VVVVVVVVVVVVVVVVVVVVVVVVV');
/* ------------- TRIPHISTORY ---------------- */ 

INSERT INTO TRIPHISTORY (DATE, CUSTOMERID, TOTALFARE, TRIPID, DRIVERID) VALUES ('1966-1-21', 1, 'A', 1, 1);
INSERT INTO TRIPHISTORY (DATE, CUSTOMERID, TOTALFARE, TRIPID, DRIVERID) VALUES ('1939-8-5', 2, 'B', 2, 2);
INSERT INTO TRIPHISTORY (DATE, CUSTOMERID, TOTALFARE, TRIPID, DRIVERID) VALUES ('1990-11-16', 3, 'C', 3, 3);
INSERT INTO TRIPHISTORY (DATE, CUSTOMERID, TOTALFARE, TRIPID, DRIVERID) VALUES ('1958-1-22', 4, 'D', 4, 4);
INSERT INTO TRIPHISTORY (DATE, CUSTOMERID, TOTALFARE, TRIPID, DRIVERID) VALUES ('1939-7-20', 5, 'E', 5, 5);
INSERT INTO TRIPHISTORY (DATE, CUSTOMERID, TOTALFARE, TRIPID, DRIVERID) VALUES ('2003-3-16', 6, 'F', 6, 6);
INSERT INTO TRIPHISTORY (DATE, CUSTOMERID, TOTALFARE, TRIPID, DRIVERID) VALUES ('1969-10-7', 7, 'G', 7, 7);
INSERT INTO TRIPHISTORY (DATE, CUSTOMERID, TOTALFARE, TRIPID, DRIVERID) VALUES ('1964-9-7', 8, 'H', 8, 8);
INSERT INTO TRIPHISTORY (DATE, CUSTOMERID, TOTALFARE, TRIPID, DRIVERID) VALUES ('1976-2-17', 9, 'I', 9, 9);
INSERT INTO TRIPHISTORY (DATE, CUSTOMERID, TOTALFARE, TRIPID, DRIVERID) VALUES ('1979-11-21', 10, 'J', 10, 10);
INSERT INTO TRIPHISTORY (DATE, CUSTOMERID, TOTALFARE, TRIPID, DRIVERID) VALUES ('1918-12-23', 11, 'K', 11, 11);
INSERT INTO TRIPHISTORY (DATE, CUSTOMERID, TOTALFARE, TRIPID, DRIVERID) VALUES ('1960-3-6', 12, 'L', 12, 12);
INSERT INTO TRIPHISTORY (DATE, CUSTOMERID, TOTALFARE, TRIPID, DRIVERID) VALUES ('1967-4-4', 13, 'M', 13, 13);
INSERT INTO TRIPHISTORY (DATE, CUSTOMERID, TOTALFARE, TRIPID, DRIVERID) VALUES ('1913-9-9', 14, 'N', 14, 14);
INSERT INTO TRIPHISTORY (DATE, CUSTOMERID, TOTALFARE, TRIPID, DRIVERID) VALUES ('2021-5-19', 15, 'O', 15, 15);
INSERT INTO TRIPHISTORY (DATE, CUSTOMERID, TOTALFARE, TRIPID, DRIVERID) VALUES ('2004-4-19', 16, 'P', 16, 16);
INSERT INTO TRIPHISTORY (DATE, CUSTOMERID, TOTALFARE, TRIPID, DRIVERID) VALUES ('1939-3-19', 17, 'Q', 17, 17);
INSERT INTO TRIPHISTORY (DATE, CUSTOMERID, TOTALFARE, TRIPID, DRIVERID) VALUES ('1965-6-9', 18, 'R', 18, 18);
INSERT INTO TRIPHISTORY (DATE, CUSTOMERID, TOTALFARE, TRIPID, DRIVERID) VALUES ('1915-5-22', 19, 'S', 19, 19);
INSERT INTO TRIPHISTORY (DATE, CUSTOMERID, TOTALFARE, TRIPID, DRIVERID) VALUES ('2000-7-20', 20, 'T', 20, 20);
INSERT INTO TRIPHISTORY (DATE, CUSTOMERID, TOTALFARE, TRIPID, DRIVERID) VALUES ('1943-4-22', 21, 'U', 21, 21);
INSERT INTO TRIPHISTORY (DATE, CUSTOMERID, TOTALFARE, TRIPID, DRIVERID) VALUES ('1999-1-3', 22, 'V', 22, 22);
INSERT INTO TRIPHISTORY (DATE, CUSTOMERID, TOTALFARE, TRIPID, DRIVERID) VALUES ('1939-4-22', 23, 'W', 23, 23);
INSERT INTO TRIPHISTORY (DATE, CUSTOMERID, TOTALFARE, TRIPID, DRIVERID) VALUES ('1963-3-6', 24, 'X', 24, 24);
INSERT INTO TRIPHISTORY (DATE, CUSTOMERID, TOTALFARE, TRIPID, DRIVERID) VALUES ('1993-10-9', 25, 'Y', 25, 25);
INSERT INTO TRIPHISTORY (DATE, CUSTOMERID, TOTALFARE, TRIPID, DRIVERID) VALUES ('2011-3-19', 26, 'Z', 26, 26);
INSERT INTO TRIPHISTORY (DATE, CUSTOMERID, TOTALFARE, TRIPID, DRIVERID) VALUES ('1918-4-16', 27, 'AA', 27, 27);
INSERT INTO TRIPHISTORY (DATE, CUSTOMERID, TOTALFARE, TRIPID, DRIVERID) VALUES ('1960-9-4', 28, 'BBB', 28, 28);
INSERT INTO TRIPHISTORY (DATE, CUSTOMERID, TOTALFARE, TRIPID, DRIVERID) VALUES ('1960-3-19', 29, 'CCCC', 29, 29);
INSERT INTO TRIPHISTORY (DATE, CUSTOMERID, TOTALFARE, TRIPID, DRIVERID) VALUES ('1945-3-16', 30, 'DDDDD', 30, 30);
INSERT INTO TRIPHISTORY (DATE, CUSTOMERID, TOTALFARE, TRIPID, DRIVERID) VALUES ('1957-8-17', 31, 'EEEEEE', 31, 31);
INSERT INTO TRIPHISTORY (DATE, CUSTOMERID, TOTALFARE, TRIPID, DRIVERID) VALUES ('1984-1-18', 32, 'FFFFFFF', 32, 32);
INSERT INTO TRIPHISTORY (DATE, CUSTOMERID, TOTALFARE, TRIPID, DRIVERID) VALUES ('1966-3-1', 33, 'GGGGGGGG', 33, 33);
INSERT INTO TRIPHISTORY (DATE, CUSTOMERID, TOTALFARE, TRIPID, DRIVERID) VALUES ('1973-10-26', 34, 'HHHHHHHHH', 34, 34);
INSERT INTO TRIPHISTORY (DATE, CUSTOMERID, TOTALFARE, TRIPID, DRIVERID) VALUES ('1913-9-17', 35, 'IIIIIIIIII', 35, 35);
INSERT INTO TRIPHISTORY (DATE, CUSTOMERID, TOTALFARE, TRIPID, DRIVERID) VALUES ('1997-12-22', 36, 'JJJJJJJJJJJ', 36, 36);
INSERT INTO TRIPHISTORY (DATE, CUSTOMERID, TOTALFARE, TRIPID, DRIVERID) VALUES ('1949-7-20', 37, 'KKKKKKKKKKKK', 37, 37);
INSERT INTO TRIPHISTORY (DATE, CUSTOMERID, TOTALFARE, TRIPID, DRIVERID) VALUES ('1948-10-28', 38, 'LLLLLLLLLLLLL', 38, 38);
INSERT INTO TRIPHISTORY (DATE, CUSTOMERID, TOTALFARE, TRIPID, DRIVERID) VALUES ('1945-1-9', 39, 'MMMMMMMMMMMMMM', 39, 39);
INSERT INTO TRIPHISTORY (DATE, CUSTOMERID, TOTALFARE, TRIPID, DRIVERID) VALUES ('1991-4-8', 40, 'NNNNNNNNNNNNNNN', 40, 40);
INSERT INTO TRIPHISTORY (DATE, CUSTOMERID, TOTALFARE, TRIPID, DRIVERID) VALUES ('1971-12-7', 41, 'OOOOOOOOOOOOOOOO', 41, 41);
INSERT INTO TRIPHISTORY (DATE, CUSTOMERID, TOTALFARE, TRIPID, DRIVERID) VALUES ('2012-1-25', 42, 'PPPPPPPPPPPPPPPPP', 42, 42);
INSERT INTO TRIPHISTORY (DATE, CUSTOMERID, TOTALFARE, TRIPID, DRIVERID) VALUES ('1973-9-23', 43, 'QQQQQQQQQQQQQQQQQQ', 43, 43);
INSERT INTO TRIPHISTORY (DATE, CUSTOMERID, TOTALFARE, TRIPID, DRIVERID) VALUES ('1916-4-3', 44, 'RRRRRRRRRRRRRRRRRRR', 44, 44);
INSERT INTO TRIPHISTORY (DATE, CUSTOMERID, TOTALFARE, TRIPID, DRIVERID) VALUES ('1971-7-2', 45, 'SSSSSSSSSSSSSSSSSSSS', 45, 45);
INSERT INTO TRIPHISTORY (DATE, CUSTOMERID, TOTALFARE, TRIPID, DRIVERID) VALUES ('1947-12-16', 46, 'TTTTTTTTTTTTTTTTTTTTT', 46, 46);
INSERT INTO TRIPHISTORY (DATE, CUSTOMERID, TOTALFARE, TRIPID, DRIVERID) VALUES ('1993-10-10', 47, 'UUUUUUUUUUUUUUUUUUUUUU', 47, 47);
INSERT INTO TRIPHISTORY (DATE, CUSTOMERID, TOTALFARE, TRIPID, DRIVERID) VALUES ('1935-2-14', 48, 'VVVVVVVVVVVVVVVVVVVVVVV', 48, 48);
INSERT INTO TRIPHISTORY (DATE, CUSTOMERID, TOTALFARE, TRIPID, DRIVERID) VALUES ('1900-10-6', 49, 'WWWWWWWWWWWWWWWWWWWWWWWW', 49, 49);
INSERT INTO TRIPHISTORY (DATE, CUSTOMERID, TOTALFARE, TRIPID, DRIVERID) VALUES ('1943-8-2', 50, 'XXXXXXXXXXXXXXXXXXXXXXXXX', 50, 50);
INSERT INTO TRIPHISTORY (DATE, CUSTOMERID, TOTALFARE, TRIPID, DRIVERID) VALUES ('1936-1-9', 51, 'YYYYYYYYYYYYYYYYYYYYYYYYYY', 51, 51);
INSERT INTO TRIPHISTORY (DATE, CUSTOMERID, TOTALFARE, TRIPID, DRIVERID) VALUES ('1903-6-1', 52, 'AA_', 52, 52);
INSERT INTO TRIPHISTORY (DATE, CUSTOMERID, TOTALFARE, TRIPID, DRIVERID) VALUES ('1994-10-8', 53, 'AAA', 53, 53);
INSERT INTO TRIPHISTORY (DATE, CUSTOMERID, TOTALFARE, TRIPID, DRIVERID) VALUES ('1907-3-6', 54, 'BBBB', 54, 54);
INSERT INTO TRIPHISTORY (DATE, CUSTOMERID, TOTALFARE, TRIPID, DRIVERID) VALUES ('1986-2-10', 55, 'CCCCC', 55, 55);
INSERT INTO TRIPHISTORY (DATE, CUSTOMERID, TOTALFARE, TRIPID, DRIVERID) VALUES ('1930-6-16', 56, 'DDDDDD', 56, 56);
INSERT INTO TRIPHISTORY (DATE, CUSTOMERID, TOTALFARE, TRIPID, DRIVERID) VALUES ('1959-4-17', 57, 'EEEEEEE', 57, 57);
INSERT INTO TRIPHISTORY (DATE, CUSTOMERID, TOTALFARE, TRIPID, DRIVERID) VALUES ('2006-11-13', 58, 'FFFFFFFF', 58, 58);
INSERT INTO TRIPHISTORY (DATE, CUSTOMERID, TOTALFARE, TRIPID, DRIVERID) VALUES ('1979-9-1', 59, 'GGGGGGGGG', 59, 59);
INSERT INTO TRIPHISTORY (DATE, CUSTOMERID, TOTALFARE, TRIPID, DRIVERID) VALUES ('2002-7-3', 60, 'HHHHHHHHHH', 60, 60);
INSERT INTO TRIPHISTORY (DATE, CUSTOMERID, TOTALFARE, TRIPID, DRIVERID) VALUES ('1973-9-2', 61, 'IIIIIIIIIII', 61, 61);
INSERT INTO TRIPHISTORY (DATE, CUSTOMERID, TOTALFARE, TRIPID, DRIVERID) VALUES ('1999-11-27', 62, 'JJJJJJJJJJJJ', 62, 62);
INSERT INTO TRIPHISTORY (DATE, CUSTOMERID, TOTALFARE, TRIPID, DRIVERID) VALUES ('2021-10-7', 63, 'KKKKKKKKKKKKK', 63, 63);
INSERT INTO TRIPHISTORY (DATE, CUSTOMERID, TOTALFARE, TRIPID, DRIVERID) VALUES ('2017-6-19', 64, 'LLLLLLLLLLLLLL', 64, 64);
INSERT INTO TRIPHISTORY (DATE, CUSTOMERID, TOTALFARE, TRIPID, DRIVERID) VALUES ('1927-9-4', 65, 'MMMMMMMMMMMMMMM', 65, 65);
INSERT INTO TRIPHISTORY (DATE, CUSTOMERID, TOTALFARE, TRIPID, DRIVERID) VALUES ('1980-11-21', 66, 'NNNNNNNNNNNNNNNN', 66, 66);
INSERT INTO TRIPHISTORY (DATE, CUSTOMERID, TOTALFARE, TRIPID, DRIVERID) VALUES ('1928-12-6', 67, 'OOOOOOOOOOOOOOOOO', 67, 67);
INSERT INTO TRIPHISTORY (DATE, CUSTOMERID, TOTALFARE, TRIPID, DRIVERID) VALUES ('1911-8-11', 68, 'PPPPPPPPPPPPPPPPPP', 68, 68);
INSERT INTO TRIPHISTORY (DATE, CUSTOMERID, TOTALFARE, TRIPID, DRIVERID) VALUES ('1981-8-13', 69, 'QQQQQQQQQQQQQQQQQQQ', 69, 69);
INSERT INTO TRIPHISTORY (DATE, CUSTOMERID, TOTALFARE, TRIPID, DRIVERID) VALUES ('1959-1-1', 70, 'RRRRRRRRRRRRRRRRRRRR', 70, 70);
INSERT INTO TRIPHISTORY (DATE, CUSTOMERID, TOTALFARE, TRIPID, DRIVERID) VALUES ('1922-10-13', 71, 'SSSSSSSSSSSSSSSSSSSSS', 71, 71);
INSERT INTO TRIPHISTORY (DATE, CUSTOMERID, TOTALFARE, TRIPID, DRIVERID) VALUES ('1900-10-11', 72, 'TTTTTTTTTTTTTTTTTTTTTT', 72, 72);
INSERT INTO TRIPHISTORY (DATE, CUSTOMERID, TOTALFARE, TRIPID, DRIVERID) VALUES ('1934-11-8', 73, 'UUUUUUUUUUUUUUUUUUUUUUU', 73, 73);
INSERT INTO TRIPHISTORY (DATE, CUSTOMERID, TOTALFARE, TRIPID, DRIVERID) VALUES ('1931-12-7', 74, 'VVVVVVVVVVVVVVVVVVVVVVVV', 74, 74);
INSERT INTO TRIPHISTORY (DATE, CUSTOMERID, TOTALFARE, TRIPID, DRIVERID) VALUES ('1966-9-24', 75, 'WWWWWWWWWWWWWWWWWWWWWWWWW', 75, 75);
INSERT INTO TRIPHISTORY (DATE, CUSTOMERID, TOTALFARE, TRIPID, DRIVERID) VALUES ('1955-9-9', 76, 'XXXXXXXXXXXXXXXXXXXXXXXXXX', 76, 76);
INSERT INTO TRIPHISTORY (DATE, CUSTOMERID, TOTALFARE, TRIPID, DRIVERID) VALUES ('1962-9-8', 77, 'YYYYYYYYYYYYYYYYYYYYYYYYYYY', 77, 77);
INSERT INTO TRIPHISTORY (DATE, CUSTOMERID, TOTALFARE, TRIPID, DRIVERID) VALUES ('1934-8-18', 78, 'AAA_', 78, 78);
INSERT INTO TRIPHISTORY (DATE, CUSTOMERID, TOTALFARE, TRIPID, DRIVERID) VALUES ('2007-10-26', 79, 'AAAA', 79, 79);
INSERT INTO TRIPHISTORY (DATE, CUSTOMERID, TOTALFARE, TRIPID, DRIVERID) VALUES ('1923-10-22', 80, 'BBBBB', 80, 80);
INSERT INTO TRIPHISTORY (DATE, CUSTOMERID, TOTALFARE, TRIPID, DRIVERID) VALUES ('1916-10-23', 81, 'CCCCCC', 81, 81);
INSERT INTO TRIPHISTORY (DATE, CUSTOMERID, TOTALFARE, TRIPID, DRIVERID) VALUES ('1969-8-3', 82, 'DDDDDDD', 82, 82);
INSERT INTO TRIPHISTORY (DATE, CUSTOMERID, TOTALFARE, TRIPID, DRIVERID) VALUES ('1919-7-11', 83, 'EEEEEEEE', 83, 83);
INSERT INTO TRIPHISTORY (DATE, CUSTOMERID, TOTALFARE, TRIPID, DRIVERID) VALUES ('2003-12-9', 84, 'FFFFFFFFF', 84, 84);
INSERT INTO TRIPHISTORY (DATE, CUSTOMERID, TOTALFARE, TRIPID, DRIVERID) VALUES ('1983-7-21', 85, 'GGGGGGGGGG', 85, 85);
INSERT INTO TRIPHISTORY (DATE, CUSTOMERID, TOTALFARE, TRIPID, DRIVERID) VALUES ('1970-4-18', 86, 'HHHHHHHHHHH', 86, 86);
INSERT INTO TRIPHISTORY (DATE, CUSTOMERID, TOTALFARE, TRIPID, DRIVERID) VALUES ('1968-10-18', 87, 'IIIIIIIIIIII', 87, 87);
INSERT INTO TRIPHISTORY (DATE, CUSTOMERID, TOTALFARE, TRIPID, DRIVERID) VALUES ('1916-6-6', 88, 'JJJJJJJJJJJJJ', 88, 88);
INSERT INTO TRIPHISTORY (DATE, CUSTOMERID, TOTALFARE, TRIPID, DRIVERID) VALUES ('1979-8-8', 89, 'KKKKKKKKKKKKKK', 89, 89);
INSERT INTO TRIPHISTORY (DATE, CUSTOMERID, TOTALFARE, TRIPID, DRIVERID) VALUES ('1901-9-19', 90, 'LLLLLLLLLLLLLLL', 90, 90);
INSERT INTO TRIPHISTORY (DATE, CUSTOMERID, TOTALFARE, TRIPID, DRIVERID) VALUES ('1960-1-22', 91, 'MMMMMMMMMMMMMMMM', 91, 91);
INSERT INTO TRIPHISTORY (DATE, CUSTOMERID, TOTALFARE, TRIPID, DRIVERID) VALUES ('1914-1-22', 92, 'NNNNNNNNNNNNNNNNN', 92, 92);
INSERT INTO TRIPHISTORY (DATE, CUSTOMERID, TOTALFARE, TRIPID, DRIVERID) VALUES ('1900-9-6', 93, 'OOOOOOOOOOOOOOOOOO', 93, 93);
INSERT INTO TRIPHISTORY (DATE, CUSTOMERID, TOTALFARE, TRIPID, DRIVERID) VALUES ('1905-11-18', 94, 'PPPPPPPPPPPPPPPPPPP', 94, 94);
INSERT INTO TRIPHISTORY (DATE, CUSTOMERID, TOTALFARE, TRIPID, DRIVERID) VALUES ('1914-12-24', 95, 'QQQQQQQQQQQQQQQQQQQQ', 95, 95);
INSERT INTO TRIPHISTORY (DATE, CUSTOMERID, TOTALFARE, TRIPID, DRIVERID) VALUES ('1909-12-10', 96, 'RRRRRRRRRRRRRRRRRRRRR', 96, 96);
INSERT INTO TRIPHISTORY (DATE, CUSTOMERID, TOTALFARE, TRIPID, DRIVERID) VALUES ('1989-6-18', 97, 'SSSSSSSSSSSSSSSSSSSSSS', 97, 97);
INSERT INTO TRIPHISTORY (DATE, CUSTOMERID, TOTALFARE, TRIPID, DRIVERID) VALUES ('2005-9-13', 98, 'TTTTTTTTTTTTTTTTTTTTTTT', 98, 98);
INSERT INTO TRIPHISTORY (DATE, CUSTOMERID, TOTALFARE, TRIPID, DRIVERID) VALUES ('1962-1-18', 99, 'UUUUUUUUUUUUUUUUUUUUUUUU', 99, 99);
INSERT INTO TRIPHISTORY (DATE, CUSTOMERID, TOTALFARE, TRIPID, DRIVERID) VALUES ('1937-7-9', 100, 'VVVVVVVVVVVVVVVVVVVVVVVVV', 100, 100);
/* ------------- TRIP_HISTORY ---------------- */ 
INSERT INTO TRIP_HISTORY (DATE, START_LOCATION, LOCATION_NAME, TRIPID) VALUES ('1966-1-21', 'A', 'A', 1);
INSERT INTO TRIP_HISTORY (DATE, START_LOCATION, LOCATION_NAME, TRIPID) VALUES ('1939-8-5', 'B', 'B', 2);
INSERT INTO TRIP_HISTORY (DATE, START_LOCATION, LOCATION_NAME, TRIPID) VALUES ('1990-11-16', 'C', 'C', 3);
INSERT INTO TRIP_HISTORY (DATE, START_LOCATION, LOCATION_NAME, TRIPID) VALUES ('1958-1-22', 'D', 'D', 4);
INSERT INTO TRIP_HISTORY (DATE, START_LOCATION, LOCATION_NAME, TRIPID) VALUES ('1939-7-20', 'E', 'E', 5);
INSERT INTO TRIP_HISTORY (DATE, START_LOCATION, LOCATION_NAME, TRIPID) VALUES ('2003-3-16', 'F', 'F', 6);
INSERT INTO TRIP_HISTORY (DATE, START_LOCATION, LOCATION_NAME, TRIPID) VALUES ('1969-10-7', 'G', 'G', 7);
INSERT INTO TRIP_HISTORY (DATE, START_LOCATION, LOCATION_NAME, TRIPID) VALUES ('1964-9-7', 'H', 'H', 8);
INSERT INTO TRIP_HISTORY (DATE, START_LOCATION, LOCATION_NAME, TRIPID) VALUES ('1976-2-17', 'I', 'I', 9);
INSERT INTO TRIP_HISTORY (DATE, START_LOCATION, LOCATION_NAME, TRIPID) VALUES ('1979-11-21', 'J', 'J', 10);
INSERT INTO TRIP_HISTORY (DATE, START_LOCATION, LOCATION_NAME, TRIPID) VALUES ('1918-12-23', 'K', 'K', 11);
INSERT INTO TRIP_HISTORY (DATE, START_LOCATION, LOCATION_NAME, TRIPID) VALUES ('1960-3-6', 'L', 'L', 12);
INSERT INTO TRIP_HISTORY (DATE, START_LOCATION, LOCATION_NAME, TRIPID) VALUES ('1967-4-4', 'M', 'M', 13);
INSERT INTO TRIP_HISTORY (DATE, START_LOCATION, LOCATION_NAME, TRIPID) VALUES ('1913-9-9', 'N', 'N', 14);
INSERT INTO TRIP_HISTORY (DATE, START_LOCATION, LOCATION_NAME, TRIPID) VALUES ('2021-5-19', 'O', 'O', 15);
INSERT INTO TRIP_HISTORY (DATE, START_LOCATION, LOCATION_NAME, TRIPID) VALUES ('2004-4-19', 'P', 'P', 16);
INSERT INTO TRIP_HISTORY (DATE, START_LOCATION, LOCATION_NAME, TRIPID) VALUES ('1939-3-19', 'Q', 'Q', 17);
INSERT INTO TRIP_HISTORY (DATE, START_LOCATION, LOCATION_NAME, TRIPID) VALUES ('1965-6-9', 'R', 'R', 18);
INSERT INTO TRIP_HISTORY (DATE, START_LOCATION, LOCATION_NAME, TRIPID) VALUES ('1915-5-22', 'S', 'S', 19);
INSERT INTO TRIP_HISTORY (DATE, START_LOCATION, LOCATION_NAME, TRIPID) VALUES ('2000-7-20', 'T', 'T', 20);
INSERT INTO TRIP_HISTORY (DATE, START_LOCATION, LOCATION_NAME, TRIPID) VALUES ('1943-4-22', 'U', 'U', 21);
INSERT INTO TRIP_HISTORY (DATE, START_LOCATION, LOCATION_NAME, TRIPID) VALUES ('1999-1-3', 'V', 'V', 22);
INSERT INTO TRIP_HISTORY (DATE, START_LOCATION, LOCATION_NAME, TRIPID) VALUES ('1939-4-22', 'W', 'W', 23);
INSERT INTO TRIP_HISTORY (DATE, START_LOCATION, LOCATION_NAME, TRIPID) VALUES ('1963-3-6', 'X', 'X', 24);
INSERT INTO TRIP_HISTORY (DATE, START_LOCATION, LOCATION_NAME, TRIPID) VALUES ('1993-10-9', 'Y', 'Y', 25);
INSERT INTO TRIP_HISTORY (DATE, START_LOCATION, LOCATION_NAME, TRIPID) VALUES ('2011-3-19', 'Z', 'Z', 26);
INSERT INTO TRIP_HISTORY (DATE, START_LOCATION, LOCATION_NAME, TRIPID) VALUES ('1918-4-16', 'AA', 'AA', 27);
INSERT INTO TRIP_HISTORY (DATE, START_LOCATION, LOCATION_NAME, TRIPID) VALUES ('1960-9-4', 'BBB', 'BBB', 28);
INSERT INTO TRIP_HISTORY (DATE, START_LOCATION, LOCATION_NAME, TRIPID) VALUES ('1960-3-19', 'CCCC', 'CCCC', 29);
INSERT INTO TRIP_HISTORY (DATE, START_LOCATION, LOCATION_NAME, TRIPID) VALUES ('1945-3-16', 'DDDDD', 'DDDDD', 30);
INSERT INTO TRIP_HISTORY (DATE, START_LOCATION, LOCATION_NAME, TRIPID) VALUES ('1957-8-17', 'EEEEEE', 'EEEEEE', 31);
INSERT INTO TRIP_HISTORY (DATE, START_LOCATION, LOCATION_NAME, TRIPID) VALUES ('1984-1-18', 'FFFFFFF', 'FFFFFFF', 32);
INSERT INTO TRIP_HISTORY (DATE, START_LOCATION, LOCATION_NAME, TRIPID) VALUES ('1966-3-1', 'GGGGGGGG', 'GGGGGGGG', 33);
INSERT INTO TRIP_HISTORY (DATE, START_LOCATION, LOCATION_NAME, TRIPID) VALUES ('1973-10-26', 'HHHHHHHHH', 'HHHHHHHHH', 34);
INSERT INTO TRIP_HISTORY (DATE, START_LOCATION, LOCATION_NAME, TRIPID) VALUES ('1913-9-17', 'IIIIIIIIII', 'IIIIIIIIII', 35);
INSERT INTO TRIP_HISTORY (DATE, START_LOCATION, LOCATION_NAME, TRIPID) VALUES ('1997-12-22', 'JJJJJJJJJJJ', 'JJJJJJJJJJJ', 36);
INSERT INTO TRIP_HISTORY (DATE, START_LOCATION, LOCATION_NAME, TRIPID) VALUES ('1949-7-20', 'KKKKKKKKKKKK', 'KKKKKKKKKKKK', 37);
INSERT INTO TRIP_HISTORY (DATE, START_LOCATION, LOCATION_NAME, TRIPID) VALUES ('1948-10-28', 'LLLLLLLLLLLLL', 'LLLLLLLLLLLLL', 38);
INSERT INTO TRIP_HISTORY (DATE, START_LOCATION, LOCATION_NAME, TRIPID) VALUES ('1945-1-9', 'MMMMMMMMMMMMMM', 'MMMMMMMMMMMMMM', 39);
INSERT INTO TRIP_HISTORY (DATE, START_LOCATION, LOCATION_NAME, TRIPID) VALUES ('1991-4-8', 'NNNNNNNNNNNNNNN', 'NNNNNNNNNNNNNNN', 40);
INSERT INTO TRIP_HISTORY (DATE, START_LOCATION, LOCATION_NAME, TRIPID) VALUES ('1971-12-7', 'OOOOOOOOOOOOOOOO', 'OOOOOOOOOOOOOOOO', 41);
INSERT INTO TRIP_HISTORY (DATE, START_LOCATION, LOCATION_NAME, TRIPID) VALUES ('2012-1-25', 'PPPPPPPPPPPPPPPPP', 'PPPPPPPPPPPPPPPPP', 42);
INSERT INTO TRIP_HISTORY (DATE, START_LOCATION, LOCATION_NAME, TRIPID) VALUES ('1973-9-23', 'QQQQQQQQQQQQQQQQQQ', 'QQQQQQQQQQQQQQQQQQ', 43);
INSERT INTO TRIP_HISTORY (DATE, START_LOCATION, LOCATION_NAME, TRIPID) VALUES ('1916-4-3', 'RRRRRRRRRRRRRRRRRRR', 'RRRRRRRRRRRRRRRRRRR', 44);
INSERT INTO TRIP_HISTORY (DATE, START_LOCATION, LOCATION_NAME, TRIPID) VALUES ('1971-7-2', 'SSSSSSSSSSSSSSSSSSSS', 'SSSSSSSSSSSSSSSSSSSS', 45);
INSERT INTO TRIP_HISTORY (DATE, START_LOCATION, LOCATION_NAME, TRIPID) VALUES ('1947-12-16', 'TTTTTTTTTTTTTTTTTTTTT', 'TTTTTTTTTTTTTTTTTTTTT', 46);
INSERT INTO TRIP_HISTORY (DATE, START_LOCATION, LOCATION_NAME, TRIPID) VALUES ('1993-10-10', 'UUUUUUUUUUUUUUUUUUUUUU', 'UUUUUUUUUUUUUUUUUUUUUU', 47);
INSERT INTO TRIP_HISTORY (DATE, START_LOCATION, LOCATION_NAME, TRIPID) VALUES ('1935-2-14', 'VVVVVVVVVVVVVVVVVVVVVVV', 'VVVVVVVVVVVVVVVVVVVVVVV', 48);
INSERT INTO TRIP_HISTORY (DATE, START_LOCATION, LOCATION_NAME, TRIPID) VALUES ('1900-10-6', 'WWWWWWWWWWWWWWWWWWWWWWWW', 'WWWWWWWWWWWWWWWWWWWWWWWW', 49);
INSERT INTO TRIP_HISTORY (DATE, START_LOCATION, LOCATION_NAME, TRIPID) VALUES ('1943-8-2', 'XXXXXXXXXXXXXXXXXXXXXXXXX', 'XXXXXXXXXXXXXXXXXXXXXXXXX', 50);
INSERT INTO TRIP_HISTORY (DATE, START_LOCATION, LOCATION_NAME, TRIPID) VALUES ('1936-1-9', 'YYYYYYYYYYYYYYYYYYYYYYYYYY', 'YYYYYYYYYYYYYYYYYYYYYYYYYY', 51);
INSERT INTO TRIP_HISTORY (DATE, START_LOCATION, LOCATION_NAME, TRIPID) VALUES ('1903-6-1', 'AA_', 'AA_', 52);
INSERT INTO TRIP_HISTORY (DATE, START_LOCATION, LOCATION_NAME, TRIPID) VALUES ('1994-10-8', 'AAA', 'AAA', 53);
INSERT INTO TRIP_HISTORY (DATE, START_LOCATION, LOCATION_NAME, TRIPID) VALUES ('1907-3-6', 'BBBB', 'BBBB', 54);
INSERT INTO TRIP_HISTORY (DATE, START_LOCATION, LOCATION_NAME, TRIPID) VALUES ('1986-2-10', 'CCCCC', 'CCCCC', 55);
INSERT INTO TRIP_HISTORY (DATE, START_LOCATION, LOCATION_NAME, TRIPID) VALUES ('1930-6-16', 'DDDDDD', 'DDDDDD', 56);
INSERT INTO TRIP_HISTORY (DATE, START_LOCATION, LOCATION_NAME, TRIPID) VALUES ('1959-4-17', 'EEEEEEE', 'EEEEEEE', 57);
INSERT INTO TRIP_HISTORY (DATE, START_LOCATION, LOCATION_NAME, TRIPID) VALUES ('2006-11-13', 'FFFFFFFF', 'FFFFFFFF', 58);
INSERT INTO TRIP_HISTORY (DATE, START_LOCATION, LOCATION_NAME, TRIPID) VALUES ('1979-9-1', 'GGGGGGGGG', 'GGGGGGGGG', 59);
INSERT INTO TRIP_HISTORY (DATE, START_LOCATION, LOCATION_NAME, TRIPID) VALUES ('2002-7-3', 'HHHHHHHHHH', 'HHHHHHHHHH', 60);
INSERT INTO TRIP_HISTORY (DATE, START_LOCATION, LOCATION_NAME, TRIPID) VALUES ('1973-9-2', 'IIIIIIIIIII', 'IIIIIIIIIII', 61);
INSERT INTO TRIP_HISTORY (DATE, START_LOCATION, LOCATION_NAME, TRIPID) VALUES ('1999-11-27', 'JJJJJJJJJJJJ', 'JJJJJJJJJJJJ', 62);
INSERT INTO TRIP_HISTORY (DATE, START_LOCATION, LOCATION_NAME, TRIPID) VALUES ('2021-10-7', 'KKKKKKKKKKKKK', 'KKKKKKKKKKKKK', 63);
INSERT INTO TRIP_HISTORY (DATE, START_LOCATION, LOCATION_NAME, TRIPID) VALUES ('2017-6-19', 'LLLLLLLLLLLLLL', 'LLLLLLLLLLLLLL', 64);
INSERT INTO TRIP_HISTORY (DATE, START_LOCATION, LOCATION_NAME, TRIPID) VALUES ('1927-9-4', 'MMMMMMMMMMMMMMM', 'MMMMMMMMMMMMMMM', 65);
INSERT INTO TRIP_HISTORY (DATE, START_LOCATION, LOCATION_NAME, TRIPID) VALUES ('1980-11-21', 'NNNNNNNNNNNNNNNN', 'NNNNNNNNNNNNNNNN', 66);
INSERT INTO TRIP_HISTORY (DATE, START_LOCATION, LOCATION_NAME, TRIPID) VALUES ('1928-12-6', 'OOOOOOOOOOOOOOOOO', 'OOOOOOOOOOOOOOOOO', 67);
INSERT INTO TRIP_HISTORY (DATE, START_LOCATION, LOCATION_NAME, TRIPID) VALUES ('1911-8-11', 'PPPPPPPPPPPPPPPPPP', 'PPPPPPPPPPPPPPPPPP', 68);
INSERT INTO TRIP_HISTORY (DATE, START_LOCATION, LOCATION_NAME, TRIPID) VALUES ('1981-8-13', 'QQQQQQQQQQQQQQQQQQQ', 'QQQQQQQQQQQQQQQQQQQ', 69);
INSERT INTO TRIP_HISTORY (DATE, START_LOCATION, LOCATION_NAME, TRIPID) VALUES ('1959-1-1', 'RRRRRRRRRRRRRRRRRRRR', 'RRRRRRRRRRRRRRRRRRRR', 70);
INSERT INTO TRIP_HISTORY (DATE, START_LOCATION, LOCATION_NAME, TRIPID) VALUES ('1922-10-13', 'SSSSSSSSSSSSSSSSSSSSS', 'SSSSSSSSSSSSSSSSSSSSS', 71);
INSERT INTO TRIP_HISTORY (DATE, START_LOCATION, LOCATION_NAME, TRIPID) VALUES ('1900-10-11', 'TTTTTTTTTTTTTTTTTTTTTT', 'TTTTTTTTTTTTTTTTTTTTTT', 72);
INSERT INTO TRIP_HISTORY (DATE, START_LOCATION, LOCATION_NAME, TRIPID) VALUES ('1934-11-8', 'UUUUUUUUUUUUUUUUUUUUUUU', 'UUUUUUUUUUUUUUUUUUUUUUU', 73);
INSERT INTO TRIP_HISTORY (DATE, START_LOCATION, LOCATION_NAME, TRIPID) VALUES ('1931-12-7', 'VVVVVVVVVVVVVVVVVVVVVVVV', 'VVVVVVVVVVVVVVVVVVVVVVVV', 74);
INSERT INTO TRIP_HISTORY (DATE, START_LOCATION, LOCATION_NAME, TRIPID) VALUES ('1966-9-24', 'WWWWWWWWWWWWWWWWWWWWWWWWW', 'WWWWWWWWWWWWWWWWWWWWWWWWW', 75);
INSERT INTO TRIP_HISTORY (DATE, START_LOCATION, LOCATION_NAME, TRIPID) VALUES ('1955-9-9', 'XXXXXXXXXXXXXXXXXXXXXXXXXX', 'XXXXXXXXXXXXXXXXXXXXXXXXXX', 76);
INSERT INTO TRIP_HISTORY (DATE, START_LOCATION, LOCATION_NAME, TRIPID) VALUES ('1962-9-8', 'YYYYYYYYYYYYYYYYYYYYYYYYYYY', 'YYYYYYYYYYYYYYYYYYYYYYYYYYY', 77);
INSERT INTO TRIP_HISTORY (DATE, START_LOCATION, LOCATION_NAME, TRIPID) VALUES ('1934-8-18', 'AAA_', 'AAA_', 78);
INSERT INTO TRIP_HISTORY (DATE, START_LOCATION, LOCATION_NAME, TRIPID) VALUES ('2007-10-26', 'AAAA', 'AAAA', 79);
INSERT INTO TRIP_HISTORY (DATE, START_LOCATION, LOCATION_NAME, TRIPID) VALUES ('1923-10-22', 'BBBBB', 'BBBBB', 80);
INSERT INTO TRIP_HISTORY (DATE, START_LOCATION, LOCATION_NAME, TRIPID) VALUES ('1916-10-23', 'CCCCCC', 'CCCCCC', 81);
INSERT INTO TRIP_HISTORY (DATE, START_LOCATION, LOCATION_NAME, TRIPID) VALUES ('1969-8-3', 'DDDDDDD', 'DDDDDDD', 82);
INSERT INTO TRIP_HISTORY (DATE, START_LOCATION, LOCATION_NAME, TRIPID) VALUES ('1919-7-11', 'EEEEEEEE', 'EEEEEEEE', 83);
INSERT INTO TRIP_HISTORY (DATE, START_LOCATION, LOCATION_NAME, TRIPID) VALUES ('2003-12-9', 'FFFFFFFFF', 'FFFFFFFFF', 84);
INSERT INTO TRIP_HISTORY (DATE, START_LOCATION, LOCATION_NAME, TRIPID) VALUES ('1983-7-21', 'GGGGGGGGGG', 'GGGGGGGGGG', 85);
INSERT INTO TRIP_HISTORY (DATE, START_LOCATION, LOCATION_NAME, TRIPID) VALUES ('1970-4-18', 'HHHHHHHHHHH', 'HHHHHHHHHHH', 86);
INSERT INTO TRIP_HISTORY (DATE, START_LOCATION, LOCATION_NAME, TRIPID) VALUES ('1968-10-18', 'IIIIIIIIIIII', 'IIIIIIIIIIII', 87);
INSERT INTO TRIP_HISTORY (DATE, START_LOCATION, LOCATION_NAME, TRIPID) VALUES ('1916-6-6', 'JJJJJJJJJJJJJ', 'JJJJJJJJJJJJJ', 88);
INSERT INTO TRIP_HISTORY (DATE, START_LOCATION, LOCATION_NAME, TRIPID) VALUES ('1979-8-8', 'KKKKKKKKKKKKKK', 'KKKKKKKKKKKKKK', 89);
INSERT INTO TRIP_HISTORY (DATE, START_LOCATION, LOCATION_NAME, TRIPID) VALUES ('1901-9-19', 'LLLLLLLLLLLLLLL', 'LLLLLLLLLLLLLLL', 90);
INSERT INTO TRIP_HISTORY (DATE, START_LOCATION, LOCATION_NAME, TRIPID) VALUES ('1960-1-22', 'MMMMMMMMMMMMMMMM', 'MMMMMMMMMMMMMMMM', 91);
INSERT INTO TRIP_HISTORY (DATE, START_LOCATION, LOCATION_NAME, TRIPID) VALUES ('1914-1-22', 'NNNNNNNNNNNNNNNNN', 'NNNNNNNNNNNNNNNNN', 92);
INSERT INTO TRIP_HISTORY (DATE, START_LOCATION, LOCATION_NAME, TRIPID) VALUES ('1900-9-6', 'OOOOOOOOOOOOOOOOOO', 'OOOOOOOOOOOOOOOOOO', 93);
INSERT INTO TRIP_HISTORY (DATE, START_LOCATION, LOCATION_NAME, TRIPID) VALUES ('1905-11-18', 'PPPPPPPPPPPPPPPPPPP', 'PPPPPPPPPPPPPPPPPPP', 94);
INSERT INTO TRIP_HISTORY (DATE, START_LOCATION, LOCATION_NAME, TRIPID) VALUES ('1914-12-24', 'QQQQQQQQQQQQQQQQQQQQ', 'QQQQQQQQQQQQQQQQQQQQ', 95);
INSERT INTO TRIP_HISTORY (DATE, START_LOCATION, LOCATION_NAME, TRIPID) VALUES ('1909-12-10', 'RRRRRRRRRRRRRRRRRRRRR', 'RRRRRRRRRRRRRRRRRRRRR', 96);
INSERT INTO TRIP_HISTORY (DATE, START_LOCATION, LOCATION_NAME, TRIPID) VALUES ('1989-6-18', 'SSSSSSSSSSSSSSSSSSSSSS', 'SSSSSSSSSSSSSSSSSSSSSS', 97);
INSERT INTO TRIP_HISTORY (DATE, START_LOCATION, LOCATION_NAME, TRIPID) VALUES ('2005-9-13', 'TTTTTTTTTTTTTTTTTTTTTTT', 'TTTTTTTTTTTTTTTTTTTTTTT', 98);
INSERT INTO TRIP_HISTORY (DATE, START_LOCATION, LOCATION_NAME, TRIPID) VALUES ('1962-1-18', 'UUUUUUUUUUUUUUUUUUUUUUUU', 'UUUUUUUUUUUUUUUUUUUUUUUU', 99);
INSERT INTO TRIP_HISTORY (DATE, START_LOCATION, LOCATION_NAME, TRIPID) VALUES ('1937-7-9', 'VVVVVVVVVVVVVVVVVVVVVVVVV', 'VVVVVVVVVVVVVVVVVVVVVVVVV', 100);
